timestamp,energy_demand_mw,temperature_c,solar_output_mw,is_weekend
2024-01-01 00:00:00,532.22,-0.23,0.0,0
2024-01-01 01:00:00,592.46,-2.0,0.0,0
2024-01-01 02:00:00,608.53,-0.6,0.0,0
2024-01-01 03:00:00,597.89,1.32,0.0,0
2024-01-01 04:00:00,693.92,-1.69,0.0,0
2024-01-01 05:00:00,699.47,-0.9,0.0,0
2024-01-01 06:00:00,669.5,3.76,0.0,0
2024-01-01 07:00:00,767.71,3.35,68.46,0
2024-01-01 08:00:00,839.92,2.17,129.3,0
2024-01-01 09:00:00,839.69,5.48,170.37,0
2024-01-01 10:00:00,857.46,4.68,239.48,0
2024-01-01 11:00:00,850.71,5.71,287.78,0
2024-01-01 12:00:00,867.96,7.92,287.29,0
2024-01-01 13:00:00,934.55,4.11,251.52,0
2024-01-01 14:00:00,918.06,4.65,237.83,0
2024-01-01 15:00:00,863.02,6.81,163.48,0
2024-01-01 16:00:00,785.51,5.41,145.2,0
2024-01-01 17:00:00,710.23,7.27,56.27,0
2024-01-01 18:00:00,734.53,3.79,0.0,0
2024-01-01 19:00:00,708.37,1.57,0.0,0
2024-01-01 20:00:00,609.64,6.04,0.0,0
2024-01-01 21:00:00,554.64,1.36,0.0,0
2024-01-01 22:00:00,557.72,0.74,0.0,0
2024-01-01 23:00:00,598.88,-3.28,0.0,0
2024-01-02 00:00:00,595.58,-2.34,0.0,0
2024-01-02 01:00:00,601.28,-1.53,0.0,0
2024-01-02 02:00:00,632.63,-4.22,0.0,0
2024-01-02 03:00:00,636.84,-1.0,0.0,0
2024-01-02 04:00:00,686.64,-2.45,0.0,0
2024-01-02 05:00:00,735.77,-1.04,0.0,0
2024-01-02 06:00:00,774.06,-0.62,0.0,0
2024-01-02 07:00:00,758.51,5.49,66.79,0
2024-01-02 08:00:00,822.77,3.05,122.76,0
2024-01-02 09:00:00,880.87,2.26,206.14,0
2024-01-02 10:00:00,873.08,7.22,190.91,0
2024-01-02 11:00:00,918.14,4.17,242.51,0
2024-01-02 12:00:00,891.25,7.83,296.39,0
2024-01-02 13:00:00,946.86,3.99,209.81,0
2024-01-02 14:00:00,885.6,5.42,221.67,0
2024-01-02 15:00:00,802.17,8.3,156.86,0
2024-01-02 16:00:00,793.23,8.89,111.44,0
2024-01-02 17:00:00,708.03,6.96,58.64,0
2024-01-02 18:00:00,679.48,5.35,0.0,0
2024-01-02 19:00:00,678.92,3.77,0.0,0
2024-01-02 20:00:00,671.69,0.12,0.0,0
2024-01-02 21:00:00,584.0,0.35,0.0,0
2024-01-02 22:00:00,580.64,-0.34,0.0,0
2024-01-02 23:00:00,535.08,1.66,0.0,0
2024-01-03 00:00:00,553.69,-0.59,0.0,0
2024-01-03 01:00:00,643.39,-5.3,0.0,0
2024-01-03 02:00:00,617.4,-1.29,0.0,0
2024-01-03 03:00:00,643.52,-2.54,0.0,0
2024-01-03 04:00:00,672.62,-2.63,0.0,0
2024-01-03 05:00:00,667.04,0.75,0.0,0
2024-01-03 06:00:00,769.31,2.62,0.0,0
2024-01-03 07:00:00,790.31,3.63,77.39,0
2024-01-03 08:00:00,828.54,1.38,149.74,0
2024-01-03 09:00:00,882.08,3.73,180.0,0
2024-01-03 10:00:00,869.25,6.22,221.77,0
2024-01-03 11:00:00,860.57,8.54,275.58,0
2024-01-03 12:00:00,906.59,6.43,255.49,0
2024-01-03 13:00:00,859.49,7.52,253.99,0
2024-01-03 14:00:00,866.16,5.84,190.41,0
2024-01-03 15:00:00,849.51,5.49,211.54,0
2024-01-03 16:00:00,757.39,9.01,106.07,0
2024-01-03 17:00:00,735.44,9.31,63.1,0
2024-01-03 18:00:00,752.59,5.41,0.0,0
2024-01-03 19:00:00,625.79,6.36,0.0,0
2024-01-03 20:00:00,580.57,3.78,0.0,0
2024-01-03 21:00:00,563.8,0.47,0.0,0
2024-01-03 22:00:00,570.23,1.28,0.0,0
2024-01-03 23:00:00,524.26,2.6,0.0,0
2024-01-04 00:00:00,578.82,-1.36,0.0,0
2024-01-04 01:00:00,556.74,1.34,0.0,0
2024-01-04 02:00:00,618.72,-7.2,0.0,0
2024-01-04 03:00:00,574.67,-0.15,0.0,0
2024-01-04 04:00:00,678.57,-1.12,0.0,0
2024-01-04 05:00:00,722.57,-1.09,0.0,0
2024-01-04 06:00:00,742.13,0.72,0.0,0
2024-01-04 07:00:00,792.64,-2.23,64.17,0
2024-01-04 08:00:00,845.79,2.6,107.22,0
2024-01-04 09:00:00,882.75,5.05,202.7,0
2024-01-04 10:00:00,855.21,8.49,182.37,0
2024-01-04 11:00:00,876.62,5.54,233.77,0
2024-01-04 12:00:00,903.59,5.75,248.93,0
2024-01-04 13:00:00,850.38,6.87,244.98,0
2024-01-04 14:00:00,860.96,9.87,257.96,0
2024-01-04 15:00:00,818.21,8.53,152.33,0
2024-01-04 16:00:00,752.7,6.31,121.02,0
2024-01-04 17:00:00,728.24,7.6,75.51,0
2024-01-04 18:00:00,714.25,5.73,0.0,0
2024-01-04 19:00:00,637.21,6.27,0.0,0
2024-01-04 20:00:00,636.75,1.63,0.0,0
2024-01-04 21:00:00,577.07,1.09,0.0,0
2024-01-04 22:00:00,603.41,-0.25,0.0,0
2024-01-04 23:00:00,584.84,-3.42,0.0,0
2024-01-05 00:00:00,513.23,-0.71,0.0,0
2024-01-05 01:00:00,570.37,-1.28,0.0,0
2024-01-05 02:00:00,630.98,-1.97,0.0,0
2024-01-05 03:00:00,631.65,-2.27,0.0,0
2024-01-05 04:00:00,744.82,-4.14,0.0,0
2024-01-05 05:00:00,732.49,-1.35,0.0,0
2024-01-05 06:00:00,770.08,-0.16,0.0,0
2024-01-05 07:00:00,807.3,0.13,54.44,0
2024-01-05 08:00:00,831.28,2.7,136.4,0
2024-01-05 09:00:00,843.57,5.13,156.23,0
2024-01-05 10:00:00,832.68,9.3,212.8,0
2024-01-05 11:00:00,897.37,6.91,250.39,0
2024-01-05 12:00:00,857.91,7.87,279.97,0
2024-01-05 13:00:00,849.24,7.7,225.59,0
2024-01-05 14:00:00,863.26,4.19,189.34,0
2024-01-05 15:00:00,874.56,7.8,197.16,0
2024-01-05 16:00:00,798.51,7.47,142.11,0
2024-01-05 17:00:00,704.51,11.49,61.43,0
2024-01-05 18:00:00,682.17,5.14,0.0,0
2024-01-05 19:00:00,674.61,4.92,0.0,0
2024-01-05 20:00:00,627.54,2.95,0.0,0
2024-01-05 21:00:00,630.01,-0.61,0.0,0
2024-01-05 22:00:00,534.28,2.81,0.0,0
2024-01-05 23:00:00,560.9,0.99,0.0,0
2024-01-06 00:00:00,426.76,0.26,0.0,1
2024-01-06 01:00:00,464.03,-3.64,0.0,1
2024-01-06 02:00:00,476.96,0.82,0.0,1
2024-01-06 03:00:00,506.34,-4.62,0.0,1
2024-01-06 04:00:00,555.56,-0.14,0.0,1
2024-01-06 05:00:00,566.77,3.86,0.0,1
2024-01-06 06:00:00,632.69,-1.47,0.0,1
2024-01-06 07:00:00,665.39,0.59,58.52,1
2024-01-06 08:00:00,702.3,3.21,113.41,1
2024-01-06 09:00:00,755.47,3.3,190.66,1
2024-01-06 10:00:00,785.27,2.41,184.67,1
2024-01-06 11:00:00,777.17,6.69,287.87,1
2024-01-06 12:00:00,831.89,5.22,230.82,1
2024-01-06 13:00:00,732.6,8.79,205.84,1
2024-01-06 14:00:00,708.59,6.17,233.39,1
2024-01-06 15:00:00,692.65,10.94,170.89,1
2024-01-06 16:00:00,724.32,5.78,124.7,1
2024-01-06 17:00:00,642.54,5.9,59.91,1
2024-01-06 18:00:00,541.41,7.14,0.0,1
2024-01-06 19:00:00,566.69,1.85,0.0,1
2024-01-06 20:00:00,477.36,3.47,0.0,1
2024-01-06 21:00:00,471.32,4.33,0.0,1
2024-01-06 22:00:00,460.03,-2.7,0.0,1
2024-01-06 23:00:00,440.85,-0.15,0.0,1
2024-01-07 00:00:00,422.94,-0.81,0.0,1
2024-01-07 01:00:00,452.59,-0.26,0.0,1
2024-01-07 02:00:00,502.32,-4.47,0.0,1
2024-01-07 03:00:00,547.65,-4.47,0.0,1
2024-01-07 04:00:00,543.37,-0.28,0.0,1
2024-01-07 05:00:00,562.93,0.06,0.0,1
2024-01-07 06:00:00,645.61,1.01,0.0,1
2024-01-07 07:00:00,666.51,2.4,62.51,1
2024-01-07 08:00:00,698.84,1.65,107.66,1
2024-01-07 09:00:00,789.81,4.76,166.73,1
2024-01-07 10:00:00,764.2,6.09,197.74,1
2024-01-07 11:00:00,778.23,5.11,211.14,1
2024-01-07 12:00:00,764.71,11.07,239.25,1
2024-01-07 13:00:00,791.41,8.78,264.55,1
2024-01-07 14:00:00,753.35,5.62,192.02,1
2024-01-07 15:00:00,698.63,9.15,164.56,1
2024-01-07 16:00:00,661.44,5.39,130.9,1
2024-01-07 17:00:00,606.94,8.11,61.09,1
2024-01-07 18:00:00,556.8,7.82,0.0,1
2024-01-07 19:00:00,566.28,2.66,0.0,1
2024-01-07 20:00:00,499.0,4.93,0.0,1
2024-01-07 21:00:00,487.21,2.54,0.0,1
2024-01-07 22:00:00,451.24,2.15,0.0,1
2024-01-07 23:00:00,383.92,3.26,0.0,1
2024-01-08 00:00:00,554.74,-1.82,0.0,0
2024-01-08 01:00:00,586.52,-3.34,0.0,0
2024-01-08 02:00:00,617.52,-3.78,0.0,0
2024-01-08 03:00:00,679.45,-3.46,0.0,0
2024-01-08 04:00:00,645.76,-1.48,0.0,0
2024-01-08 05:00:00,697.82,0.15,0.0,0
2024-01-08 06:00:00,773.28,1.05,0.0,0
2024-01-08 07:00:00,770.66,3.36,70.55,0
2024-01-08 08:00:00,841.24,3.03,129.82,0
2024-01-08 09:00:00,825.91,7.2,188.91,0
2024-01-08 10:00:00,889.91,4.97,183.2,0
2024-01-08 11:00:00,827.71,11.98,217.19,0
2024-01-08 12:00:00,890.85,8.58,256.83,0
2024-01-08 13:00:00,853.4,6.12,213.34,0
2024-01-08 14:00:00,865.53,5.86,232.71,0
2024-01-08 15:00:00,820.88,8.8,162.12,0
2024-01-08 16:00:00,804.5,6.88,139.93,0
2024-01-08 17:00:00,769.44,7.96,59.66,0
2024-01-08 18:00:00,685.75,6.45,0.0,0
2024-01-08 19:00:00,703.73,4.15,0.0,0
2024-01-08 20:00:00,630.45,1.31,0.0,0
2024-01-08 21:00:00,665.02,-1.32,0.0,0
2024-01-08 22:00:00,611.15,-0.39,0.0,0
2024-01-08 23:00:00,532.2,1.18,0.0,0
2024-01-09 00:00:00,576.69,-0.9,0.0,0
2024-01-09 01:00:00,608.74,-4.32,0.0,0
2024-01-09 02:00:00,618.97,-1.65,0.0,0
2024-01-09 03:00:00,623.59,-1.06,0.0,0
2024-01-09 04:00:00,683.3,-3.1,0.0,0
2024-01-09 05:00:00,744.74,-0.23,0.0,0
2024-01-09 06:00:00,751.37,0.62,0.0,0
2024-01-09 07:00:00,838.22,-0.58,63.42,0
2024-01-09 08:00:00,817.21,3.72,122.49,0
2024-01-09 09:00:00,888.93,5.42,165.27,0
2024-01-09 10:00:00,839.58,7.67,233.84,0
2024-01-09 11:00:00,851.4,8.64,228.88,0
2024-01-09 12:00:00,952.36,4.57,217.54,0
2024-01-09 13:00:00,882.52,5.95,288.83,0
2024-01-09 14:00:00,882.93,9.03,191.99,0
2024-01-09 15:00:00,835.14,8.86,198.22,0
2024-01-09 16:00:00,772.53,8.36,129.48,0
2024-01-09 17:00:00,624.02,14.24,57.79,0
2024-01-09 18:00:00,693.1,6.64,0.0,0
2024-01-09 19:00:00,645.12,6.57,0.0,0
2024-01-09 20:00:00,640.1,4.91,0.0,0
2024-01-09 21:00:00,628.2,3.01,0.0,0
2024-01-09 22:00:00,570.97,-0.13,0.0,0
2024-01-09 23:00:00,577.02,0.98,0.0,0
2024-01-10 00:00:00,607.86,-2.87,0.0,0
2024-01-10 01:00:00,616.65,-2.3,0.0,0
2024-01-10 02:00:00,628.94,-2.97,0.0,0
2024-01-10 03:00:00,586.64,-1.66,0.0,0
2024-01-10 04:00:00,623.09,3.3,0.0,0
2024-01-10 05:00:00,722.01,-4.27,0.0,0
2024-01-10 06:00:00,736.18,1.88,0.0,0
2024-01-10 07:00:00,851.43,-1.52,62.97,0
2024-01-10 08:00:00,847.04,2.06,130.35,0
2024-01-10 09:00:00,865.37,6.48,183.07,0
2024-01-10 10:00:00,885.43,5.63,196.02,0
2024-01-10 11:00:00,876.9,4.38,242.17,0
2024-01-10 12:00:00,837.95,5.9,220.29,0
2024-01-10 13:00:00,864.99,9.19,227.81,0
2024-01-10 14:00:00,862.43,6.54,216.72,0
2024-01-10 15:00:00,794.34,8.27,164.11,0
2024-01-10 16:00:00,743.24,7.42,148.27,0
2024-01-10 17:00:00,741.04,5.24,77.01,0
2024-01-10 18:00:00,657.23,9.79,0.0,0
2024-01-10 19:00:00,669.23,5.56,0.0,0
2024-01-10 20:00:00,675.19,-1.05,0.0,0
2024-01-10 21:00:00,637.96,2.08,0.0,0
2024-01-10 22:00:00,569.11,-0.82,0.0,0
2024-01-10 23:00:00,577.12,1.17,0.0,0
2024-01-11 00:00:00,590.24,-2.91,0.0,0
2024-01-11 01:00:00,604.68,-2.05,0.0,0
2024-01-11 02:00:00,585.69,-0.98,0.0,0
2024-01-11 03:00:00,646.26,-0.09,0.0,0
2024-01-11 04:00:00,704.59,-3.72,0.0,0
2024-01-11 05:00:00,703.2,-1.2,0.0,0
2024-01-11 06:00:00,764.1,-0.44,0.0,0
2024-01-11 07:00:00,801.69,0.41,59.74,0
2024-01-11 08:00:00,806.83,6.54,145.93,0
2024-01-11 09:00:00,820.79,5.11,162.69,0
2024-01-11 10:00:00,902.59,2.99,215.91,0
2024-01-11 11:00:00,879.26,8.38,231.61,0
2024-01-11 12:00:00,844.99,11.58,270.52,0
2024-01-11 13:00:00,887.82,9.9,254.19,0
2024-01-11 14:00:00,902.85,4.97,241.79,0
2024-01-11 15:00:00,832.53,6.87,149.81,0
2024-01-11 16:00:00,766.68,9.87,127.63,0
2024-01-11 17:00:00,767.86,5.13,54.44,0
2024-01-11 18:00:00,706.11,6.4,0.0,0
2024-01-11 19:00:00,604.07,5.85,0.0,0
2024-01-11 20:00:00,640.91,1.16,0.0,0
2024-01-11 21:00:00,565.5,1.6,0.0,0
2024-01-11 22:00:00,678.48,-5.97,0.0,0
2024-01-11 23:00:00,591.04,-2.57,0.0,0
2024-01-12 00:00:00,573.32,-1.82,0.0,0
2024-01-12 01:00:00,632.29,-4.31,0.0,0
2024-01-12 02:00:00,584.51,1.28,0.0,0
2024-01-12 03:00:00,637.07,-4.67,0.0,0
2024-01-12 04:00:00,680.13,-2.19,0.0,0
2024-01-12 05:00:00,702.4,-0.25,0.0,0
2024-01-12 06:00:00,682.37,3.4,0.0,0
2024-01-12 07:00:00,805.97,-1.15,54.91,0
2024-01-12 08:00:00,801.95,5.35,112.75,0
2024-01-12 09:00:00,855.21,4.33,148.59,0
2024-01-12 10:00:00,860.58,3.56,213.95,0
2024-01-12 11:00:00,907.18,7.48,272.0,0
2024-01-12 12:00:00,879.97,7.75,254.67,0
2024-01-12 13:00:00,887.64,6.65,227.96,0
2024-01-12 14:00:00,861.63,8.16,199.45,0
2024-01-12 15:00:00,810.93,7.08,212.1,0
2024-01-12 16:00:00,795.64,7.58,127.27,0
2024-01-12 17:00:00,723.79,7.88,72.17,0
2024-01-12 18:00:00,650.67,8.69,0.0,0
2024-01-12 19:00:00,704.19,1.84,0.0,0
2024-01-12 20:00:00,624.44,7.29,0.0,0
2024-01-12 21:00:00,658.49,-2.18,0.0,0
2024-01-12 22:00:00,607.71,0.22,0.0,0
2024-01-12 23:00:00,547.19,0.66,0.0,0
2024-01-13 00:00:00,407.41,-0.74,0.0,1
2024-01-13 01:00:00,514.49,-3.04,0.0,1
2024-01-13 02:00:00,541.99,-2.38,0.0,1
2024-01-13 03:00:00,564.98,-2.78,0.0,1
2024-01-13 04:00:00,556.36,-2.48,0.0,1
2024-01-13 05:00:00,547.4,1.2,0.0,1
2024-01-13 06:00:00,600.89,1.25,0.0,1
2024-01-13 07:00:00,646.14,0.35,76.22,1
2024-01-13 08:00:00,688.99,4.83,111.42,1
2024-01-13 09:00:00,772.15,4.94,160.17,1
2024-01-13 10:00:00,738.08,7.16,183.0,1
2024-01-13 11:00:00,762.47,7.83,208.36,1
2024-01-13 12:00:00,817.34,5.71,267.94,1
2024-01-13 13:00:00,755.66,6.74,255.07,1
2024-01-13 14:00:00,768.82,9.53,201.67,1
2024-01-13 15:00:00,740.39,9.08,203.6,1
2024-01-13 16:00:00,663.51,7.32,135.87,1
2024-01-13 17:00:00,609.29,6.8,74.88,1
2024-01-13 18:00:00,576.55,8.09,0.0,1
2024-01-13 19:00:00,548.11,3.14,0.0,1
2024-01-13 20:00:00,469.81,4.13,0.0,1
2024-01-13 21:00:00,517.26,1.33,0.0,1
2024-01-13 22:00:00,496.23,0.1,0.0,1
2024-01-13 23:00:00,433.75,1.7,0.0,1
2024-01-14 00:00:00,404.72,0.37,0.0,1
2024-01-14 01:00:00,417.6,-0.15,0.0,1
2024-01-14 02:00:00,462.87,0.66,0.0,1
2024-01-14 03:00:00,503.46,-1.74,0.0,1
2024-01-14 04:00:00,530.63,0.08,0.0,1
2024-01-14 05:00:00,624.85,-1.11,0.0,1
2024-01-14 06:00:00,646.35,1.2,0.0,1
2024-01-14 07:00:00,711.26,1.5,57.74,1
2024-01-14 08:00:00,682.79,3.24,117.04,1
2024-01-14 09:00:00,717.5,5.53,207.09,1
2024-01-14 10:00:00,793.04,3.91,243.51,1
2024-01-14 11:00:00,736.68,10.77,262.66,1
2024-01-14 12:00:00,824.63,5.37,289.52,1
2024-01-14 13:00:00,789.19,5.45,250.06,1
2024-01-14 14:00:00,755.74,10.37,183.09,1
2024-01-14 15:00:00,700.29,9.46,179.38,1
2024-01-14 16:00:00,680.27,8.63,116.62,1
2024-01-14 17:00:00,605.25,7.84,61.74,1
2024-01-14 18:00:00,585.1,5.53,0.0,1
2024-01-14 19:00:00,585.51,2.55,0.0,1
2024-01-14 20:00:00,548.31,3.2,0.0,1
2024-01-14 21:00:00,512.79,0.4,0.0,1
2024-01-14 22:00:00,439.71,2.5,0.0,1
2024-01-14 23:00:00,489.04,-0.78,0.0,1
2024-01-15 00:00:00,534.3,-2.91,0.0,0
2024-01-15 01:00:00,555.28,-2.4,0.0,0
2024-01-15 02:00:00,614.87,-1.1,0.0,0
2024-01-15 03:00:00,647.8,-2.89,0.0,0
2024-01-15 04:00:00,704.18,-2.9,0.0,0
2024-01-15 05:00:00,709.62,0.02,0.0,0
2024-01-15 06:00:00,763.67,1.06,0.0,0
2024-01-15 07:00:00,783.78,0.76,71.14,0
2024-01-15 08:00:00,852.98,2.13,119.64,0
2024-01-15 09:00:00,877.99,4.83,162.59,0
2024-01-15 10:00:00,936.97,2.67,191.69,0
2024-01-15 11:00:00,965.61,3.79,276.27,0
2024-01-15 12:00:00,906.46,5.96,225.94,0
2024-01-15 13:00:00,885.3,7.47,267.63,0
2024-01-15 14:00:00,808.2,8.69,226.5,0
2024-01-15 15:00:00,779.63,10.85,154.76,0
2024-01-15 16:00:00,764.01,9.12,129.55,0
2024-01-15 17:00:00,775.16,6.29,73.06,0
2024-01-15 18:00:00,689.4,5.53,0.0,0
2024-01-15 19:00:00,704.55,2.36,0.0,0
2024-01-15 20:00:00,629.62,3.03,0.0,0
2024-01-15 21:00:00,602.16,1.2,0.0,0
2024-01-15 22:00:00,580.86,1.22,0.0,0
2024-01-15 23:00:00,578.23,-2.12,0.0,0
2024-01-16 00:00:00,551.24,-0.2,0.0,0
2024-01-16 01:00:00,510.89,1.33,0.0,0
2024-01-16 02:00:00,601.82,-2.12,0.0,0
2024-01-16 03:00:00,615.89,-0.93,0.0,0
2024-01-16 04:00:00,645.65,0.14,0.0,0
2024-01-16 05:00:00,731.09,-1.24,0.0,0
2024-01-16 06:00:00,766.04,1.04,0.0,0
2024-01-16 07:00:00,799.31,1.83,60.99,0
2024-01-16 08:00:00,851.98,3.29,116.89,0
2024-01-16 09:00:00,887.38,2.84,148.69,0
2024-01-16 10:00:00,869.39,5.64,199.88,0
2024-01-16 11:00:00,865.35,7.63,256.52,0
2024-01-16 12:00:00,864.55,10.33,249.85,0
2024-01-16 13:00:00,869.1,9.84,257.91,0
2024-01-16 14:00:00,844.14,12.4,244.53,0
2024-01-16 15:00:00,867.3,6.39,196.32,0
2024-01-16 16:00:00,754.77,9.17,140.01,0
2024-01-16 17:00:00,739.24,7.0,64.86,0
2024-01-16 18:00:00,677.03,9.97,0.0,0
2024-01-16 19:00:00,707.21,2.77,0.0,0
2024-01-16 20:00:00,669.32,1.42,0.0,0
2024-01-16 21:00:00,610.96,0.6,0.0,0
2024-01-16 22:00:00,591.97,-3.65,0.0,0
2024-01-16 23:00:00,556.76,-1.49,0.0,0
2024-01-17 00:00:00,594.07,-2.73,0.0,0
2024-01-17 01:00:00,589.43,-1.41,0.0,0
2024-01-17 02:00:00,571.27,-1.19,0.0,0
2024-01-17 03:00:00,599.24,2.05,0.0,0
2024-01-17 04:00:00,668.85,0.69,0.0,0
2024-01-17 05:00:00,695.12,-1.57,0.0,0
2024-01-17 06:00:00,799.37,-1.17,0.0,0
2024-01-17 07:00:00,774.2,2.81,58.39,0
2024-01-17 08:00:00,886.62,0.48,134.42,0
2024-01-17 09:00:00,807.29,8.08,206.69,0
2024-01-17 10:00:00,827.73,7.98,236.71,0
2024-01-17 11:00:00,884.54,5.72,277.84,0
2024-01-17 12:00:00,917.36,4.03,257.94,0
2024-01-17 13:00:00,836.87,10.66,276.22,0
2024-01-17 14:00:00,848.87,7.89,223.73,0
2024-01-17 15:00:00,805.49,10.43,198.07,0
2024-01-17 16:00:00,813.08,4.26,116.76,0
2024-01-17 17:00:00,755.52,5.46,77.0,0
2024-01-17 18:00:00,660.94,5.63,0.0,0
2024-01-17 19:00:00,672.92,4.51,0.0,0
2024-01-17 20:00:00,635.55,2.22,0.0,0
2024-01-17 21:00:00,628.1,3.07,0.0,0
2024-01-17 22:00:00,578.43,-1.51,0.0,0
2024-01-17 23:00:00,528.59,-0.7,0.0,0
2024-01-18 00:00:00,584.81,-0.94,0.0,0
2024-01-18 01:00:00,581.95,-0.65,0.0,0
2024-01-18 02:00:00,565.82,-0.42,0.0,0
2024-01-18 03:00:00,619.59,-3.93,0.0,0
2024-01-18 04:00:00,740.88,-4.24,0.0,0
2024-01-18 05:00:00,721.85,2.17,0.0,0
2024-01-18 06:00:00,684.63,1.32,0.0,0
2024-01-18 07:00:00,796.68,0.36,69.98,0
2024-01-18 08:00:00,839.05,6.26,115.3,0
2024-01-18 09:00:00,842.73,4.68,153.81,0
2024-01-18 10:00:00,840.82,8.01,193.57,0
2024-01-18 11:00:00,877.87,6.82,220.43,0
2024-01-18 12:00:00,815.92,11.61,211.19,0
2024-01-18 13:00:00,795.63,11.49,229.17,0
2024-01-18 14:00:00,882.96,7.66,201.27,0
2024-01-18 15:00:00,756.08,9.93,149.59,0
2024-01-18 16:00:00,778.44,8.77,149.69,0
2024-01-18 17:00:00,739.66,9.43,62.88,0
2024-01-18 18:00:00,686.48,3.72,0.0,0
2024-01-18 19:00:00,626.93,5.82,0.0,0
2024-01-18 20:00:00,637.62,5.27,0.0,0
2024-01-18 21:00:00,648.48,-1.66,0.0,0
2024-01-18 22:00:00,588.49,-1.71,0.0,0
2024-01-18 23:00:00,641.47,-4.46,0.0,0
2024-01-19 00:00:00,606.97,-1.68,0.0,0
2024-01-19 01:00:00,575.6,-0.21,0.0,0
2024-01-19 02:00:00,552.36,1.19,0.0,0
2024-01-19 03:00:00,623.17,-1.49,0.0,0
2024-01-19 04:00:00,646.01,2.12,0.0,0
2024-01-19 05:00:00,734.6,-3.11,0.0,0
2024-01-19 06:00:00,810.66,-2.72,0.0,0
2024-01-19 07:00:00,755.69,1.78,69.28,0
2024-01-19 08:00:00,783.08,3.96,111.47,0
2024-01-19 09:00:00,861.77,4.42,154.67,0
2024-01-19 10:00:00,905.38,1.55,220.88,0
2024-01-19 11:00:00,872.05,6.55,250.92,0
2024-01-19 12:00:00,866.7,4.91,231.51,0
2024-01-19 13:00:00,860.1,9.36,228.23,0
2024-01-19 14:00:00,842.67,8.92,234.2,0
2024-01-19 15:00:00,856.38,6.14,205.61,0
2024-01-19 16:00:00,796.82,6.49,138.08,0
2024-01-19 17:00:00,762.39,4.61,74.59,0
2024-01-19 18:00:00,733.8,5.56,0.0,0
2024-01-19 19:00:00,611.5,6.39,0.0,0
2024-01-19 20:00:00,661.24,1.22,0.0,0
2024-01-19 21:00:00,547.78,2.9,0.0,0
2024-01-19 22:00:00,569.56,-0.37,0.0,0
2024-01-19 23:00:00,555.83,-1.93,0.0,0
2024-01-20 00:00:00,472.73,-1.32,0.0,1
2024-01-20 01:00:00,481.92,-3.67,0.0,1
2024-01-20 02:00:00,495.27,-2.88,0.0,1
2024-01-20 03:00:00,510.9,-4.0,0.0,1
2024-01-20 04:00:00,504.25,2.83,0.0,1
2024-01-20 05:00:00,571.53,-0.24,0.0,1
2024-01-20 06:00:00,656.32,-0.67,0.0,1
2024-01-20 07:00:00,643.38,2.36,77.43,1
2024-01-20 08:00:00,743.23,3.0,114.34,1
2024-01-20 09:00:00,698.75,4.08,193.99,1
2024-01-20 10:00:00,723.49,6.95,259.04,1
2024-01-20 11:00:00,792.34,8.28,219.8,1
2024-01-20 12:00:00,764.17,6.5,253.43,1
2024-01-20 13:00:00,731.27,6.9,230.21,1
2024-01-20 14:00:00,741.92,7.68,188.51,1
2024-01-20 15:00:00,735.01,3.45,177.69,1
2024-01-20 16:00:00,673.84,4.53,127.36,1
2024-01-20 17:00:00,569.41,9.5,70.88,1
2024-01-20 18:00:00,619.04,9.02,0.0,1
2024-01-20 19:00:00,541.72,4.02,0.0,1
2024-01-20 20:00:00,448.06,4.38,0.0,1
2024-01-20 21:00:00,510.37,2.55,0.0,1
2024-01-20 22:00:00,413.23,6.88,0.0,1
2024-01-20 23:00:00,408.35,1.93,0.0,1
2024-01-21 00:00:00,429.85,-1.32,0.0,1
2024-01-21 01:00:00,498.38,-3.47,0.0,1
2024-01-21 02:00:00,510.07,-4.94,0.0,1
2024-01-21 03:00:00,461.97,-1.15,0.0,1
2024-01-21 04:00:00,610.43,-2.57,0.0,1
2024-01-21 05:00:00,608.51,-3.11,0.0,1
2024-01-21 06:00:00,682.64,-0.52,0.0,1
2024-01-21 07:00:00,725.61,-0.19,61.58,1
2024-01-21 08:00:00,648.55,6.64,123.28,1
2024-01-21 09:00:00,744.0,6.33,164.49,1
2024-01-21 10:00:00,739.4,5.75,248.07,1
2024-01-21 11:00:00,688.88,9.76,207.92,1
2024-01-21 12:00:00,751.85,7.75,244.11,1
2024-01-21 13:00:00,779.37,6.38,216.14,1
2024-01-21 14:00:00,688.49,11.31,240.59,1
2024-01-21 15:00:00,681.99,9.18,165.08,1
2024-01-21 16:00:00,713.35,5.52,114.85,1
2024-01-21 17:00:00,630.2,6.42,68.39,1
2024-01-21 18:00:00,578.75,4.02,0.0,1
2024-01-21 19:00:00,587.82,1.8,0.0,1
2024-01-21 20:00:00,493.74,5.12,0.0,1
2024-01-21 21:00:00,377.61,5.79,0.0,1
2024-01-21 22:00:00,497.79,-2.03,0.0,1
2024-01-21 23:00:00,448.02,0.86,0.0,1
2024-01-22 00:00:00,583.68,-2.32,0.0,0
2024-01-22 01:00:00,614.01,-2.49,0.0,0
2024-01-22 02:00:00,598.7,-2.87,0.0,0
2024-01-22 03:00:00,659.43,-3.24,0.0,0
2024-01-22 04:00:00,630.02,-0.92,0.0,0
2024-01-22 05:00:00,737.25,-1.88,0.0,0
2024-01-22 06:00:00,795.28,1.35,0.0,0
2024-01-22 07:00:00,767.71,1.92,71.6,0
2024-01-22 08:00:00,812.65,2.84,111.78,0
2024-01-22 09:00:00,855.75,2.79,199.74,0
2024-01-22 10:00:00,889.86,4.66,227.59,0
2024-01-22 11:00:00,843.01,8.36,241.25,0
2024-01-22 12:00:00,884.08,8.65,235.75,0
2024-01-22 13:00:00,912.48,6.19,287.16,0
2024-01-22 14:00:00,861.44,8.51,237.16,0
2024-01-22 15:00:00,760.75,9.65,173.41,0
2024-01-22 16:00:00,841.83,4.3,133.92,0
2024-01-22 17:00:00,755.84,7.94,59.59,0
2024-01-22 18:00:00,735.87,4.49,0.0,0
2024-01-22 19:00:00,660.07,5.75,0.0,0
2024-01-22 20:00:00,647.64,1.79,0.0,0
2024-01-22 21:00:00,660.29,-1.59,0.0,0
2024-01-22 22:00:00,659.3,-2.44,0.0,0
2024-01-22 23:00:00,544.25,-0.13,0.0,0
2024-01-23 00:00:00,591.44,-0.45,0.0,0
2024-01-23 01:00:00,597.42,-3.28,0.0,0
2024-01-23 02:00:00,587.16,-0.36,0.0,0
2024-01-23 03:00:00,628.07,-4.79,0.0,0
2024-01-23 04:00:00,663.88,-1.1,0.0,0
2024-01-23 05:00:00,709.26,-2.6,0.0,0
2024-01-23 06:00:00,752.82,-0.44,0.0,0
2024-01-23 07:00:00,762.68,2.16,74.67,0
2024-01-23 08:00:00,832.37,1.64,130.4,0
2024-01-23 09:00:00,852.4,3.89,173.35,0
2024-01-23 10:00:00,856.88,7.87,207.12,0
2024-01-23 11:00:00,855.38,5.74,229.29,0
2024-01-23 12:00:00,830.23,9.36,234.39,0
2024-01-23 13:00:00,902.91,5.93,233.15,0
2024-01-23 14:00:00,819.05,9.42,252.46,0
2024-01-23 15:00:00,817.54,11.07,167.88,0
2024-01-23 16:00:00,838.14,2.75,117.38,0
2024-01-23 17:00:00,773.9,5.3,54.5,0
2024-01-23 18:00:00,725.11,7.02,0.0,0
2024-01-23 19:00:00,657.99,4.25,0.0,0
2024-01-23 20:00:00,604.6,4.1,0.0,0
2024-01-23 21:00:00,631.77,0.86,0.0,0
2024-01-23 22:00:00,589.18,1.04,0.0,0
2024-01-23 23:00:00,566.98,-0.49,0.0,0
2024-01-24 00:00:00,580.59,1.42,0.0,0
2024-01-24 01:00:00,570.58,-0.91,0.0,0
2024-01-24 02:00:00,596.72,-0.91,0.0,0
2024-01-24 03:00:00,641.5,-2.24,0.0,0
2024-01-24 04:00:00,655.55,-1.89,0.0,0
2024-01-24 05:00:00,720.04,-0.99,0.0,0
2024-01-24 06:00:00,777.89,1.7,0.0,0
2024-01-24 07:00:00,810.11,1.28,70.76,0
2024-01-24 08:00:00,820.84,3.99,115.79,0
2024-01-24 09:00:00,808.79,8.86,196.83,0
2024-01-24 10:00:00,864.92,7.66,206.5,0
2024-01-24 11:00:00,908.96,6.3,264.13,0
2024-01-24 12:00:00,873.77,10.15,299.19,0
2024-01-24 13:00:00,870.61,7.43,234.72,0
2024-01-24 14:00:00,897.95,4.34,250.98,0
2024-01-24 15:00:00,851.15,6.23,170.17,0
2024-01-24 16:00:00,794.8,4.0,108.35,0
2024-01-24 17:00:00,753.51,6.25,55.07,0
2024-01-24 18:00:00,646.46,5.95,0.0,0
2024-01-24 19:00:00,639.69,8.06,0.0,0
2024-01-24 20:00:00,635.83,4.07,0.0,0
2024-01-24 21:00:00,620.45,1.68,0.0,0
2024-01-24 22:00:00,551.19,2.57,0.0,0
2024-01-24 23:00:00,619.98,-4.54,0.0,0
2024-01-25 00:00:00,599.49,-0.39,0.0,0
2024-01-25 01:00:00,600.34,0.18,0.0,0
2024-01-25 02:00:00,630.94,-4.49,0.0,0
2024-01-25 03:00:00,612.79,0.93,0.0,0
2024-01-25 04:00:00,689.61,-0.18,0.0,0
2024-01-25 05:00:00,679.68,-0.9,0.0,0
2024-01-25 06:00:00,729.57,2.23,0.0,0
2024-01-25 07:00:00,777.99,6.72,55.8,0
2024-01-25 08:00:00,846.05,3.83,130.75,0
2024-01-25 09:00:00,858.05,5.26,166.08,0
2024-01-25 10:00:00,845.05,5.05,195.16,0
2024-01-25 11:00:00,898.89,5.31,211.63,0
2024-01-25 12:00:00,850.65,9.46,293.87,0
2024-01-25 13:00:00,895.59,6.59,263.52,0
2024-01-25 14:00:00,826.85,8.61,234.85,0
2024-01-25 15:00:00,802.34,7.34,184.48,0
2024-01-25 16:00:00,720.8,8.76,142.38,0
2024-01-25 17:00:00,765.59,7.67,66.09,0
2024-01-25 18:00:00,669.56,8.04,0.0,0
2024-01-25 19:00:00,674.73,3.74,0.0,0
2024-01-25 20:00:00,630.65,2.93,0.0,0
2024-01-25 21:00:00,589.72,0.22,0.0,0
2024-01-25 22:00:00,554.51,0.08,0.0,0
2024-01-25 23:00:00,534.8,0.69,0.0,0
2024-01-26 00:00:00,534.8,0.71,0.0,0
2024-01-26 01:00:00,607.44,-3.15,0.0,0
2024-01-26 02:00:00,564.23,0.27,0.0,0
2024-01-26 03:00:00,648.14,1.41,0.0,0
2024-01-26 04:00:00,685.43,0.02,0.0,0
2024-01-26 05:00:00,690.98,3.75,0.0,0
2024-01-26 06:00:00,762.2,-0.52,0.0,0
2024-01-26 07:00:00,852.17,-0.26,64.01,0
2024-01-26 08:00:00,854.84,-0.03,136.43,0
2024-01-26 09:00:00,822.5,7.81,171.57,0
2024-01-26 10:00:00,864.08,7.34,231.17,0
2024-01-26 11:00:00,901.2,6.95,214.95,0
2024-01-26 12:00:00,891.74,8.42,242.95,0
2024-01-26 13:00:00,880.24,6.11,271.06,0
2024-01-26 14:00:00,785.68,13.42,233.61,0
2024-01-26 15:00:00,831.26,8.62,158.2,0
2024-01-26 16:00:00,797.11,8.08,132.61,0
2024-01-26 17:00:00,716.78,8.52,65.16,0
2024-01-26 18:00:00,650.42,6.99,0.0,0
2024-01-26 19:00:00,650.35,5.27,0.0,0
2024-01-26 20:00:00,656.12,1.95,0.0,0
2024-01-26 21:00:00,631.94,3.18,0.0,0
2024-01-26 22:00:00,508.92,4.79,0.0,0
2024-01-26 23:00:00,529.32,2.68,0.0,0
2024-01-27 00:00:00,405.8,2.45,0.0,1
2024-01-27 01:00:00,503.33,-2.26,0.0,1
2024-01-27 02:00:00,499.81,-3.39,0.0,1
2024-01-27 03:00:00,490.8,-1.49,0.0,1
2024-01-27 04:00:00,560.25,-0.63,0.0,1
2024-01-27 05:00:00,555.69,2.24,0.0,1
2024-01-27 06:00:00,632.33,-2.29,0.0,1
2024-01-27 07:00:00,615.89,5.36,75.16,1
2024-01-27 08:00:00,750.61,3.27,113.35,1
2024-01-27 09:00:00,750.72,4.03,172.45,1
2024-01-27 10:00:00,775.24,4.07,244.92,1
2024-01-27 11:00:00,788.77,3.82,254.59,1
2024-01-27 12:00:00,751.63,9.57,251.52,1
2024-01-27 13:00:00,754.52,8.57,216.44,1
2024-01-27 14:00:00,760.4,6.01,255.1,1
2024-01-27 15:00:00,725.99,5.83,174.16,1
2024-01-27 16:00:00,689.23,7.25,117.73,1
2024-01-27 17:00:00,587.7,10.46,54.87,1
2024-01-27 18:00:00,559.84,5.57,0.0,1
2024-01-27 19:00:00,554.14,1.88,0.0,1
2024-01-27 20:00:00,459.53,3.1,0.0,1
2024-01-27 21:00:00,531.74,1.75,0.0,1
2024-01-27 22:00:00,531.4,-4.3,0.0,1
2024-01-27 23:00:00,426.6,-0.05,0.0,1
2024-01-28 00:00:00,444.31,-1.14,0.0,1
2024-01-28 01:00:00,428.7,0.22,0.0,1
2024-01-28 02:00:00,481.82,2.35,0.0,1
2024-01-28 03:00:00,452.29,1.08,0.0,1
2024-01-28 04:00:00,554.98,-1.21,0.0,1
2024-01-28 05:00:00,606.45,-2.09,0.0,1
2024-01-28 06:00:00,597.64,6.3,0.0,1
2024-01-28 07:00:00,664.36,2.48,58.55,1
2024-01-28 08:00:00,659.2,3.68,144.3,1
2024-01-28 09:00:00,726.12,4.9,169.38,1
2024-01-28 10:00:00,723.38,6.55,259.53,1
2024-01-28 11:00:00,766.14,6.9,280.24,1
2024-01-28 12:00:00,807.46,6.84,268.42,1
2024-01-28 13:00:00,715.78,7.39,282.51,1
2024-01-28 14:00:00,707.29,8.59,193.88,1
2024-01-28 15:00:00,693.61,7.4,157.14,1
2024-01-28 16:00:00,664.85,6.56,116.0,1
2024-01-28 17:00:00,636.22,7.4,72.0,1
2024-01-28 18:00:00,579.2,5.65,0.0,1
2024-01-28 19:00:00,519.05,7.96,0.0,1
2024-01-28 20:00:00,540.81,-1.65,0.0,1
2024-01-28 21:00:00,458.88,4.55,0.0,1
2024-01-28 22:00:00,449.76,3.65,0.0,1
2024-01-28 23:00:00,468.77,-4.03,0.0,1
2024-01-29 00:00:00,592.44,-1.29,0.0,0
2024-01-29 01:00:00,586.6,-1.85,0.0,0
2024-01-29 02:00:00,653.83,-4.09,0.0,0
2024-01-29 03:00:00,640.14,-2.66,0.0,0
2024-01-29 04:00:00,697.79,-2.83,0.0,0
2024-01-29 05:00:00,670.28,3.69,0.0,0
2024-01-29 06:00:00,726.63,3.1,0.0,0
2024-01-29 07:00:00,768.5,4.97,59.23,0
2024-01-29 08:00:00,821.74,5.17,142.83,0
2024-01-29 09:00:00,842.57,2.76,196.09,0
2024-01-29 10:00:00,917.28,5.18,198.63,0
2024-01-29 11:00:00,824.3,8.24,252.08,0
2024-01-29 12:00:00,886.77,5.61,281.86,0
2024-01-29 13:00:00,851.02,9.98,233.17,0
2024-01-29 14:00:00,861.07,8.24,202.69,0
2024-01-29 15:00:00,862.77,7.81,204.17,0
2024-01-29 16:00:00,718.77,9.48,137.54,0
2024-01-29 17:00:00,717.58,8.15,72.49,0
2024-01-29 18:00:00,651.8,5.5,0.0,0
2024-01-29 19:00:00,635.65,7.34,0.0,0
2024-01-29 20:00:00,651.16,1.56,0.0,0
2024-01-29 21:00:00,621.72,3.66,0.0,0
2024-01-29 22:00:00,565.7,2.41,0.0,0
2024-01-29 23:00:00,597.21,-0.43,0.0,0
2024-01-30 00:00:00,573.4,0.12,0.0,0
2024-01-30 01:00:00,591.28,-3.53,0.0,0
2024-01-30 02:00:00,545.12,0.65,0.0,0
2024-01-30 03:00:00,639.47,-1.4,0.0,0
2024-01-30 04:00:00,638.48,-1.58,0.0,0
2024-01-30 05:00:00,717.02,2.36,0.0,0
2024-01-30 06:00:00,757.06,-0.11,0.0,0
2024-01-30 07:00:00,844.78,-0.31,64.27,0
2024-01-30 08:00:00,841.15,0.68,145.96,0
2024-01-30 09:00:00,845.11,6.3,155.49,0
2024-01-30 10:00:00,901.07,3.74,184.54,0
2024-01-30 11:00:00,843.63,10.84,272.19,0
2024-01-30 12:00:00,909.55,3.96,236.58,0
2024-01-30 13:00:00,842.8,12.02,216.59,0
2024-01-30 14:00:00,817.86,9.22,217.73,0
2024-01-30 15:00:00,786.85,8.43,191.56,0
2024-01-30 16:00:00,820.69,7.04,128.46,0
2024-01-30 17:00:00,748.63,8.13,65.71,0
2024-01-30 18:00:00,699.43,6.22,0.0,0
2024-01-30 19:00:00,676.88,7.3,0.0,0
2024-01-30 20:00:00,613.05,4.03,0.0,0
2024-01-30 21:00:00,623.61,2.8,0.0,0
2024-01-30 22:00:00,585.48,0.57,0.0,0
2024-01-30 23:00:00,539.72,0.15,0.0,0
2024-01-31 00:00:00,604.61,0.16,0.0,0
2024-01-31 01:00:00,635.35,-4.38,0.0,0
2024-01-31 02:00:00,622.0,-3.82,0.0,0
2024-01-31 03:00:00,631.46,0.53,0.0,0
2024-01-31 04:00:00,651.06,-0.12,0.0,0
2024-01-31 05:00:00,729.27,-0.03,0.0,0
2024-01-31 06:00:00,686.12,1.41,0.0,0
2024-01-31 07:00:00,753.53,3.27,64.89,0
2024-01-31 08:00:00,856.55,2.79,134.95,0
2024-01-31 09:00:00,859.07,3.61,172.01,0
2024-01-31 10:00:00,870.75,6.76,254.45,0
2024-01-31 11:00:00,865.0,5.45,277.16,0
2024-01-31 12:00:00,916.0,9.02,250.84,0
2024-01-31 13:00:00,929.97,5.3,284.4,0
2024-01-31 14:00:00,818.87,10.93,191.15,0
2024-01-31 15:00:00,794.82,9.65,203.09,0
2024-01-31 16:00:00,798.59,8.72,119.67,0
2024-01-31 17:00:00,767.58,9.37,68.53,0
2024-01-31 18:00:00,686.8,9.7,0.0,0
2024-01-31 19:00:00,690.57,7.2,0.0,0
2024-01-31 20:00:00,635.03,0.19,0.0,0
2024-01-31 21:00:00,597.89,0.02,0.0,0
2024-01-31 22:00:00,555.84,0.12,0.0,0
2024-01-31 23:00:00,573.96,0.39,0.0,0
2024-02-01 00:00:00,557.82,0.66,0.0,0
2024-02-01 01:00:00,586.31,-2.33,0.0,0
2024-02-01 02:00:00,613.77,-0.67,0.0,0
2024-02-01 03:00:00,673.27,-2.39,0.0,0
2024-02-01 04:00:00,637.87,-1.6,0.0,0
2024-02-01 05:00:00,717.28,-2.4,0.0,0
2024-02-01 06:00:00,784.45,-0.39,0.0,0
2024-02-01 07:00:00,800.52,-0.05,75.64,0
2024-02-01 08:00:00,820.04,2.0,133.85,0
2024-02-01 09:00:00,853.35,7.35,185.91,0
2024-02-01 10:00:00,855.43,4.55,194.71,0
2024-02-01 11:00:00,818.12,12.75,245.15,0
2024-02-01 12:00:00,875.53,9.27,234.2,0
2024-02-01 13:00:00,847.33,9.15,288.13,0
2024-02-01 14:00:00,880.43,7.24,223.6,0
2024-02-01 15:00:00,785.38,10.18,154.77,0
2024-02-01 16:00:00,823.91,7.13,139.91,0
2024-02-01 17:00:00,731.3,7.73,76.91,0
2024-02-01 18:00:00,661.06,11.57,0.0,0
2024-02-01 19:00:00,676.35,5.05,0.0,0
2024-02-01 20:00:00,581.81,6.25,0.0,0
2024-02-01 21:00:00,554.73,1.25,0.0,0
2024-02-01 22:00:00,581.99,1.38,0.0,0
2024-02-01 23:00:00,529.04,3.96,0.0,0
2024-02-02 00:00:00,589.39,-1.55,0.0,0
2024-02-02 01:00:00,532.86,2.83,0.0,0
2024-02-02 02:00:00,571.54,0.45,0.0,0
2024-02-02 03:00:00,687.99,-1.92,0.0,0
2024-02-02 04:00:00,613.5,0.97,0.0,0
2024-02-02 05:00:00,702.15,2.44,0.0,0
2024-02-02 06:00:00,717.86,2.78,0.0,0
2024-02-02 07:00:00,807.37,-0.4,69.28,0
2024-02-02 08:00:00,826.27,2.58,144.5,0
2024-02-02 09:00:00,833.0,4.83,198.33,0
2024-02-02 10:00:00,883.63,6.39,192.4,0
2024-02-02 11:00:00,899.84,8.81,215.25,0
2024-02-02 12:00:00,884.55,8.72,214.36,0
2024-02-02 13:00:00,893.84,6.19,283.17,0
2024-02-02 14:00:00,810.6,9.79,217.97,0
2024-02-02 15:00:00,813.49,10.09,170.85,0
2024-02-02 16:00:00,819.07,9.48,118.02,0
2024-02-02 17:00:00,704.93,9.73,62.65,0
2024-02-02 18:00:00,668.58,8.2,0.0,0
2024-02-02 19:00:00,631.74,6.25,0.0,0
2024-02-02 20:00:00,608.82,3.89,0.0,0
2024-02-02 21:00:00,555.76,-0.58,0.0,0
2024-02-02 22:00:00,572.99,2.39,0.0,0
2024-02-02 23:00:00,536.53,0.91,0.0,0
2024-02-03 00:00:00,396.42,0.33,0.0,1
2024-02-03 01:00:00,498.28,-3.26,0.0,1
2024-02-03 02:00:00,470.17,-3.04,0.0,1
2024-02-03 03:00:00,476.15,1.4,0.0,1
2024-02-03 04:00:00,579.56,-0.29,0.0,1
2024-02-03 05:00:00,533.53,1.95,0.0,1
2024-02-03 06:00:00,584.92,1.68,0.0,1
2024-02-03 07:00:00,669.64,2.89,73.15,1
2024-02-03 08:00:00,708.77,6.0,106.31,1
2024-02-03 09:00:00,698.25,4.38,177.16,1
2024-02-03 10:00:00,755.28,6.81,245.58,1
2024-02-03 11:00:00,780.4,6.73,216.69,1
2024-02-03 12:00:00,712.71,7.58,264.43,1
2024-02-03 13:00:00,769.84,8.33,211.61,1
2024-02-03 14:00:00,739.48,9.56,239.49,1
2024-02-03 15:00:00,693.71,7.99,187.11,1
2024-02-03 16:00:00,661.69,10.96,127.28,1
2024-02-03 17:00:00,661.51,5.87,56.85,1
2024-02-03 18:00:00,580.12,6.25,0.0,1
2024-02-03 19:00:00,531.61,4.53,0.0,1
2024-02-03 20:00:00,445.54,7.01,0.0,1
2024-02-03 21:00:00,465.45,3.22,0.0,1
2024-02-03 22:00:00,444.2,3.68,0.0,1
2024-02-03 23:00:00,462.58,-2.39,0.0,1
2024-02-04 00:00:00,380.94,0.41,0.0,1
2024-02-04 01:00:00,466.95,1.16,0.0,1
2024-02-04 02:00:00,477.82,-0.63,0.0,1
2024-02-04 03:00:00,473.99,1.51,0.0,1
2024-02-04 04:00:00,572.99,-1.16,0.0,1
2024-02-04 05:00:00,591.44,3.49,0.0,1
2024-02-04 06:00:00,506.89,6.31,0.0,1
2024-02-04 07:00:00,680.73,2.19,66.44,1
2024-02-04 08:00:00,671.16,3.32,134.69,1
2024-02-04 09:00:00,709.81,8.41,200.86,1
2024-02-04 10:00:00,717.73,9.87,186.6,1
2024-02-04 11:00:00,782.1,6.7,262.3,1
2024-02-04 12:00:00,750.54,7.7,227.94,1
2024-02-04 13:00:00,701.61,8.47,227.59,1
2024-02-04 14:00:00,736.75,6.52,198.16,1
2024-02-04 15:00:00,719.58,7.2,152.52,1
2024-02-04 16:00:00,700.08,6.53,121.95,1
2024-02-04 17:00:00,600.38,6.21,56.73,1
2024-02-04 18:00:00,599.29,6.64,0.0,1
2024-02-04 19:00:00,512.33,5.97,0.0,1
2024-02-04 20:00:00,475.97,7.31,0.0,1
2024-02-04 21:00:00,476.65,0.92,0.0,1
2024-02-04 22:00:00,434.58,3.68,0.0,1
2024-02-04 23:00:00,466.66,0.24,0.0,1
2024-02-05 00:00:00,530.61,-0.13,0.0,0
2024-02-05 01:00:00,541.61,0.82,0.0,0
2024-02-05 02:00:00,620.87,-2.95,0.0,0
2024-02-05 03:00:00,676.26,0.24,0.0,0
2024-02-05 04:00:00,635.39,0.3,0.0,0
2024-02-05 05:00:00,741.74,1.75,0.0,0
2024-02-05 06:00:00,786.32,2.38,0.0,0
2024-02-05 07:00:00,730.16,7.92,67.96,0
2024-02-05 08:00:00,822.3,3.02,142.71,0
2024-02-05 09:00:00,838.8,4.53,200.8,0
2024-02-05 10:00:00,875.96,5.55,253.76,0
2024-02-05 11:00:00,850.77,6.72,236.05,0
2024-02-05 12:00:00,884.54,7.36,223.62,0
2024-02-05 13:00:00,875.53,11.51,287.97,0
2024-02-05 14:00:00,796.51,12.14,254.64,0
2024-02-05 15:00:00,815.52,7.99,183.02,0
2024-02-05 16:00:00,747.81,6.97,116.8,0
2024-02-05 17:00:00,733.33,8.78,73.97,0
2024-02-05 18:00:00,709.65,5.7,0.0,0
2024-02-05 19:00:00,641.23,6.86,0.0,0
2024-02-05 20:00:00,607.52,4.71,0.0,0
2024-02-05 21:00:00,611.51,-0.03,0.0,0
2024-02-05 22:00:00,550.39,4.9,0.0,0
2024-02-05 23:00:00,522.53,4.36,0.0,0
2024-02-06 00:00:00,579.48,-1.16,0.0,0
2024-02-06 01:00:00,584.29,-1.21,0.0,0
2024-02-06 02:00:00,615.21,-0.03,0.0,0
2024-02-06 03:00:00,633.16,0.23,0.0,0
2024-02-06 04:00:00,651.0,1.38,0.0,0
2024-02-06 05:00:00,697.39,4.88,0.0,0
2024-02-06 06:00:00,755.09,1.54,0.0,0
2024-02-06 07:00:00,829.34,1.5,60.62,0
2024-02-06 08:00:00,858.81,1.64,140.03,0
2024-02-06 09:00:00,813.1,4.23,154.65,0
2024-02-06 10:00:00,897.53,6.83,221.52,0
2024-02-06 11:00:00,841.36,11.52,230.76,0
2024-02-06 12:00:00,881.8,7.69,286.87,0
2024-02-06 13:00:00,863.49,9.67,267.37,0
2024-02-06 14:00:00,830.96,9.36,214.13,0
2024-02-06 15:00:00,791.08,11.6,191.83,0
2024-02-06 16:00:00,707.41,13.78,127.51,0
2024-02-06 17:00:00,774.93,6.87,68.93,0
2024-02-06 18:00:00,698.0,5.92,0.0,0
2024-02-06 19:00:00,620.89,7.78,0.0,0
2024-02-06 20:00:00,579.29,5.76,0.0,0
2024-02-06 21:00:00,557.35,6.79,0.0,0
2024-02-06 22:00:00,560.84,3.06,0.0,0
2024-02-06 23:00:00,575.11,0.14,0.0,0
2024-02-07 00:00:00,520.87,1.34,0.0,0
2024-02-07 01:00:00,507.97,1.88,0.0,0
2024-02-07 02:00:00,591.09,1.13,0.0,0
2024-02-07 03:00:00,648.91,0.68,0.0,0
2024-02-07 04:00:00,611.37,2.3,0.0,0
2024-02-07 05:00:00,715.01,3.3,0.0,0
2024-02-07 06:00:00,719.52,4.76,0.0,0
2024-02-07 07:00:00,766.62,4.5,75.8,0
2024-02-07 08:00:00,808.47,4.16,123.5,0
2024-02-07 09:00:00,806.0,6.08,200.26,0
2024-02-07 10:00:00,863.83,9.41,220.95,0
2024-02-07 11:00:00,869.84,6.4,257.61,0
2024-02-07 12:00:00,844.89,9.56,227.65,0
2024-02-07 13:00:00,892.62,8.54,261.92,0
2024-02-07 14:00:00,790.62,9.55,224.09,0
2024-02-07 15:00:00,744.53,11.88,166.23,0
2024-02-07 16:00:00,767.49,9.21,130.5,0
2024-02-07 17:00:00,737.88,8.12,59.17,0
2024-02-07 18:00:00,729.38,4.27,0.0,0
2024-02-07 19:00:00,627.89,7.28,0.0,0
2024-02-07 20:00:00,665.41,5.78,0.0,0
2024-02-07 21:00:00,537.62,7.53,0.0,0
2024-02-07 22:00:00,567.25,1.38,0.0,0
2024-02-07 23:00:00,532.93,1.4,0.0,0
2024-02-08 00:00:00,555.46,0.76,0.0,0
2024-02-08 01:00:00,552.99,2.92,0.0,0
2024-02-08 02:00:00,622.84,-0.6,0.0,0
2024-02-08 03:00:00,578.11,0.32,0.0,0
2024-02-08 04:00:00,639.05,1.48,0.0,0
2024-02-08 05:00:00,705.08,1.43,0.0,0
2024-02-08 06:00:00,762.66,1.2,0.0,0
2024-02-08 07:00:00,775.04,3.69,67.28,0
2024-02-08 08:00:00,806.14,6.74,146.68,0
2024-02-08 09:00:00,842.84,3.84,156.16,0
2024-02-08 10:00:00,898.55,7.36,240.17,0
2024-02-08 11:00:00,910.7,6.73,287.84,0
2024-02-08 12:00:00,813.23,11.32,287.78,0
2024-02-08 13:00:00,862.53,6.38,232.48,0
2024-02-08 14:00:00,822.26,8.48,183.59,0
2024-02-08 15:00:00,816.58,10.18,205.04,0
2024-02-08 16:00:00,707.32,12.06,129.21,0
2024-02-08 17:00:00,723.5,8.0,73.44,0
2024-02-08 18:00:00,711.52,5.98,0.0,0
2024-02-08 19:00:00,610.07,9.65,0.0,0
2024-02-08 20:00:00,649.48,1.7,0.0,0
2024-02-08 21:00:00,602.9,-1.1,0.0,0
2024-02-08 22:00:00,571.92,2.97,0.0,0
2024-02-08 23:00:00,550.93,0.06,0.0,0
2024-02-09 00:00:00,568.62,-1.67,0.0,0
2024-02-09 01:00:00,559.9,1.29,0.0,0
2024-02-09 02:00:00,587.5,0.19,0.0,0
2024-02-09 03:00:00,631.76,-1.26,0.0,0
2024-02-09 04:00:00,663.15,-2.19,0.0,0
2024-02-09 05:00:00,671.66,2.91,0.0,0
2024-02-09 06:00:00,725.06,3.5,0.0,0
2024-02-09 07:00:00,745.32,3.21,60.27,0
2024-02-09 08:00:00,764.51,8.39,123.37,0
2024-02-09 09:00:00,872.58,3.85,177.73,0
2024-02-09 10:00:00,859.79,4.15,240.36,0
2024-02-09 11:00:00,913.59,6.85,260.9,0
2024-02-09 12:00:00,902.36,8.94,213.07,0
2024-02-09 13:00:00,821.9,10.02,268.86,0
2024-02-09 14:00:00,874.98,9.22,189.53,0
2024-02-09 15:00:00,795.5,10.23,175.19,0
2024-02-09 16:00:00,805.2,6.53,144.45,0
2024-02-09 17:00:00,688.13,11.12,66.76,0
2024-02-09 18:00:00,712.73,7.03,0.0,0
2024-02-09 19:00:00,636.11,8.23,0.0,0
2024-02-09 20:00:00,585.8,5.38,0.0,0
2024-02-09 21:00:00,546.26,4.32,0.0,0
2024-02-09 22:00:00,516.9,3.34,0.0,0
2024-02-09 23:00:00,550.92,2.06,0.0,0
2024-02-10 00:00:00,436.69,1.76,0.0,1
2024-02-10 01:00:00,436.74,2.64,0.0,1
2024-02-10 02:00:00,461.85,0.2,0.0,1
2024-02-10 03:00:00,455.7,1.39,0.0,1
2024-02-10 04:00:00,519.98,0.3,0.0,1
2024-02-10 05:00:00,575.53,4.15,0.0,1
2024-02-10 06:00:00,618.35,0.95,0.0,1
2024-02-10 07:00:00,624.21,7.11,71.13,1
2024-02-10 08:00:00,665.85,4.73,135.55,1
2024-02-10 09:00:00,757.44,3.24,150.48,1
2024-02-10 10:00:00,726.13,7.56,207.7,1
2024-02-10 11:00:00,789.55,6.98,252.74,1
2024-02-10 12:00:00,751.16,10.82,211.08,1
2024-02-10 13:00:00,737.48,8.33,276.46,1
2024-02-10 14:00:00,720.9,8.91,222.7,1
2024-02-10 15:00:00,709.07,5.86,170.95,1
2024-02-10 16:00:00,622.19,8.23,147.5,1
2024-02-10 17:00:00,635.38,3.49,60.94,1
2024-02-10 18:00:00,603.57,4.14,0.0,1
2024-02-10 19:00:00,520.15,7.62,0.0,1
2024-02-10 20:00:00,479.93,6.38,0.0,1
2024-02-10 21:00:00,447.4,4.36,0.0,1
2024-02-10 22:00:00,486.4,0.37,0.0,1
2024-02-10 23:00:00,436.65,1.18,0.0,1
2024-02-11 00:00:00,451.78,0.58,0.0,1
2024-02-11 01:00:00,424.76,-2.23,0.0,1
2024-02-11 02:00:00,339.5,2.92,0.0,1
2024-02-11 03:00:00,487.25,1.84,0.0,1
2024-02-11 04:00:00,502.93,0.14,0.0,1
2024-02-11 05:00:00,568.57,1.44,0.0,1
2024-02-11 06:00:00,604.11,2.83,0.0,1
2024-02-11 07:00:00,736.05,-0.46,73.2,1
2024-02-11 08:00:00,705.77,4.42,113.2,1
2024-02-11 09:00:00,737.1,4.85,170.12,1
2024-02-11 10:00:00,779.99,5.41,210.63,1
2024-02-11 11:00:00,763.49,7.89,253.42,1
2024-02-11 12:00:00,700.13,12.84,264.33,1
2024-02-11 13:00:00,749.69,11.03,229.77,1
2024-02-11 14:00:00,697.71,8.77,202.13,1
2024-02-11 15:00:00,680.58,10.89,179.66,1
2024-02-11 16:00:00,580.85,12.05,106.38,1
2024-02-11 17:00:00,593.84,10.3,55.38,1
2024-02-11 18:00:00,569.46,7.54,0.0,1
2024-02-11 19:00:00,580.98,4.92,0.0,1
2024-02-11 20:00:00,437.74,6.31,0.0,1
2024-02-11 21:00:00,439.46,4.41,0.0,1
2024-02-11 22:00:00,445.29,4.21,0.0,1
2024-02-11 23:00:00,428.68,2.65,0.0,1
2024-02-12 00:00:00,536.51,2.8,0.0,0
2024-02-12 01:00:00,551.61,-0.87,0.0,0
2024-02-12 02:00:00,545.37,2.67,0.0,0
2024-02-12 03:00:00,643.74,0.6,0.0,0
2024-02-12 04:00:00,610.2,4.85,0.0,0
2024-02-12 05:00:00,716.45,0.12,0.0,0
2024-02-12 06:00:00,697.1,6.0,0.0,0
2024-02-12 07:00:00,740.87,4.13,64.15,0
2024-02-12 08:00:00,846.07,3.73,133.58,0
2024-02-12 09:00:00,860.43,5.36,176.45,0
2024-02-12 10:00:00,921.95,6.89,225.63,0
2024-02-12 11:00:00,833.65,9.41,264.86,0
2024-02-12 12:00:00,876.5,10.41,291.41,0
2024-02-12 13:00:00,833.27,8.71,212.25,0
2024-02-12 14:00:00,837.32,9.98,258.92,0
2024-02-12 15:00:00,784.39,14.14,212.03,0
2024-02-12 16:00:00,680.04,12.82,112.79,0
2024-02-12 17:00:00,712.25,9.44,54.43,0
2024-02-12 18:00:00,669.86,7.61,0.0,0
2024-02-12 19:00:00,625.04,6.56,0.0,0
2024-02-12 20:00:00,607.06,6.26,0.0,0
2024-02-12 21:00:00,629.69,1.69,0.0,0
2024-02-12 22:00:00,563.31,2.02,0.0,0
2024-02-12 23:00:00,590.37,-1.84,0.0,0
2024-02-13 00:00:00,546.71,1.62,0.0,0
2024-02-13 01:00:00,550.74,1.61,0.0,0
2024-02-13 02:00:00,567.76,-0.82,0.0,0
2024-02-13 03:00:00,611.64,3.47,0.0,0
2024-02-13 04:00:00,683.73,-1.63,0.0,0
2024-02-13 05:00:00,731.28,-1.32,0.0,0
2024-02-13 06:00:00,708.88,3.1,0.0,0
2024-02-13 07:00:00,740.81,5.95,61.09,0
2024-02-13 08:00:00,770.45,8.51,143.02,0
2024-02-13 09:00:00,807.84,5.52,177.76,0
2024-02-13 10:00:00,792.96,9.8,253.52,0
2024-02-13 11:00:00,852.11,8.61,223.12,0
2024-02-13 12:00:00,881.75,9.13,247.36,0
2024-02-13 13:00:00,819.42,11.74,282.29,0
2024-02-13 14:00:00,793.22,11.45,193.67,0
2024-02-13 15:00:00,812.82,6.82,177.32,0
2024-02-13 16:00:00,724.32,12.43,108.53,0
2024-02-13 17:00:00,688.49,11.44,56.29,0
2024-02-13 18:00:00,750.18,6.4,0.0,0
2024-02-13 19:00:00,662.28,7.23,0.0,0
2024-02-13 20:00:00,624.27,6.13,0.0,0
2024-02-13 21:00:00,604.05,4.37,0.0,0
2024-02-13 22:00:00,546.36,1.55,0.0,0
2024-02-13 23:00:00,533.58,0.27,0.0,0
2024-02-14 00:00:00,523.48,0.88,0.0,0
2024-02-14 01:00:00,572.36,2.78,0.0,0
2024-02-14 02:00:00,559.58,1.35,0.0,0
2024-02-14 03:00:00,590.34,-0.3,0.0,0
2024-02-14 04:00:00,624.43,2.48,0.0,0
2024-02-14 05:00:00,741.94,-3.97,0.0,0
2024-02-14 06:00:00,716.07,5.06,0.0,0
2024-02-14 07:00:00,813.11,0.49,68.02,0
2024-02-14 08:00:00,793.88,4.54,127.89,0
2024-02-14 09:00:00,875.35,4.32,201.48,0
2024-02-14 10:00:00,865.46,5.18,224.54,0
2024-02-14 11:00:00,838.05,11.12,245.37,0
2024-02-14 12:00:00,890.56,8.66,252.15,0
2024-02-14 13:00:00,829.25,10.79,218.5,0
2024-02-14 14:00:00,817.25,10.17,219.49,0
2024-02-14 15:00:00,805.72,11.05,197.45,0
2024-02-14 16:00:00,741.06,9.75,120.16,0
2024-02-14 17:00:00,739.79,6.24,59.07,0
2024-02-14 18:00:00,676.31,9.76,0.0,0
2024-02-14 19:00:00,703.86,5.57,0.0,0
2024-02-14 20:00:00,653.61,2.15,0.0,0
2024-02-14 21:00:00,599.24,3.12,0.0,0
2024-02-14 22:00:00,542.39,5.77,0.0,0
2024-02-14 23:00:00,505.68,3.43,0.0,0
2024-02-15 00:00:00,559.28,0.36,0.0,0
2024-02-15 01:00:00,567.47,-0.14,0.0,0
2024-02-15 02:00:00,597.38,-0.26,0.0,0
2024-02-15 03:00:00,574.37,4.71,0.0,0
2024-02-15 04:00:00,651.27,1.82,0.0,0
2024-02-15 05:00:00,673.32,2.71,0.0,0
2024-02-15 06:00:00,711.98,4.95,0.0,0
2024-02-15 07:00:00,735.35,4.57,75.97,0
2024-02-15 08:00:00,803.3,4.87,130.97,0
2024-02-15 09:00:00,873.3,6.29,161.82,0
2024-02-15 10:00:00,863.72,7.75,197.07,0
2024-02-15 11:00:00,864.17,8.85,212.2,0
2024-02-15 12:00:00,895.67,11.17,295.37,0
2024-02-15 13:00:00,815.95,10.32,243.95,0
2024-02-15 14:00:00,786.93,11.85,251.43,0
2024-02-15 15:00:00,843.67,10.06,199.36,0
2024-02-15 16:00:00,762.39,9.88,109.49,0
2024-02-15 17:00:00,756.43,4.93,66.07,0
2024-02-15 18:00:00,632.81,9.72,0.0,0
2024-02-15 19:00:00,645.68,7.38,0.0,0
2024-02-15 20:00:00,599.77,7.38,0.0,0
2024-02-15 21:00:00,608.2,-1.7,0.0,0
2024-02-15 22:00:00,512.64,7.06,0.0,0
2024-02-15 23:00:00,542.69,1.57,0.0,0
2024-02-16 00:00:00,532.4,3.4,0.0,0
2024-02-16 01:00:00,552.8,-1.4,0.0,0
2024-02-16 02:00:00,600.71,1.74,0.0,0
2024-02-16 03:00:00,655.71,-1.42,0.0,0
2024-02-16 04:00:00,651.56,-0.06,0.0,0
2024-02-16 05:00:00,644.77,5.81,0.0,0
2024-02-16 06:00:00,730.27,2.63,0.0,0
2024-02-16 07:00:00,745.77,4.65,64.2,0
2024-02-16 08:00:00,776.38,7.25,126.68,0
2024-02-16 09:00:00,816.68,7.8,186.28,0
2024-02-16 10:00:00,890.39,8.31,196.04,0
2024-02-16 11:00:00,879.06,9.78,273.95,0
2024-02-16 12:00:00,836.86,14.65,294.94,0
2024-02-16 13:00:00,860.16,10.23,207.37,0
2024-02-16 14:00:00,796.12,10.92,259.51,0
2024-02-16 15:00:00,775.94,12.44,149.97,0
2024-02-16 16:00:00,763.72,12.05,117.2,0
2024-02-16 17:00:00,666.08,11.42,69.99,0
2024-02-16 18:00:00,683.01,9.29,0.0,0
2024-02-16 19:00:00,721.09,4.52,0.0,0
2024-02-16 20:00:00,598.74,8.78,0.0,0
2024-02-16 21:00:00,634.66,1.93,0.0,0
2024-02-16 22:00:00,556.07,3.62,0.0,0
2024-02-16 23:00:00,586.32,0.47,0.0,0
2024-02-17 00:00:00,410.23,1.18,0.0,1
2024-02-17 01:00:00,452.02,1.47,0.0,1
2024-02-17 02:00:00,470.32,1.28,0.0,1
2024-02-17 03:00:00,489.27,1.66,0.0,1
2024-02-17 04:00:00,527.52,4.54,0.0,1
2024-02-17 05:00:00,544.64,3.01,0.0,1
2024-02-17 06:00:00,608.8,2.65,0.0,1
2024-02-17 07:00:00,631.4,6.28,71.77,1
2024-02-17 08:00:00,634.06,8.02,129.6,1
2024-02-17 09:00:00,742.3,4.48,171.47,1
2024-02-17 10:00:00,676.87,9.34,191.42,1
2024-02-17 11:00:00,753.57,10.58,244.17,1
2024-02-17 12:00:00,747.41,9.38,266.38,1
2024-02-17 13:00:00,687.94,13.22,214.41,1
2024-02-17 14:00:00,688.94,10.34,235.63,1
2024-02-17 15:00:00,668.34,10.72,207.08,1
2024-02-17 16:00:00,660.96,9.63,129.97,1
2024-02-17 17:00:00,613.38,9.21,59.36,1
2024-02-17 18:00:00,562.88,5.95,0.0,1
2024-02-17 19:00:00,526.53,4.06,0.0,1
2024-02-17 20:00:00,468.12,8.83,0.0,1
2024-02-17 21:00:00,453.99,2.65,0.0,1
2024-02-17 22:00:00,456.71,1.16,0.0,1
2024-02-17 23:00:00,471.92,-2.2,0.0,1
2024-02-18 00:00:00,446.17,0.16,0.0,1
2024-02-18 01:00:00,485.31,-1.7,0.0,1
2024-02-18 02:00:00,394.66,4.06,0.0,1
2024-02-18 03:00:00,421.18,2.96,0.0,1
2024-02-18 04:00:00,525.16,0.07,0.0,1
2024-02-18 05:00:00,565.86,6.74,0.0,1
2024-02-18 06:00:00,638.2,5.24,0.0,1
2024-02-18 07:00:00,699.26,3.83,67.61,1
2024-02-18 08:00:00,727.45,0.77,105.69,1
2024-02-18 09:00:00,620.39,11.65,198.41,1
2024-02-18 10:00:00,699.7,5.49,204.13,1
2024-02-18 11:00:00,757.67,6.02,243.35,1
2024-02-18 12:00:00,713.58,12.15,226.48,1
2024-02-18 13:00:00,710.89,15.48,248.33,1
2024-02-18 14:00:00,699.5,13.54,198.71,1
2024-02-18 15:00:00,669.82,11.73,152.94,1
2024-02-18 16:00:00,604.84,11.29,117.05,1
2024-02-18 17:00:00,557.6,11.01,59.57,1
2024-02-18 18:00:00,548.46,9.79,0.0,1
2024-02-18 19:00:00,529.38,7.63,0.0,1
2024-02-18 20:00:00,490.0,5.98,0.0,1
2024-02-18 21:00:00,429.19,4.35,0.0,1
2024-02-18 22:00:00,465.42,1.76,0.0,1
2024-02-18 23:00:00,440.72,1.67,0.0,1
2024-02-19 00:00:00,551.34,-1.81,0.0,0
2024-02-19 01:00:00,538.42,0.88,0.0,0
2024-02-19 02:00:00,614.73,-1.07,0.0,0
2024-02-19 03:00:00,624.03,-1.13,0.0,0
2024-02-19 04:00:00,680.38,1.93,0.0,0
2024-02-19 05:00:00,669.23,5.15,0.0,0
2024-02-19 06:00:00,695.42,5.24,0.0,0
2024-02-19 07:00:00,796.81,1.47,72.06,0
2024-02-19 08:00:00,822.33,3.93,123.57,0
2024-02-19 09:00:00,792.41,9.08,154.83,0
2024-02-19 10:00:00,845.99,6.44,222.93,0
2024-02-19 11:00:00,880.81,8.99,215.24,0
2024-02-19 12:00:00,867.78,11.34,216.55,0
2024-02-19 13:00:00,880.3,8.8,281.75,0
2024-02-19 14:00:00,859.93,11.12,252.34,0
2024-02-19 15:00:00,807.21,8.07,181.84,0
2024-02-19 16:00:00,811.53,9.03,123.54,0
2024-02-19 17:00:00,688.44,10.08,67.73,0
2024-02-19 18:00:00,682.49,5.22,0.0,0
2024-02-19 19:00:00,583.44,8.08,0.0,0
2024-02-19 20:00:00,590.2,5.87,0.0,0
2024-02-19 21:00:00,548.83,5.72,0.0,0
2024-02-19 22:00:00,561.42,3.85,0.0,0
2024-02-19 23:00:00,521.94,5.1,0.0,0
2024-02-20 00:00:00,510.56,1.96,0.0,0
2024-02-20 01:00:00,553.47,0.35,0.0,0
2024-02-20 02:00:00,564.65,1.29,0.0,0
2024-02-20 03:00:00,551.2,2.3,0.0,0
2024-02-20 04:00:00,617.39,1.81,0.0,0
2024-02-20 05:00:00,663.1,2.59,0.0,0
2024-02-20 06:00:00,774.47,2.14,0.0,0
2024-02-20 07:00:00,782.34,3.42,61.99,0
2024-02-20 08:00:00,844.2,3.24,133.68,0
2024-02-20 09:00:00,755.61,10.83,151.15,0
2024-02-20 10:00:00,902.53,6.05,190.16,0
2024-02-20 11:00:00,903.81,8.19,252.05,0
2024-02-20 12:00:00,820.7,8.93,248.4,0
2024-02-20 13:00:00,808.95,12.66,205.67,0
2024-02-20 14:00:00,841.09,10.45,183.22,0
2024-02-20 15:00:00,783.87,13.37,183.51,0
2024-02-20 16:00:00,752.8,9.02,111.87,0
2024-02-20 17:00:00,702.78,10.13,70.61,0
2024-02-20 18:00:00,676.36,6.87,0.0,0
2024-02-20 19:00:00,594.74,11.63,0.0,0
2024-02-20 20:00:00,653.27,3.67,0.0,0
2024-02-20 21:00:00,545.64,5.37,0.0,0
2024-02-20 22:00:00,563.73,4.81,0.0,0
2024-02-20 23:00:00,513.94,3.33,0.0,0
2024-02-21 00:00:00,524.02,1.48,0.0,0
2024-02-21 01:00:00,576.38,1.09,0.0,0
2024-02-21 02:00:00,597.17,1.27,0.0,0
2024-02-21 03:00:00,629.3,1.06,0.0,0
2024-02-21 04:00:00,589.33,3.78,0.0,0
2024-02-21 05:00:00,625.94,7.07,0.0,0
2024-02-21 06:00:00,754.93,2.56,0.0,0
2024-02-21 07:00:00,791.34,2.15,62.09,0
2024-02-21 08:00:00,773.13,6.0,106.5,0
2024-02-21 09:00:00,786.55,12.63,187.29,0
2024-02-21 10:00:00,844.61,7.07,206.82,0
2024-02-21 11:00:00,868.11,12.99,264.05,0
2024-02-21 12:00:00,859.97,13.87,276.03,0
2024-02-21 13:00:00,869.27,9.9,239.86,0
2024-02-21 14:00:00,844.05,12.32,183.48,0
2024-02-21 15:00:00,760.38,14.27,183.29,0
2024-02-21 16:00:00,781.62,9.75,107.81,0
2024-02-21 17:00:00,755.63,9.31,56.35,0
2024-02-21 18:00:00,690.98,7.52,0.0,0
2024-02-21 19:00:00,647.41,5.44,0.0,0
2024-02-21 20:00:00,568.57,4.88,0.0,0
2024-02-21 21:00:00,592.12,2.44,0.0,0
2024-02-21 22:00:00,569.9,3.75,0.0,0
2024-02-21 23:00:00,579.41,1.1,0.0,0
2024-02-22 00:00:00,548.03,2.46,0.0,0
2024-02-22 01:00:00,569.49,-1.62,0.0,0
2024-02-22 02:00:00,517.55,1.98,0.0,0
2024-02-22 03:00:00,574.62,3.16,0.0,0
2024-02-22 04:00:00,672.36,-2.0,0.0,0
2024-02-22 05:00:00,665.08,3.53,0.0,0
2024-02-22 06:00:00,712.7,6.28,0.0,0
2024-02-22 07:00:00,835.33,2.61,69.79,0
2024-02-22 08:00:00,766.43,9.67,126.09,0
2024-02-22 09:00:00,811.47,8.45,167.75,0
2024-02-22 10:00:00,852.62,7.41,233.31,0
2024-02-22 11:00:00,858.85,9.74,284.14,0
2024-02-22 12:00:00,821.62,11.77,254.51,0
2024-02-22 13:00:00,843.17,11.3,237.48,0
2024-02-22 14:00:00,820.49,12.4,259.35,0
2024-02-22 15:00:00,813.57,9.31,206.05,0
2024-02-22 16:00:00,761.54,10.99,140.67,0
2024-02-22 17:00:00,752.32,7.03,69.54,0
2024-02-22 18:00:00,629.72,8.6,0.0,0
2024-02-22 19:00:00,666.09,5.81,0.0,0
2024-02-22 20:00:00,594.73,4.85,0.0,0
2024-02-22 21:00:00,516.19,7.5,0.0,0
2024-02-22 22:00:00,499.15,6.0,0.0,0
2024-02-22 23:00:00,537.62,4.0,0.0,0
2024-02-23 00:00:00,554.94,-0.05,0.0,0
2024-02-23 01:00:00,514.74,1.0,0.0,0
2024-02-23 02:00:00,559.84,3.89,0.0,0
2024-02-23 03:00:00,563.4,1.92,0.0,0
2024-02-23 04:00:00,595.76,6.77,0.0,0
2024-02-23 05:00:00,677.04,3.72,0.0,0
2024-02-23 06:00:00,738.65,4.35,0.0,0
2024-02-23 07:00:00,810.78,4.55,75.07,0
2024-02-23 08:00:00,758.57,6.73,129.2,0
2024-02-23 09:00:00,825.57,7.45,153.88,0
2024-02-23 10:00:00,822.49,10.38,243.82,0
2024-02-23 11:00:00,844.89,11.91,249.69,0
2024-02-23 12:00:00,873.16,9.22,258.5,0
2024-02-23 13:00:00,858.05,8.63,219.3,0
2024-02-23 14:00:00,844.26,7.79,195.54,0
2024-02-23 15:00:00,750.41,12.31,163.81,0
2024-02-23 16:00:00,798.82,8.59,133.55,0
2024-02-23 17:00:00,766.3,5.69,75.97,0
2024-02-23 18:00:00,685.53,9.74,0.0,0
2024-02-23 19:00:00,573.03,12.74,0.0,0
2024-02-23 20:00:00,579.05,6.45,0.0,0
2024-02-23 21:00:00,523.14,6.85,0.0,0
2024-02-23 22:00:00,554.48,4.13,0.0,0
2024-02-23 23:00:00,513.51,2.73,0.0,0
2024-02-24 00:00:00,445.03,4.12,0.0,1
2024-02-24 01:00:00,402.12,1.2,0.0,1
2024-02-24 02:00:00,452.18,2.15,0.0,1
2024-02-24 03:00:00,513.5,2.42,0.0,1
2024-02-24 04:00:00,545.53,0.94,0.0,1
2024-02-24 05:00:00,542.03,5.06,0.0,1
2024-02-24 06:00:00,578.18,3.76,0.0,1
2024-02-24 07:00:00,619.16,3.81,65.01,1
2024-02-24 08:00:00,682.41,7.68,139.09,1
2024-02-24 09:00:00,757.99,6.11,199.93,1
2024-02-24 10:00:00,710.56,9.17,248.76,1
2024-02-24 11:00:00,703.43,10.13,250.4,1
2024-02-24 12:00:00,647.42,13.11,298.03,1
2024-02-24 13:00:00,684.77,12.39,251.09,1
2024-02-24 14:00:00,694.75,11.56,182.77,1
2024-02-24 15:00:00,690.64,13.08,169.49,1
2024-02-24 16:00:00,619.61,13.72,115.81,1
2024-02-24 17:00:00,586.77,11.26,74.87,1
2024-02-24 18:00:00,538.68,9.13,0.0,1
2024-02-24 19:00:00,520.84,5.28,0.0,1
2024-02-24 20:00:00,530.33,4.48,0.0,1
2024-02-24 21:00:00,456.53,4.71,0.0,1
2024-02-24 22:00:00,385.31,2.89,0.0,1
2024-02-24 23:00:00,402.96,2.7,0.0,1
2024-02-25 00:00:00,393.11,2.54,0.0,1
2024-02-25 01:00:00,403.26,2.99,0.0,1
2024-02-25 02:00:00,464.68,1.62,0.0,1
2024-02-25 03:00:00,466.86,2.9,0.0,1
2024-02-25 04:00:00,512.49,2.56,0.0,1
2024-02-25 05:00:00,628.34,-0.73,0.0,1
2024-02-25 06:00:00,598.78,2.38,0.0,1
2024-02-25 07:00:00,686.59,5.18,76.96,1
2024-02-25 08:00:00,679.81,4.34,116.1,1
2024-02-25 09:00:00,691.11,9.25,150.26,1
2024-02-25 10:00:00,682.96,12.32,211.46,1
2024-02-25 11:00:00,708.94,12.73,215.32,1
2024-02-25 12:00:00,744.48,10.66,253.48,1
2024-02-25 13:00:00,698.32,14.57,269.64,1
2024-02-25 14:00:00,673.8,12.06,258.68,1
2024-02-25 15:00:00,644.2,10.92,170.55,1
2024-02-25 16:00:00,703.95,9.86,127.81,1
2024-02-25 17:00:00,582.76,9.69,59.43,1
2024-02-25 18:00:00,572.64,8.48,0.0,1
2024-02-25 19:00:00,464.1,8.39,0.0,1
2024-02-25 20:00:00,462.2,7.08,0.0,1
2024-02-25 21:00:00,440.68,5.47,0.0,1
2024-02-25 22:00:00,427.28,5.13,0.0,1
2024-02-25 23:00:00,322.7,5.61,0.0,1
2024-02-26 00:00:00,519.35,4.48,0.0,0
2024-02-26 01:00:00,546.95,-0.89,0.0,0
2024-02-26 02:00:00,626.87,-3.2,0.0,0
2024-02-26 03:00:00,553.17,3.95,0.0,0
2024-02-26 04:00:00,640.14,-0.15,0.0,0
2024-02-26 05:00:00,672.13,2.93,0.0,0
2024-02-26 06:00:00,712.98,2.07,0.0,0
2024-02-26 07:00:00,779.74,2.01,71.21,0
2024-02-26 08:00:00,750.22,7.99,147.75,0
2024-02-26 09:00:00,758.36,9.72,181.9,0
2024-02-26 10:00:00,876.07,8.26,255.34,0
2024-02-26 11:00:00,868.14,5.26,227.32,0
2024-02-26 12:00:00,854.04,10.15,266.53,0
2024-02-26 13:00:00,846.76,12.52,272.45,0
2024-02-26 14:00:00,828.3,8.95,217.34,0
2024-02-26 15:00:00,759.72,12.11,150.16,0
2024-02-26 16:00:00,753.55,11.21,118.72,0
2024-02-26 17:00:00,723.66,11.61,66.19,0
2024-02-26 18:00:00,634.26,9.65,0.0,0
2024-02-26 19:00:00,641.89,6.26,0.0,0
2024-02-26 20:00:00,523.64,9.3,0.0,0
2024-02-26 21:00:00,555.75,5.3,0.0,0
2024-02-26 22:00:00,544.08,4.36,0.0,0
2024-02-26 23:00:00,530.36,1.51,0.0,0
2024-02-27 00:00:00,530.09,1.85,0.0,0
2024-02-27 01:00:00,526.95,0.47,0.0,0
2024-02-27 02:00:00,571.53,1.72,0.0,0
2024-02-27 03:00:00,588.38,5.66,0.0,0
2024-02-27 04:00:00,632.66,-0.01,0.0,0
2024-02-27 05:00:00,689.65,0.3,0.0,0
2024-02-27 06:00:00,697.49,7.51,0.0,0
2024-02-27 07:00:00,788.55,5.35,72.55,0
2024-02-27 08:00:00,765.4,5.73,130.01,0
2024-02-27 09:00:00,792.81,10.44,148.9,0
2024-02-27 10:00:00,856.75,8.35,221.73,0
2024-02-27 11:00:00,808.11,14.25,241.93,0
2024-02-27 12:00:00,770.57,12.75,237.5,0
2024-02-27 13:00:00,856.53,10.92,205.6,0
2024-02-27 14:00:00,807.39,16.38,198.75,0
2024-02-27 15:00:00,797.51,10.68,197.87,0
2024-02-27 16:00:00,705.43,12.88,136.37,0
2024-02-27 17:00:00,686.95,11.2,75.37,0
2024-02-27 18:00:00,682.56,12.17,0.0,0
2024-02-27 19:00:00,616.17,11.48,0.0,0
2024-02-27 20:00:00,604.71,7.13,0.0,0
2024-02-27 21:00:00,584.85,4.26,0.0,0
2024-02-27 22:00:00,515.42,5.48,0.0,0
2024-02-27 23:00:00,540.06,2.17,0.0,0
2024-02-28 00:00:00,488.88,6.92,0.0,0
2024-02-28 01:00:00,553.91,2.66,0.0,0
2024-02-28 02:00:00,609.62,1.49,0.0,0
2024-02-28 03:00:00,618.93,2.76,0.0,0
2024-02-28 04:00:00,622.55,0.2,0.0,0
2024-02-28 05:00:00,696.42,1.74,0.0,0
2024-02-28 06:00:00,707.2,7.12,0.0,0
2024-02-28 07:00:00,781.11,4.61,59.41,0
2024-02-28 08:00:00,793.0,5.13,115.85,0
2024-02-28 09:00:00,878.39,9.59,161.33,0
2024-02-28 10:00:00,780.36,12.09,185.47,0
2024-02-28 11:00:00,804.16,12.19,220.62,0
2024-02-28 12:00:00,830.41,13.54,263.32,0
2024-02-28 13:00:00,900.74,10.54,218.36,0
2024-02-28 14:00:00,818.53,9.38,220.16,0
2024-02-28 15:00:00,744.24,15.05,194.46,0
2024-02-28 16:00:00,777.88,10.91,136.37,0
2024-02-28 17:00:00,708.77,10.25,72.43,0
2024-02-28 18:00:00,627.86,12.38,0.0,0
2024-02-28 19:00:00,626.1,9.63,0.0,0
2024-02-28 20:00:00,585.49,8.13,0.0,0
2024-02-28 21:00:00,541.77,10.26,0.0,0
2024-02-28 22:00:00,584.74,3.43,0.0,0
2024-02-28 23:00:00,519.08,5.54,0.0,0
2024-02-29 00:00:00,535.66,3.16,0.0,0
2024-02-29 01:00:00,541.3,3.09,0.0,0
2024-02-29 02:00:00,544.66,5.44,0.0,0
2024-02-29 03:00:00,584.31,3.57,0.0,0
2024-02-29 04:00:00,618.73,4.13,0.0,0
2024-02-29 05:00:00,678.27,5.99,0.0,0
2024-02-29 06:00:00,756.41,4.15,0.0,0
2024-02-29 07:00:00,730.01,4.41,76.63,0
2024-02-29 08:00:00,807.35,5.29,136.08,0
2024-02-29 09:00:00,836.8,4.74,208.32,0
2024-02-29 10:00:00,785.51,13.99,241.41,0
2024-02-29 11:00:00,876.17,8.71,266.68,0
2024-02-29 12:00:00,864.07,11.27,210.51,0
2024-02-29 13:00:00,833.83,11.66,269.3,0
2024-02-29 14:00:00,755.43,12.99,241.16,0
2024-02-29 15:00:00,738.89,13.84,168.43,0
2024-02-29 16:00:00,748.11,13.43,111.33,0
2024-02-29 17:00:00,645.77,9.75,68.63,0
2024-02-29 18:00:00,694.24,9.54,0.0,0
2024-02-29 19:00:00,628.88,9.24,0.0,0
2024-02-29 20:00:00,624.09,6.88,0.0,0
2024-02-29 21:00:00,520.62,9.3,0.0,0
2024-02-29 22:00:00,476.65,5.86,0.0,0
2024-02-29 23:00:00,524.44,5.31,0.0,0
2024-03-01 00:00:00,546.51,4.54,0.0,0
2024-03-01 01:00:00,539.36,5.06,0.0,0
2024-03-01 02:00:00,541.21,2.9,0.0,0
2024-03-01 03:00:00,619.58,0.12,0.0,0
2024-03-01 04:00:00,606.59,4.01,0.0,0
2024-03-01 05:00:00,660.74,2.7,0.0,0
2024-03-01 06:00:00,744.06,3.98,0.0,0
2024-03-01 07:00:00,707.64,7.42,72.09,0
2024-03-01 08:00:00,737.49,10.02,112.38,0
2024-03-01 09:00:00,785.06,8.88,166.19,0
2024-03-01 10:00:00,789.37,10.66,241.56,0
2024-03-01 11:00:00,812.05,14.48,205.02,0
2024-03-01 12:00:00,865.52,12.35,240.17,0
2024-03-01 13:00:00,772.84,17.57,250.45,0
2024-03-01 14:00:00,758.85,13.67,247.53,0
2024-03-01 15:00:00,833.94,8.85,178.2,0
2024-03-01 16:00:00,768.38,13.38,142.59,0
2024-03-01 17:00:00,677.23,11.84,67.64,0
2024-03-01 18:00:00,621.84,12.62,0.0,0
2024-03-01 19:00:00,619.33,10.18,0.0,0
2024-03-01 20:00:00,627.92,7.26,0.0,0
2024-03-01 21:00:00,567.61,3.8,0.0,0
2024-03-01 22:00:00,507.27,4.62,0.0,0
2024-03-01 23:00:00,559.57,2.3,0.0,0
2024-03-02 00:00:00,437.86,2.21,0.0,1
2024-03-02 01:00:00,406.47,4.05,0.0,1
2024-03-02 02:00:00,392.42,6.04,0.0,1
2024-03-02 03:00:00,486.82,3.66,0.0,1
2024-03-02 04:00:00,543.39,0.98,0.0,1
2024-03-02 05:00:00,518.46,5.06,0.0,1
2024-03-02 06:00:00,565.27,7.6,0.0,1
2024-03-02 07:00:00,606.08,5.19,60.74,1
2024-03-02 08:00:00,682.8,7.43,123.91,1
2024-03-02 09:00:00,684.61,9.03,202.86,1
2024-03-02 10:00:00,715.98,8.63,235.62,1
2024-03-02 11:00:00,707.02,12.53,270.53,1
2024-03-02 12:00:00,723.1,11.79,264.87,1
2024-03-02 13:00:00,721.85,13.37,244.92,1
2024-03-02 14:00:00,718.71,10.93,220.31,1
2024-03-02 15:00:00,660.94,11.66,164.11,1
2024-03-02 16:00:00,624.32,13.48,141.49,1
2024-03-02 17:00:00,596.86,10.49,55.6,1
2024-03-02 18:00:00,492.77,13.66,0.0,1
2024-03-02 19:00:00,503.14,8.2,0.0,1
2024-03-02 20:00:00,454.78,8.15,0.0,1
2024-03-02 21:00:00,428.47,8.27,0.0,1
2024-03-02 22:00:00,433.96,2.37,0.0,1
2024-03-02 23:00:00,430.6,0.65,0.0,1
2024-03-03 00:00:00,484.36,0.49,0.0,1
2024-03-03 01:00:00,414.68,5.56,0.0,1
2024-03-03 02:00:00,430.14,1.76,0.0,1
2024-03-03 03:00:00,431.31,8.15,0.0,1
2024-03-03 04:00:00,518.87,2.41,0.0,1
2024-03-03 05:00:00,551.01,4.7,0.0,1
2024-03-03 06:00:00,558.92,8.45,0.0,1
2024-03-03 07:00:00,615.65,10.59,54.83,1
2024-03-03 08:00:00,628.74,11.99,130.6,1
2024-03-03 09:00:00,664.09,11.58,207.85,1
2024-03-03 10:00:00,715.1,12.42,223.88,1
2024-03-03 11:00:00,713.14,12.59,285.74,1
2024-03-03 12:00:00,705.49,13.75,273.52,1
2024-03-03 13:00:00,725.09,11.59,238.76,1
2024-03-03 14:00:00,698.55,11.23,235.67,1
2024-03-03 15:00:00,654.75,12.69,168.51,1
2024-03-03 16:00:00,606.76,11.86,113.01,1
2024-03-03 17:00:00,568.02,10.5,67.85,1
2024-03-03 18:00:00,497.43,11.76,0.0,1
2024-03-03 19:00:00,442.71,11.07,0.0,1
2024-03-03 20:00:00,437.56,8.04,0.0,1
2024-03-03 21:00:00,398.94,9.53,0.0,1
2024-03-03 22:00:00,438.53,3.08,0.0,1
2024-03-03 23:00:00,400.59,3.94,0.0,1
2024-03-04 00:00:00,478.4,2.27,0.0,0
2024-03-04 01:00:00,611.46,-0.53,0.0,0
2024-03-04 02:00:00,585.27,2.87,0.0,0
2024-03-04 03:00:00,600.11,2.96,0.0,0
2024-03-04 04:00:00,640.37,6.73,0.0,0
2024-03-04 05:00:00,626.2,5.76,0.0,0
2024-03-04 06:00:00,772.33,3.49,0.0,0
2024-03-04 07:00:00,683.15,10.45,54.38,0
2024-03-04 08:00:00,761.2,10.48,142.85,0
2024-03-04 09:00:00,764.65,10.49,151.83,0
2024-03-04 10:00:00,832.76,10.08,195.56,0
2024-03-04 11:00:00,866.33,9.65,205.26,0
2024-03-04 12:00:00,839.93,11.62,283.84,0
2024-03-04 13:00:00,820.62,15.04,271.22,0
2024-03-04 14:00:00,767.64,16.8,258.49,0
2024-03-04 15:00:00,728.85,15.95,166.01,0
2024-03-04 16:00:00,731.96,11.39,121.02,0
2024-03-04 17:00:00,738.73,9.33,73.5,0
2024-03-04 18:00:00,635.49,10.82,0.0,0
2024-03-04 19:00:00,673.2,5.79,0.0,0
2024-03-04 20:00:00,603.76,8.68,0.0,0
2024-03-04 21:00:00,512.41,6.45,0.0,0
2024-03-04 22:00:00,569.09,4.6,0.0,0
2024-03-04 23:00:00,605.23,1.31,0.0,0
2024-03-05 00:00:00,517.29,4.9,0.0,0
2024-03-05 01:00:00,558.71,2.31,0.0,0
2024-03-05 02:00:00,604.08,0.86,0.0,0
2024-03-05 03:00:00,635.4,-2.37,0.0,0
2024-03-05 04:00:00,626.37,3.82,0.0,0
2024-03-05 05:00:00,593.25,8.21,0.0,0
2024-03-05 06:00:00,673.2,9.03,0.0,0
2024-03-05 07:00:00,764.26,6.0,60.74,0
2024-03-05 08:00:00,802.91,7.0,119.24,0
2024-03-05 09:00:00,823.7,10.44,172.73,0
2024-03-05 10:00:00,826.77,8.71,211.64,0
2024-03-05 11:00:00,816.44,12.34,230.4,0
2024-03-05 12:00:00,866.73,14.07,265.39,0
2024-03-05 13:00:00,794.56,15.49,214.23,0
2024-03-05 14:00:00,808.17,13.0,247.16,0
2024-03-05 15:00:00,773.49,12.63,155.88,0
2024-03-05 16:00:00,731.68,10.78,134.6,0
2024-03-05 17:00:00,751.5,10.09,74.73,0
2024-03-05 18:00:00,644.3,10.25,0.0,0
2024-03-05 19:00:00,577.73,10.23,0.0,0
2024-03-05 20:00:00,548.42,10.03,0.0,0
2024-03-05 21:00:00,515.5,5.3,0.0,0
2024-03-05 22:00:00,483.62,8.69,0.0,0
2024-03-05 23:00:00,501.35,4.13,0.0,0
2024-03-06 00:00:00,535.42,4.0,0.0,0
2024-03-06 01:00:00,529.47,2.05,0.0,0
2024-03-06 02:00:00,623.73,-1.47,0.0,0
2024-03-06 03:00:00,600.41,5.31,0.0,0
2024-03-06 04:00:00,624.35,5.52,0.0,0
2024-03-06 05:00:00,660.09,4.28,0.0,0
2024-03-06 06:00:00,703.44,6.01,0.0,0
2024-03-06 07:00:00,692.51,8.11,55.95,0
2024-03-06 08:00:00,804.16,5.25,144.69,0
2024-03-06 09:00:00,793.8,8.61,208.23,0
2024-03-06 10:00:00,825.93,12.46,235.57,0
2024-03-06 11:00:00,923.49,9.4,277.9,0
2024-03-06 12:00:00,839.58,13.29,252.67,0
2024-03-06 13:00:00,798.49,10.49,244.66,0
2024-03-06 14:00:00,781.1,14.31,214.99,0
2024-03-06 15:00:00,773.15,13.13,164.71,0
2024-03-06 16:00:00,767.44,9.47,106.29,0
2024-03-06 17:00:00,651.1,14.24,57.19,0
2024-03-06 18:00:00,672.08,9.41,0.0,0
2024-03-06 19:00:00,596.69,8.05,0.0,0
2024-03-06 20:00:00,548.62,8.78,0.0,0
2024-03-06 21:00:00,540.94,9.38,0.0,0
2024-03-06 22:00:00,522.97,3.84,0.0,0
2024-03-06 23:00:00,530.64,4.96,0.0,0
2024-03-07 00:00:00,475.01,5.08,0.0,0
2024-03-07 01:00:00,559.89,5.1,0.0,0
2024-03-07 02:00:00,528.43,3.9,0.0,0
2024-03-07 03:00:00,583.15,2.98,0.0,0
2024-03-07 04:00:00,642.64,2.56,0.0,0
2024-03-07 05:00:00,642.26,5.18,0.0,0
2024-03-07 06:00:00,724.55,3.9,0.0,0
2024-03-07 07:00:00,812.04,1.41,69.55,0
2024-03-07 08:00:00,789.81,9.42,138.58,0
2024-03-07 09:00:00,804.71,11.65,196.65,0
2024-03-07 10:00:00,865.69,6.32,252.03,0
2024-03-07 11:00:00,848.88,10.06,218.73,0
2024-03-07 12:00:00,877.56,14.12,292.2,0
2024-03-07 13:00:00,802.01,17.49,264.37,0
2024-03-07 14:00:00,774.26,13.59,256.25,0
2024-03-07 15:00:00,784.71,11.92,162.4,0
2024-03-07 16:00:00,726.5,12.51,148.23,0
2024-03-07 17:00:00,660.05,14.83,70.46,0
2024-03-07 18:00:00,631.7,9.76,0.0,0
2024-03-07 19:00:00,615.5,8.24,0.0,0
2024-03-07 20:00:00,629.47,7.58,0.0,0
2024-03-07 21:00:00,579.58,5.35,0.0,0
2024-03-07 22:00:00,461.58,6.29,0.0,0
2024-03-07 23:00:00,514.62,8.26,0.0,0
2024-03-08 00:00:00,536.85,5.04,0.0,0
2024-03-08 01:00:00,523.95,3.39,0.0,0
2024-03-08 02:00:00,573.33,3.14,0.0,0
2024-03-08 03:00:00,589.43,0.77,0.0,0
2024-03-08 04:00:00,586.65,6.16,0.0,0
2024-03-08 05:00:00,695.38,5.03,0.0,0
2024-03-08 06:00:00,694.59,5.86,0.0,0
2024-03-08 07:00:00,626.87,13.81,56.51,0
2024-03-08 08:00:00,765.21,9.32,110.14,0
2024-03-08 09:00:00,814.32,8.51,161.96,0
2024-03-08 10:00:00,859.46,10.37,222.77,0
2024-03-08 11:00:00,807.99,14.56,262.99,0
2024-03-08 12:00:00,816.67,13.28,254.37,0
2024-03-08 13:00:00,872.55,10.68,246.13,0
2024-03-08 14:00:00,780.61,15.56,212.24,0
2024-03-08 15:00:00,760.51,12.22,200.29,0
2024-03-08 16:00:00,720.88,16.8,120.5,0
2024-03-08 17:00:00,672.42,14.42,67.01,0
2024-03-08 18:00:00,656.79,10.33,0.0,0
2024-03-08 19:00:00,586.89,12.58,0.0,0
2024-03-08 20:00:00,544.65,8.86,0.0,0
2024-03-08 21:00:00,514.04,9.13,0.0,0
2024-03-08 22:00:00,514.96,7.19,0.0,0
2024-03-08 23:00:00,527.0,3.49,0.0,0
2024-03-09 00:00:00,438.99,3.28,0.0,1
2024-03-09 01:00:00,390.95,6.13,0.0,1
2024-03-09 02:00:00,455.87,3.23,0.0,1
2024-03-09 03:00:00,466.19,3.26,0.0,1
2024-03-09 04:00:00,539.81,2.66,0.0,1
2024-03-09 05:00:00,536.06,6.21,0.0,1
2024-03-09 06:00:00,535.09,10.52,0.0,1
2024-03-09 07:00:00,636.73,5.47,62.33,1
2024-03-09 08:00:00,626.66,8.95,137.62,1
2024-03-09 09:00:00,663.91,13.02,159.93,1
2024-03-09 10:00:00,699.8,11.24,235.78,1
2024-03-09 11:00:00,687.24,13.34,203.87,1
2024-03-09 12:00:00,756.61,11.11,245.54,1
2024-03-09 13:00:00,656.07,14.59,216.37,1
2024-03-09 14:00:00,667.39,13.53,254.13,1
2024-03-09 15:00:00,650.11,15.7,189.97,1
2024-03-09 16:00:00,591.84,15.6,116.81,1
2024-03-09 17:00:00,514.42,17.61,62.39,1
2024-03-09 18:00:00,520.69,12.56,0.0,1
2024-03-09 19:00:00,484.27,10.85,0.0,1
2024-03-09 20:00:00,409.2,9.29,0.0,1
2024-03-09 21:00:00,420.85,6.9,0.0,1
2024-03-09 22:00:00,436.44,7.08,0.0,1
2024-03-09 23:00:00,382.6,4.77,0.0,1
2024-03-10 00:00:00,381.19,5.09,0.0,1
2024-03-10 01:00:00,364.43,6.88,0.0,1
2024-03-10 02:00:00,443.97,2.07,0.0,1
2024-03-10 03:00:00,418.72,6.53,0.0,1
2024-03-10 04:00:00,478.34,7.38,0.0,1
2024-03-10 05:00:00,540.1,5.31,0.0,1
2024-03-10 06:00:00,635.99,2.33,0.0,1
2024-03-10 07:00:00,599.8,6.57,68.84,1
2024-03-10 08:00:00,614.77,11.67,139.59,1
2024-03-10 09:00:00,672.51,10.33,171.67,1
2024-03-10 10:00:00,728.8,9.58,206.38,1
2024-03-10 11:00:00,697.31,11.6,249.13,1
2024-03-10 12:00:00,711.99,15.09,294.99,1
2024-03-10 13:00:00,712.83,15.0,209.93,1
2024-03-10 14:00:00,652.48,13.6,183.4,1
2024-03-10 15:00:00,637.41,13.17,184.7,1
2024-03-10 16:00:00,600.45,12.62,122.39,1
2024-03-10 17:00:00,649.88,10.77,67.16,1
2024-03-10 18:00:00,481.16,14.81,0.0,1
2024-03-10 19:00:00,532.9,9.73,0.0,1
2024-03-10 20:00:00,393.21,11.51,0.0,1
2024-03-10 21:00:00,365.57,10.83,0.0,1
2024-03-10 22:00:00,363.88,8.58,0.0,1
2024-03-10 23:00:00,378.88,4.68,0.0,1
2024-03-11 00:00:00,495.94,5.74,0.0,0
2024-03-11 01:00:00,505.29,4.38,0.0,0
2024-03-11 02:00:00,541.8,2.45,0.0,0
2024-03-11 03:00:00,596.76,5.08,0.0,0
2024-03-11 04:00:00,664.89,2.57,0.0,0
2024-03-11 05:00:00,650.98,8.1,0.0,0
2024-03-11 06:00:00,714.8,5.83,0.0,0
2024-03-11 07:00:00,730.41,8.37,68.5,0
2024-03-11 08:00:00,749.32,9.83,110.67,0
2024-03-11 09:00:00,777.24,10.04,172.77,0
2024-03-11 10:00:00,812.96,12.93,228.17,0
2024-03-11 11:00:00,805.4,11.84,243.32,0
2024-03-11 12:00:00,781.84,15.33,214.14,0
2024-03-11 13:00:00,868.04,11.4,279.94,0
2024-03-11 14:00:00,835.61,14.51,243.62,0
2024-03-11 15:00:00,731.59,17.97,150.88,0
2024-03-11 16:00:00,771.78,11.59,106.92,0
2024-03-11 17:00:00,691.23,11.44,73.52,0
2024-03-11 18:00:00,598.69,12.79,0.0,0
2024-03-11 19:00:00,614.42,10.91,0.0,0
2024-03-11 20:00:00,574.63,9.96,0.0,0
2024-03-11 21:00:00,530.94,8.94,0.0,0
2024-03-11 22:00:00,500.45,8.03,0.0,0
2024-03-11 23:00:00,511.44,7.94,0.0,0
2024-03-12 00:00:00,476.05,5.93,0.0,0
2024-03-12 01:00:00,506.18,4.13,0.0,0
2024-03-12 02:00:00,503.73,5.79,0.0,0
2024-03-12 03:00:00,536.59,8.41,0.0,0
2024-03-12 04:00:00,584.35,4.85,0.0,0
2024-03-12 05:00:00,651.57,3.96,0.0,0
2024-03-12 06:00:00,650.81,9.16,0.0,0
2024-03-12 07:00:00,726.19,7.91,68.66,0
2024-03-12 08:00:00,771.86,5.1,141.23,0
2024-03-12 09:00:00,779.3,12.43,179.53,0
2024-03-12 10:00:00,855.69,10.87,225.6,0
2024-03-12 11:00:00,828.62,12.8,266.24,0
2024-03-12 12:00:00,854.18,14.43,285.55,0
2024-03-12 13:00:00,840.02,14.65,262.72,0
2024-03-12 14:00:00,794.05,15.86,220.16,0
2024-03-12 15:00:00,769.29,13.4,208.42,0
2024-03-12 16:00:00,712.59,14.8,143.08,0
2024-03-12 17:00:00,706.29,12.46,55.57,0
2024-03-12 18:00:00,616.02,13.42,0.0,0
2024-03-12 19:00:00,541.52,11.97,0.0,0
2024-03-12 20:00:00,596.6,7.57,0.0,0
2024-03-12 21:00:00,487.11,10.32,0.0,0
2024-03-12 22:00:00,504.05,5.87,0.0,0
2024-03-12 23:00:00,491.61,7.52,0.0,0
2024-03-13 00:00:00,497.33,6.03,0.0,0
2024-03-13 01:00:00,446.8,8.47,0.0,0
2024-03-13 02:00:00,549.15,4.18,0.0,0
2024-03-13 03:00:00,601.77,4.1,0.0,0
2024-03-13 04:00:00,579.23,5.26,0.0,0
2024-03-13 05:00:00,685.22,5.48,0.0,0
2024-03-13 06:00:00,633.75,8.72,0.0,0
2024-03-13 07:00:00,813.72,5.1,65.93,0
2024-03-13 08:00:00,774.55,7.52,106.47,0
2024-03-13 09:00:00,817.23,8.78,206.47,0
2024-03-13 10:00:00,745.65,14.03,222.59,0
2024-03-13 11:00:00,785.82,16.58,284.35,0
2024-03-13 12:00:00,828.25,13.75,243.28,0
2024-03-13 13:00:00,809.86,14.12,282.94,0
2024-03-13 14:00:00,771.48,14.76,246.14,0
2024-03-13 15:00:00,709.98,16.78,195.66,0
2024-03-13 16:00:00,767.26,12.1,116.31,0
2024-03-13 17:00:00,676.16,13.64,73.83,0
2024-03-13 18:00:00,657.77,14.08,0.0,0
2024-03-13 19:00:00,575.86,11.92,0.0,0
2024-03-13 20:00:00,549.09,10.0,0.0,0
2024-03-13 21:00:00,535.64,10.33,0.0,0
2024-03-13 22:00:00,529.04,1.72,0.0,0
2024-03-13 23:00:00,462.03,7.44,0.0,0
2024-03-14 00:00:00,545.72,4.17,0.0,0
2024-03-14 01:00:00,524.33,1.32,0.0,0
2024-03-14 02:00:00,482.99,5.83,0.0,0
2024-03-14 03:00:00,588.01,7.73,0.0,0
2024-03-14 04:00:00,573.1,5.2,0.0,0
2024-03-14 05:00:00,631.04,8.18,0.0,0
2024-03-14 06:00:00,656.38,10.53,0.0,0
2024-03-14 07:00:00,630.04,11.15,67.13,0
2024-03-14 08:00:00,722.42,13.09,115.39,0
2024-03-14 09:00:00,786.75,12.59,163.64,0
2024-03-14 10:00:00,817.45,12.46,219.61,0
2024-03-14 11:00:00,874.36,10.14,209.07,0
2024-03-14 12:00:00,813.83,13.65,276.26,0
2024-03-14 13:00:00,841.47,12.95,268.89,0
2024-03-14 14:00:00,747.49,19.15,211.97,0
2024-03-14 15:00:00,723.28,14.29,172.59,0
2024-03-14 16:00:00,683.69,14.39,147.91,0
2024-03-14 17:00:00,630.73,14.45,63.49,0
2024-03-14 18:00:00,661.27,12.4,0.0,0
2024-03-14 19:00:00,525.43,14.49,0.0,0
2024-03-14 20:00:00,581.2,8.56,0.0,0
2024-03-14 21:00:00,522.88,8.91,0.0,0
2024-03-14 22:00:00,525.98,5.83,0.0,0
2024-03-14 23:00:00,564.56,3.63,0.0,0
2024-03-15 00:00:00,504.61,4.44,0.0,0
2024-03-15 01:00:00,531.17,5.09,0.0,0
2024-03-15 02:00:00,546.35,4.14,0.0,0
2024-03-15 03:00:00,576.95,3.78,0.0,0
2024-03-15 04:00:00,688.96,2.85,0.0,0
2024-03-15 05:00:00,609.25,6.3,0.0,0
2024-03-15 06:00:00,747.35,4.49,0.0,0
2024-03-15 07:00:00,725.94,10.22,64.63,0
2024-03-15 08:00:00,746.39,10.16,107.26,0
2024-03-15 09:00:00,858.4,8.38,173.4,0
2024-03-15 10:00:00,768.22,11.88,236.17,0
2024-03-15 11:00:00,819.86,12.03,234.26,0
2024-03-15 12:00:00,780.13,14.97,243.76,0
2024-03-15 13:00:00,788.41,17.51,237.89,0
2024-03-15 14:00:00,792.91,11.25,247.38,0
2024-03-15 15:00:00,761.68,15.06,171.75,0
2024-03-15 16:00:00,715.27,14.01,130.64,0
2024-03-15 17:00:00,651.03,14.88,77.21,0
2024-03-15 18:00:00,640.48,12.92,0.0,0
2024-03-15 19:00:00,603.65,9.79,0.0,0
2024-03-15 20:00:00,539.2,9.36,0.0,0
2024-03-15 21:00:00,617.51,7.11,0.0,0
2024-03-15 22:00:00,478.13,9.65,0.0,0
2024-03-15 23:00:00,446.33,6.5,0.0,0
2024-03-16 00:00:00,322.37,9.66,0.0,1
2024-03-16 01:00:00,362.79,5.23,0.0,1
2024-03-16 02:00:00,449.76,3.77,0.0,1
2024-03-16 03:00:00,483.34,2.33,0.0,1
2024-03-16 04:00:00,527.48,2.25,0.0,1
2024-03-16 05:00:00,544.17,3.48,0.0,1
2024-03-16 06:00:00,550.82,8.22,0.0,1
2024-03-16 07:00:00,583.4,9.91,56.39,1
2024-03-16 08:00:00,667.74,7.02,129.65,1
2024-03-16 09:00:00,669.61,13.27,197.8,1
2024-03-16 10:00:00,704.42,11.72,247.2,1
2024-03-16 11:00:00,705.54,14.01,255.0,1
2024-03-16 12:00:00,675.09,17.74,235.85,1
2024-03-16 13:00:00,687.21,16.81,286.08,1
2024-03-16 14:00:00,673.93,14.65,249.75,1
2024-03-16 15:00:00,658.07,13.23,205.38,1
2024-03-16 16:00:00,667.6,10.21,123.66,1
2024-03-16 17:00:00,552.31,12.28,71.99,1
2024-03-16 18:00:00,495.98,12.26,0.0,1
2024-03-16 19:00:00,463.54,9.5,0.0,1
2024-03-16 20:00:00,445.35,9.92,0.0,1
2024-03-16 21:00:00,361.79,9.04,0.0,1
2024-03-16 22:00:00,405.99,7.24,0.0,1
2024-03-16 23:00:00,390.59,5.35,0.0,1
2024-03-17 00:00:00,404.54,6.38,0.0,1
2024-03-17 01:00:00,365.72,6.43,0.0,1
2024-03-17 02:00:00,429.77,3.19,0.0,1
2024-03-17 03:00:00,442.96,8.37,0.0,1
2024-03-17 04:00:00,516.1,5.85,0.0,1
2024-03-17 05:00:00,502.46,6.88,0.0,1
2024-03-17 06:00:00,551.63,9.29,0.0,1
2024-03-17 07:00:00,603.65,9.55,75.62,1
2024-03-17 08:00:00,626.53,12.28,109.72,1
2024-03-17 09:00:00,652.42,12.24,161.88,1
2024-03-17 10:00:00,728.74,11.65,184.02,1
2024-03-17 11:00:00,639.61,14.63,236.89,1
2024-03-17 12:00:00,705.29,12.42,253.0,1
2024-03-17 13:00:00,690.17,15.42,244.66,1
2024-03-17 14:00:00,671.55,15.31,229.69,1
2024-03-17 15:00:00,667.36,14.79,182.3,1
2024-03-17 16:00:00,625.47,14.45,121.41,1
2024-03-17 17:00:00,583.16,10.15,55.91,1
2024-03-17 18:00:00,554.72,11.78,0.0,1
2024-03-17 19:00:00,451.84,11.85,0.0,1
2024-03-17 20:00:00,456.32,10.69,0.0,1
2024-03-17 21:00:00,473.59,7.03,0.0,1
2024-03-17 22:00:00,393.1,10.41,0.0,1
2024-03-17 23:00:00,398.39,5.11,0.0,1
2024-03-18 00:00:00,469.96,8.17,0.0,0
2024-03-18 01:00:00,462.69,6.59,0.0,0
2024-03-18 02:00:00,551.82,4.27,0.0,0
2024-03-18 03:00:00,497.83,9.29,0.0,0
2024-03-18 04:00:00,601.68,3.85,0.0,0
2024-03-18 05:00:00,589.78,8.87,0.0,0
2024-03-18 06:00:00,647.82,10.07,0.0,0
2024-03-18 07:00:00,731.76,7.93,62.53,0
2024-03-18 08:00:00,733.33,13.35,124.36,0
2024-03-18 09:00:00,772.81,11.36,167.1,0
2024-03-18 10:00:00,823.5,13.64,226.34,0
2024-03-18 11:00:00,801.76,14.62,281.84,0
2024-03-18 12:00:00,794.03,14.63,213.39,0
2024-03-18 13:00:00,788.67,17.02,252.2,0
2024-03-18 14:00:00,810.76,17.15,207.95,0
2024-03-18 15:00:00,790.81,11.9,178.32,0
2024-03-18 16:00:00,675.88,17.51,147.54,0
2024-03-18 17:00:00,665.81,10.78,55.45,0
2024-03-18 18:00:00,603.2,15.13,0.0,0
2024-03-18 19:00:00,572.97,14.11,0.0,0
2024-03-18 20:00:00,566.47,8.38,0.0,0
2024-03-18 21:00:00,492.44,8.45,0.0,0
2024-03-18 22:00:00,506.98,5.85,0.0,0
2024-03-18 23:00:00,537.17,6.6,0.0,0
2024-03-19 00:00:00,537.73,5.81,0.0,0
2024-03-19 01:00:00,469.77,7.49,0.0,0
2024-03-19 02:00:00,519.82,8.38,0.0,0
2024-03-19 03:00:00,501.91,8.72,0.0,0
2024-03-19 04:00:00,642.07,5.3,0.0,0
2024-03-19 05:00:00,646.32,6.8,0.0,0
2024-03-19 06:00:00,734.82,4.89,0.0,0
2024-03-19 07:00:00,690.36,7.85,71.83,0
2024-03-19 08:00:00,750.06,12.69,110.02,0
2024-03-19 09:00:00,748.39,15.28,175.65,0
2024-03-19 10:00:00,846.6,10.79,212.55,0
2024-03-19 11:00:00,844.96,13.11,275.09,0
2024-03-19 12:00:00,811.28,15.04,222.8,0
2024-03-19 13:00:00,776.68,16.15,208.85,0
2024-03-19 14:00:00,811.3,14.14,199.4,0
2024-03-19 15:00:00,735.55,16.44,152.26,0
2024-03-19 16:00:00,696.77,14.14,136.4,0
2024-03-19 17:00:00,646.11,14.27,57.59,0
2024-03-19 18:00:00,579.56,14.35,0.0,0
2024-03-19 19:00:00,574.82,12.07,0.0,0
2024-03-19 20:00:00,588.71,9.89,0.0,0
2024-03-19 21:00:00,530.57,9.25,0.0,0
2024-03-19 22:00:00,492.73,8.08,0.0,0
2024-03-19 23:00:00,522.11,6.48,0.0,0
2024-03-20 00:00:00,478.14,6.1,0.0,0
2024-03-20 01:00:00,476.0,9.32,0.0,0
2024-03-20 02:00:00,511.56,7.07,0.0,0
2024-03-20 03:00:00,582.74,5.53,0.0,0
2024-03-20 04:00:00,540.41,8.02,0.0,0
2024-03-20 05:00:00,619.49,6.75,0.0,0
2024-03-20 06:00:00,611.06,10.8,0.0,0
2024-03-20 07:00:00,701.3,10.4,70.2,0
2024-03-20 08:00:00,782.91,10.74,107.18,0
2024-03-20 09:00:00,757.37,13.14,171.04,0
2024-03-20 10:00:00,817.33,10.31,224.31,0
2024-03-20 11:00:00,852.63,12.23,249.07,0
2024-03-20 12:00:00,857.77,12.89,263.03,0
2024-03-20 13:00:00,790.29,16.07,269.52,0
2024-03-20 14:00:00,784.5,19.42,229.67,0
2024-03-20 15:00:00,716.94,20.24,178.54,0
2024-03-20 16:00:00,728.86,16.56,126.24,0
2024-03-20 17:00:00,710.59,15.49,59.9,0
2024-03-20 18:00:00,674.53,9.85,0.0,0
2024-03-20 19:00:00,544.52,11.16,0.0,0
2024-03-20 20:00:00,552.28,9.38,0.0,0
2024-03-20 21:00:00,549.73,8.42,0.0,0
2024-03-20 22:00:00,495.1,8.12,0.0,0
2024-03-20 23:00:00,533.89,6.47,0.0,0
2024-03-21 00:00:00,546.12,2.86,0.0,0
2024-03-21 01:00:00,471.02,7.81,0.0,0
2024-03-21 02:00:00,547.58,4.0,0.0,0
2024-03-21 03:00:00,528.27,6.8,0.0,0
2024-03-21 04:00:00,545.78,10.97,0.0,0
2024-03-21 05:00:00,636.64,5.77,0.0,0
2024-03-21 06:00:00,753.5,3.59,0.0,0
2024-03-21 07:00:00,771.85,9.28,69.96,0
2024-03-21 08:00:00,690.73,13.35,130.66,0
2024-03-21 09:00:00,689.76,16.36,173.3,0
2024-03-21 10:00:00,815.19,11.19,188.97,0
2024-03-21 11:00:00,758.46,15.68,250.0,0
2024-03-21 12:00:00,815.69,14.55,211.1,0
2024-03-21 13:00:00,814.26,15.77,238.24,0
2024-03-21 14:00:00,824.92,21.44,247.29,0
2024-03-21 15:00:00,776.75,12.97,200.04,0
2024-03-21 16:00:00,695.32,15.98,117.78,0
2024-03-21 17:00:00,606.12,15.62,76.47,0
2024-03-21 18:00:00,602.47,15.82,0.0,0
2024-03-21 19:00:00,583.64,12.64,0.0,0
2024-03-21 20:00:00,558.34,11.76,0.0,0
2024-03-21 21:00:00,510.17,9.07,0.0,0
2024-03-21 22:00:00,484.06,9.19,0.0,0
2024-03-21 23:00:00,460.61,6.93,0.0,0
2024-03-22 00:00:00,420.15,8.26,0.0,0
2024-03-22 01:00:00,481.36,5.77,0.0,0
2024-03-22 02:00:00,476.56,7.1,0.0,0
2024-03-22 03:00:00,562.44,6.46,0.0,0
2024-03-22 04:00:00,554.39,9.27,0.0,0
2024-03-22 05:00:00,617.73,7.71,0.0,0
2024-03-22 06:00:00,682.42,5.3,0.0,0
2024-03-22 07:00:00,605.22,12.57,68.0,0
2024-03-22 08:00:00,802.39,9.53,134.98,0
2024-03-22 09:00:00,763.12,11.33,176.64,0
2024-03-22 10:00:00,796.37,12.65,232.84,0
2024-03-22 11:00:00,740.54,17.63,253.58,0
2024-03-22 12:00:00,870.28,11.4,228.22,0
2024-03-22 13:00:00,821.26,22.45,275.69,0
2024-03-22 14:00:00,737.1,18.46,211.55,0
2024-03-22 15:00:00,725.42,16.62,179.96,0
2024-03-22 16:00:00,746.32,15.56,136.27,0
2024-03-22 17:00:00,655.44,15.45,60.7,0
2024-03-22 18:00:00,606.6,14.89,0.0,0
2024-03-22 19:00:00,545.42,13.93,0.0,0
2024-03-22 20:00:00,488.09,12.45,0.0,0
2024-03-22 21:00:00,512.29,10.23,0.0,0
2024-03-22 22:00:00,510.45,8.45,0.0,0
2024-03-22 23:00:00,519.25,7.51,0.0,0
2024-03-23 00:00:00,315.58,6.82,0.0,1
2024-03-23 01:00:00,328.9,8.98,0.0,1
2024-03-23 02:00:00,375.0,7.73,0.0,1
2024-03-23 03:00:00,490.19,0.83,0.0,1
2024-03-23 04:00:00,451.15,8.52,0.0,1
2024-03-23 05:00:00,501.25,8.39,0.0,1
2024-03-23 06:00:00,560.17,9.0,0.0,1
2024-03-23 07:00:00,574.49,9.47,68.04,1
2024-03-23 08:00:00,625.47,13.79,119.85,1
2024-03-23 09:00:00,644.96,14.73,180.97,1
2024-03-23 10:00:00,680.26,12.49,225.74,1
2024-03-23 11:00:00,714.31,15.89,264.54,1
2024-03-23 12:00:00,739.64,13.93,265.57,1
2024-03-23 13:00:00,720.4,13.61,259.37,1
2024-03-23 14:00:00,584.87,15.29,209.44,1
2024-03-23 15:00:00,641.84,18.09,204.75,1
2024-03-23 16:00:00,582.1,17.78,145.83,1
2024-03-23 17:00:00,580.9,16.1,62.27,1
2024-03-23 18:00:00,516.03,15.49,0.0,1
2024-03-23 19:00:00,489.03,13.87,0.0,1
2024-03-23 20:00:00,459.39,10.26,0.0,1
2024-03-23 21:00:00,421.19,11.11,0.0,1
2024-03-23 22:00:00,410.23,10.64,0.0,1
2024-03-23 23:00:00,357.09,9.51,0.0,1
2024-03-24 00:00:00,302.83,9.79,0.0,1
2024-03-24 01:00:00,355.87,8.33,0.0,1
2024-03-24 02:00:00,402.13,7.44,0.0,1
2024-03-24 03:00:00,409.96,9.05,0.0,1
2024-03-24 04:00:00,435.28,7.36,0.0,1
2024-03-24 05:00:00,483.07,6.44,0.0,1
2024-03-24 06:00:00,532.35,8.91,0.0,1
2024-03-24 07:00:00,622.41,8.95,62.54,1
2024-03-24 08:00:00,675.63,10.39,122.47,1
2024-03-24 09:00:00,676.9,12.74,169.62,1
2024-03-24 10:00:00,713.1,12.65,241.35,1
2024-03-24 11:00:00,684.58,14.66,251.12,1
2024-03-24 12:00:00,673.63,12.28,243.01,1
2024-03-24 13:00:00,651.86,16.99,234.44,1
2024-03-24 14:00:00,639.33,16.74,198.09,1
2024-03-24 15:00:00,619.65,14.93,193.86,1
2024-03-24 16:00:00,567.49,17.39,115.33,1
2024-03-24 17:00:00,531.31,17.15,67.39,1
2024-03-24 18:00:00,551.09,11.02,0.0,1
2024-03-24 19:00:00,466.21,11.51,0.0,1
2024-03-24 20:00:00,390.4,10.2,0.0,1
2024-03-24 21:00:00,400.86,8.56,0.0,1
2024-03-24 22:00:00,358.91,10.9,0.0,1
2024-03-24 23:00:00,399.23,7.82,0.0,1
2024-03-25 00:00:00,475.02,7.08,0.0,0
2024-03-25 01:00:00,548.62,3.1,0.0,0
2024-03-25 02:00:00,511.96,8.21,0.0,0
2024-03-25 03:00:00,573.38,4.63,0.0,0
2024-03-25 04:00:00,605.99,7.73,0.0,0
2024-03-25 05:00:00,602.14,8.96,0.0,0
2024-03-25 06:00:00,624.03,12.16,0.0,0
2024-03-25 07:00:00,731.21,8.03,71.81,0
2024-03-25 08:00:00,785.01,5.9,123.41,0
2024-03-25 09:00:00,778.13,13.6,178.14,0
2024-03-25 10:00:00,735.76,18.04,193.99,0
2024-03-25 11:00:00,779.33,17.95,226.38,0
2024-03-25 12:00:00,790.62,16.69,225.15,0
2024-03-25 13:00:00,800.72,15.78,271.39,0
2024-03-25 14:00:00,747.23,18.55,209.91,0
2024-03-25 15:00:00,744.74,14.82,209.57,0
2024-03-25 16:00:00,690.19,17.22,146.9,0
2024-03-25 17:00:00,651.97,16.48,61.03,0
2024-03-25 18:00:00,594.31,16.56,0.0,0
2024-03-25 19:00:00,578.38,18.75,0.0,0
2024-03-25 20:00:00,508.01,12.72,0.0,0
2024-03-25 21:00:00,520.72,9.63,0.0,0
2024-03-25 22:00:00,453.59,9.39,0.0,0
2024-03-25 23:00:00,527.48,4.86,0.0,0
2024-03-26 00:00:00,467.94,6.42,0.0,0
2024-03-26 01:00:00,494.96,6.49,0.0,0
2024-03-26 02:00:00,516.6,6.09,0.0,0
2024-03-26 03:00:00,549.47,7.61,0.0,0
2024-03-26 04:00:00,584.55,6.16,0.0,0
2024-03-26 05:00:00,584.91,10.84,0.0,0
2024-03-26 06:00:00,699.51,9.64,0.0,0
2024-03-26 07:00:00,710.63,10.83,57.66,0
2024-03-26 08:00:00,731.15,11.48,129.01,0
2024-03-26 09:00:00,757.73,13.74,178.36,0
2024-03-26 10:00:00,811.46,16.29,201.04,0
2024-03-26 11:00:00,807.91,13.94,222.02,0
2024-03-26 12:00:00,791.25,15.15,242.16,0
2024-03-26 13:00:00,772.46,16.36,208.2,0
2024-03-26 14:00:00,775.02,14.45,183.25,0
2024-03-26 15:00:00,733.27,15.33,151.87,0
2024-03-26 16:00:00,672.85,15.52,112.91,0
2024-03-26 17:00:00,609.44,17.42,61.21,0
2024-03-26 18:00:00,587.64,15.16,0.0,0
2024-03-26 19:00:00,584.83,13.82,0.0,0
2024-03-26 20:00:00,512.07,13.84,0.0,0
2024-03-26 21:00:00,507.71,10.57,0.0,0
2024-03-26 22:00:00,514.36,10.42,0.0,0
2024-03-26 23:00:00,515.23,8.4,0.0,0
2024-03-27 00:00:00,467.55,8.54,0.0,0
2024-03-27 01:00:00,487.61,6.34,0.0,0
2024-03-27 02:00:00,540.57,2.46,0.0,0
2024-03-27 03:00:00,563.49,7.24,0.0,0
2024-03-27 04:00:00,546.34,10.85,0.0,0
2024-03-27 05:00:00,592.02,10.66,0.0,0
2024-03-27 06:00:00,621.96,11.77,0.0,0
2024-03-27 07:00:00,657.35,13.52,55.62,0
2024-03-27 08:00:00,742.84,12.52,105.11,0
2024-03-27 09:00:00,728.26,14.03,150.0,0
2024-03-27 10:00:00,822.04,13.6,227.84,0
2024-03-27 11:00:00,787.42,15.24,268.02,0
2024-03-27 12:00:00,777.26,17.9,231.74,0
2024-03-27 13:00:00,755.52,19.58,263.76,0
2024-03-27 14:00:00,762.3,17.06,196.95,0
2024-03-27 15:00:00,730.53,16.27,178.15,0
2024-03-27 16:00:00,692.05,16.67,114.27,0
2024-03-27 17:00:00,677.79,17.08,71.22,0
2024-03-27 18:00:00,644.93,11.95,0.0,0
2024-03-27 19:00:00,597.97,9.04,0.0,0
2024-03-27 20:00:00,529.84,11.24,0.0,0
2024-03-27 21:00:00,547.42,8.6,0.0,0
2024-03-27 22:00:00,531.04,8.82,0.0,0
2024-03-27 23:00:00,488.79,8.51,0.0,0
2024-03-28 00:00:00,504.18,7.3,0.0,0
2024-03-28 01:00:00,475.9,10.62,0.0,0
2024-03-28 02:00:00,540.33,8.19,0.0,0
2024-03-28 03:00:00,486.72,8.31,0.0,0
2024-03-28 04:00:00,582.13,9.45,0.0,0
2024-03-28 05:00:00,665.56,6.73,0.0,0
2024-03-28 06:00:00,605.35,12.12,0.0,0
2024-03-28 07:00:00,678.67,11.09,72.68,0
2024-03-28 08:00:00,699.92,13.88,122.32,0
2024-03-28 09:00:00,766.29,11.69,183.65,0
2024-03-28 10:00:00,801.83,11.93,247.44,0
2024-03-28 11:00:00,782.13,17.71,243.54,0
2024-03-28 12:00:00,805.41,17.62,274.66,0
2024-03-28 13:00:00,824.56,15.57,281.41,0
2024-03-28 14:00:00,754.25,15.8,223.41,0
2024-03-28 15:00:00,716.51,19.62,174.58,0
2024-03-28 16:00:00,747.98,14.49,147.89,0
2024-03-28 17:00:00,661.55,19.36,68.28,0
2024-03-28 18:00:00,629.68,13.24,0.0,0
2024-03-28 19:00:00,568.96,15.11,0.0,0
2024-03-28 20:00:00,540.42,11.88,0.0,0
2024-03-28 21:00:00,507.17,12.45,0.0,0
2024-03-28 22:00:00,488.87,8.95,0.0,0
2024-03-28 23:00:00,486.74,8.68,0.0,0
2024-03-29 00:00:00,437.29,8.49,0.0,0
2024-03-29 01:00:00,490.53,5.91,0.0,0
2024-03-29 02:00:00,477.63,9.22,0.0,0
2024-03-29 03:00:00,540.35,6.89,0.0,0
2024-03-29 04:00:00,557.28,7.96,0.0,0
2024-03-29 05:00:00,622.71,7.22,0.0,0
2024-03-29 06:00:00,670.96,5.12,0.0,0
2024-03-29 07:00:00,714.81,11.07,68.23,0
2024-03-29 08:00:00,682.26,17.57,125.01,0
2024-03-29 09:00:00,702.73,15.61,210.25,0
2024-03-29 10:00:00,760.29,15.2,210.89,0
2024-03-29 11:00:00,804.07,15.75,255.43,0
2024-03-29 12:00:00,775.25,17.12,299.12,0
2024-03-29 13:00:00,762.43,18.67,231.19,0
2024-03-29 14:00:00,777.53,15.38,204.28,0
2024-03-29 15:00:00,748.02,19.8,172.11,0
2024-03-29 16:00:00,649.13,18.5,134.61,0
2024-03-29 17:00:00,648.37,17.71,65.31,0
2024-03-29 18:00:00,578.8,16.12,0.0,0
2024-03-29 19:00:00,567.03,14.08,0.0,0
2024-03-29 20:00:00,518.23,14.09,0.0,0
2024-03-29 21:00:00,479.08,12.63,0.0,0
2024-03-29 22:00:00,465.86,9.53,0.0,0
2024-03-29 23:00:00,479.07,8.06,0.0,0
2024-03-30 00:00:00,392.44,8.82,0.0,1
2024-03-30 01:00:00,300.63,11.21,0.0,1
2024-03-30 02:00:00,454.43,5.47,0.0,1
2024-03-30 03:00:00,440.27,5.18,0.0,1
2024-03-30 04:00:00,451.43,8.95,0.0,1
2024-03-30 05:00:00,465.95,9.51,0.0,1
2024-03-30 06:00:00,512.79,10.79,0.0,1
2024-03-30 07:00:00,557.79,12.14,58.68,1
2024-03-30 08:00:00,588.86,12.5,127.27,1
2024-03-30 09:00:00,604.0,17.22,186.73,1
2024-03-30 10:00:00,680.59,12.24,188.46,1
2024-03-30 11:00:00,731.21,14.82,269.71,1
2024-03-30 12:00:00,640.16,17.07,276.87,1
2024-03-30 13:00:00,690.86,14.49,258.34,1
2024-03-30 14:00:00,643.46,17.59,192.82,1
2024-03-30 15:00:00,605.65,21.1,152.39,1
2024-03-30 16:00:00,583.99,17.32,140.1,1
2024-03-30 17:00:00,512.38,16.94,57.52,1
2024-03-30 18:00:00,448.43,12.93,0.0,1
2024-03-30 19:00:00,474.66,13.01,0.0,1
2024-03-30 20:00:00,390.12,12.2,0.0,1
2024-03-30 21:00:00,362.22,11.02,0.0,1
2024-03-30 22:00:00,353.9,13.01,0.0,1
2024-03-30 23:00:00,332.88,10.53,0.0,1
2024-03-31 00:00:00,396.98,6.6,0.0,1
2024-03-31 01:00:00,388.94,8.81,0.0,1
2024-03-31 02:00:00,359.21,9.15,0.0,1
2024-03-31 03:00:00,412.41,10.6,0.0,1
2024-03-31 04:00:00,401.31,11.98,0.0,1
2024-03-31 05:00:00,568.23,7.58,0.0,1
2024-03-31 06:00:00,532.4,9.03,0.0,1
2024-03-31 07:00:00,624.01,9.34,56.85,1
2024-03-31 08:00:00,634.28,12.68,119.95,1
2024-03-31 09:00:00,635.56,15.38,157.12,1
2024-03-31 10:00:00,620.2,17.62,185.26,1
2024-03-31 11:00:00,664.07,16.53,278.86,1
2024-03-31 12:00:00,617.76,16.84,291.31,1
2024-03-31 13:00:00,661.62,18.28,219.93,1
2024-03-31 14:00:00,657.15,16.48,192.3,1
2024-03-31 15:00:00,646.34,22.16,174.98,1
2024-03-31 16:00:00,523.02,14.26,133.53,1
2024-03-31 17:00:00,489.58,17.05,62.44,1
2024-03-31 18:00:00,458.27,19.7,0.0,1
2024-03-31 19:00:00,450.96,14.46,0.0,1
2024-03-31 20:00:00,419.54,12.77,0.0,1
2024-03-31 21:00:00,382.92,11.14,0.0,1
2024-03-31 22:00:00,379.79,10.29,0.0,1
2024-03-31 23:00:00,297.56,12.36,0.0,1
2024-04-01 00:00:00,529.26,4.6,0.0,0
2024-04-01 01:00:00,462.77,11.59,0.0,0
2024-04-01 02:00:00,541.18,5.51,0.0,0
2024-04-01 03:00:00,534.12,7.99,0.0,0
2024-04-01 04:00:00,624.12,8.17,0.0,0
2024-04-01 05:00:00,610.61,11.0,0.0,0
2024-04-01 06:00:00,659.22,7.66,0.0,0
2024-04-01 07:00:00,688.13,12.98,61.73,0
2024-04-01 08:00:00,704.79,17.4,140.49,0
2024-04-01 09:00:00,767.5,11.92,209.6,0
2024-04-01 10:00:00,798.11,16.23,248.33,0
2024-04-01 11:00:00,807.08,15.57,205.84,0
2024-04-01 12:00:00,726.79,18.54,258.41,0
2024-04-01 13:00:00,782.89,18.22,215.45,0
2024-04-01 14:00:00,752.35,17.07,223.56,0
2024-04-01 15:00:00,746.44,19.16,170.08,0
2024-04-01 16:00:00,736.53,21.29,148.91,0
2024-04-01 17:00:00,651.57,16.51,71.83,0
2024-04-01 18:00:00,628.7,17.29,0.0,0
2024-04-01 19:00:00,583.16,12.06,0.0,0
2024-04-01 20:00:00,561.21,11.44,0.0,0
2024-04-01 21:00:00,508.66,13.0,0.0,0
2024-04-01 22:00:00,446.14,13.82,0.0,0
2024-04-01 23:00:00,480.99,10.53,0.0,0
2024-04-02 00:00:00,459.11,8.6,0.0,0
2024-04-02 01:00:00,468.98,8.73,0.0,0
2024-04-02 02:00:00,493.41,6.06,0.0,0
2024-04-02 03:00:00,525.23,9.94,0.0,0
2024-04-02 04:00:00,558.2,10.99,0.0,0
2024-04-02 05:00:00,646.53,9.12,0.0,0
2024-04-02 06:00:00,678.59,10.12,0.0,0
2024-04-02 07:00:00,676.68,12.8,77.17,0
2024-04-02 08:00:00,703.7,12.69,149.5,0
2024-04-02 09:00:00,765.04,14.72,163.11,0
2024-04-02 10:00:00,803.55,20.26,209.43,0
2024-04-02 11:00:00,806.07,16.6,264.31,0
2024-04-02 12:00:00,815.39,17.17,255.5,0
2024-04-02 13:00:00,776.96,17.09,286.13,0
2024-04-02 14:00:00,762.01,20.05,244.81,0
2024-04-02 15:00:00,703.26,18.03,185.12,0
2024-04-02 16:00:00,692.7,16.59,112.47,0
2024-04-02 17:00:00,647.17,19.74,66.47,0
2024-04-02 18:00:00,594.14,18.9,0.0,0
2024-04-02 19:00:00,568.49,13.65,0.0,0
2024-04-02 20:00:00,558.41,9.83,0.0,0
2024-04-02 21:00:00,456.37,14.28,0.0,0
2024-04-02 22:00:00,513.44,9.69,0.0,0
2024-04-02 23:00:00,452.69,11.6,0.0,0
2024-04-03 00:00:00,500.71,5.49,0.0,0
2024-04-03 01:00:00,440.94,10.72,0.0,0
2024-04-03 02:00:00,490.08,6.34,0.0,0
2024-04-03 03:00:00,547.32,10.4,0.0,0
2024-04-03 04:00:00,579.25,9.46,0.0,0
2024-04-03 05:00:00,584.44,8.32,0.0,0
2024-04-03 06:00:00,674.58,10.45,0.0,0
2024-04-03 07:00:00,696.4,13.84,67.37,0
2024-04-03 08:00:00,723.36,13.98,122.15,0
2024-04-03 09:00:00,779.11,16.23,154.89,0
2024-04-03 10:00:00,780.79,20.22,234.06,0
2024-04-03 11:00:00,776.06,14.17,215.89,0
2024-04-03 12:00:00,822.41,21.33,291.59,0
2024-04-03 13:00:00,787.33,18.8,286.14,0
2024-04-03 14:00:00,748.46,16.97,220.52,0
2024-04-03 15:00:00,756.43,15.93,208.34,0
2024-04-03 16:00:00,641.15,17.72,132.34,0
2024-04-03 17:00:00,667.95,19.14,56.76,0
2024-04-03 18:00:00,577.96,16.01,0.0,0
2024-04-03 19:00:00,504.41,18.08,0.0,0
2024-04-03 20:00:00,548.54,10.86,0.0,0
2024-04-03 21:00:00,504.95,12.45,0.0,0
2024-04-03 22:00:00,503.3,8.76,0.0,0
2024-04-03 23:00:00,438.69,10.96,0.0,0
2024-04-04 00:00:00,433.22,11.41,0.0,0
2024-04-04 01:00:00,455.51,8.3,0.0,0
2024-04-04 02:00:00,543.57,3.76,0.0,0
2024-04-04 03:00:00,550.08,9.54,0.0,0
2024-04-04 04:00:00,554.77,10.51,0.0,0
2024-04-04 05:00:00,617.3,11.24,0.0,0
2024-04-04 06:00:00,656.98,13.94,0.0,0
2024-04-04 07:00:00,691.73,10.53,60.27,0
2024-04-04 08:00:00,702.04,15.33,127.75,0
2024-04-04 09:00:00,779.22,17.65,203.99,0
2024-04-04 10:00:00,840.19,12.91,215.39,0
2024-04-04 11:00:00,732.81,18.14,246.99,0
2024-04-04 12:00:00,796.77,17.29,253.39,0
2024-04-04 13:00:00,779.56,18.64,213.37,0
2024-04-04 14:00:00,790.51,19.66,190.06,0
2024-04-04 15:00:00,704.55,17.82,183.27,0
2024-04-04 16:00:00,669.53,16.95,129.49,0
2024-04-04 17:00:00,619.13,17.57,65.65,0
2024-04-04 18:00:00,602.76,14.29,0.0,0
2024-04-04 19:00:00,597.7,13.09,0.0,0
2024-04-04 20:00:00,477.19,15.33,0.0,0
2024-04-04 21:00:00,499.24,10.38,0.0,0
2024-04-04 22:00:00,414.05,12.8,0.0,0
2024-04-04 23:00:00,478.41,11.36,0.0,0
2024-04-05 00:00:00,527.84,6.39,0.0,0
2024-04-05 01:00:00,478.74,7.99,0.0,0
2024-04-05 02:00:00,463.71,11.56,0.0,0
2024-04-05 03:00:00,556.08,7.38,0.0,0
2024-04-05 04:00:00,607.7,8.92,0.0,0
2024-04-05 05:00:00,602.82,11.56,0.0,0
2024-04-05 06:00:00,610.14,13.24,0.0,0
2024-04-05 07:00:00,647.52,12.38,58.66,0
2024-04-05 08:00:00,702.32,12.98,134.52,0
2024-04-05 09:00:00,726.39,18.31,153.99,0
2024-04-05 10:00:00,758.35,20.15,247.77,0
2024-04-05 11:00:00,794.74,19.67,284.83,0
2024-04-05 12:00:00,772.93,18.68,256.59,0
2024-04-05 13:00:00,752.85,17.39,273.34,0
2024-04-05 14:00:00,728.64,17.51,186.74,0
2024-04-05 15:00:00,780.98,20.05,211.48,0
2024-04-05 16:00:00,715.64,19.34,131.43,0
2024-04-05 17:00:00,700.16,20.51,56.06,0
2024-04-05 18:00:00,593.74,17.98,0.0,0
2024-04-05 19:00:00,572.86,12.46,0.0,0
2024-04-05 20:00:00,530.3,16.28,0.0,0
2024-04-05 21:00:00,508.9,10.88,0.0,0
2024-04-05 22:00:00,483.25,10.91,0.0,0
2024-04-05 23:00:00,454.35,11.14,0.0,0
2024-04-06 00:00:00,225.91,14.04,0.0,1
2024-04-06 01:00:00,329.22,15.77,0.0,1
2024-04-06 02:00:00,373.13,10.59,0.0,1
2024-04-06 03:00:00,414.97,9.18,0.0,1
2024-04-06 04:00:00,427.26,11.12,0.0,1
2024-04-06 05:00:00,466.11,12.62,0.0,1
2024-04-06 06:00:00,512.67,11.24,0.0,1
2024-04-06 07:00:00,540.41,16.68,57.98,1
2024-04-06 08:00:00,558.91,14.84,117.75,1
2024-04-06 09:00:00,619.37,16.67,205.74,1
2024-04-06 10:00:00,649.37,18.21,211.13,1
2024-04-06 11:00:00,655.82,18.76,279.95,1
2024-04-06 12:00:00,693.16,20.39,277.05,1
2024-04-06 13:00:00,628.64,17.98,274.31,1
2024-04-06 14:00:00,611.7,18.26,246.32,1
2024-04-06 15:00:00,617.24,17.01,172.9,1
2024-04-06 16:00:00,592.86,19.59,124.64,1
2024-04-06 17:00:00,479.64,19.47,73.55,1
2024-04-06 18:00:00,475.09,17.8,0.0,1
2024-04-06 19:00:00,404.9,19.02,0.0,1
2024-04-06 20:00:00,391.48,14.37,0.0,1
2024-04-06 21:00:00,320.85,14.42,0.0,1
2024-04-06 22:00:00,348.53,9.7,0.0,1
2024-04-06 23:00:00,370.26,10.07,0.0,1
2024-04-07 00:00:00,324.34,11.65,0.0,1
2024-04-07 01:00:00,322.69,11.46,0.0,1
2024-04-07 02:00:00,373.89,9.0,0.0,1
2024-04-07 03:00:00,414.66,9.61,0.0,1
2024-04-07 04:00:00,478.8,7.22,0.0,1
2024-04-07 05:00:00,482.98,10.34,0.0,1
2024-04-07 06:00:00,528.64,13.87,0.0,1
2024-04-07 07:00:00,571.59,14.44,57.52,1
2024-04-07 08:00:00,594.45,15.59,148.68,1
2024-04-07 09:00:00,622.98,15.98,184.15,1
2024-04-07 10:00:00,658.62,17.1,219.98,1
2024-04-07 11:00:00,673.02,16.8,237.01,1
2024-04-07 12:00:00,709.67,20.32,275.15,1
2024-04-07 13:00:00,698.26,20.26,252.62,1
2024-04-07 14:00:00,633.46,20.57,222.04,1
2024-04-07 15:00:00,577.92,18.36,168.42,1
2024-04-07 16:00:00,576.36,14.61,115.19,1
2024-04-07 17:00:00,559.34,20.32,60.46,1
2024-04-07 18:00:00,439.3,16.13,0.0,1
2024-04-07 19:00:00,456.55,14.16,0.0,1
2024-04-07 20:00:00,389.32,15.97,0.0,1
2024-04-07 21:00:00,402.55,12.51,0.0,1
2024-04-07 22:00:00,329.23,14.21,0.0,1
2024-04-07 23:00:00,290.38,12.29,0.0,1
2024-04-08 00:00:00,417.71,11.83,0.0,0
2024-04-08 01:00:00,464.94,7.23,0.0,0
2024-04-08 02:00:00,451.17,12.22,0.0,0
2024-04-08 03:00:00,509.14,10.49,0.0,0
2024-04-08 04:00:00,533.61,9.72,0.0,0
2024-04-08 05:00:00,629.55,11.54,0.0,0
2024-04-08 06:00:00,639.46,8.74,0.0,0
2024-04-08 07:00:00,702.25,14.32,75.11,0
2024-04-08 08:00:00,762.28,12.73,119.21,0
2024-04-08 09:00:00,790.06,13.38,203.03,0
2024-04-08 10:00:00,773.37,14.25,207.77,0
2024-04-08 11:00:00,807.29,20.55,233.45,0
2024-04-08 12:00:00,749.41,17.87,227.08,0
2024-04-08 13:00:00,842.86,22.69,277.65,0
2024-04-08 14:00:00,758.58,18.72,198.74,0
2024-04-08 15:00:00,729.1,16.21,148.54,0
2024-04-08 16:00:00,660.5,16.89,111.7,0
2024-04-08 17:00:00,597.83,20.8,60.13,0
2024-04-08 18:00:00,564.22,16.98,0.0,0
2024-04-08 19:00:00,586.15,14.99,0.0,0
2024-04-08 20:00:00,498.79,15.11,0.0,0
2024-04-08 21:00:00,469.31,14.5,0.0,0
2024-04-08 22:00:00,457.9,14.53,0.0,0
2024-04-08 23:00:00,470.41,14.16,0.0,0
2024-04-09 00:00:00,493.62,9.95,0.0,0
2024-04-09 01:00:00,467.32,7.52,0.0,0
2024-04-09 02:00:00,446.5,9.17,0.0,0
2024-04-09 03:00:00,570.66,10.69,0.0,0
2024-04-09 04:00:00,629.3,8.74,0.0,0
2024-04-09 05:00:00,617.45,9.55,0.0,0
2024-04-09 06:00:00,596.36,13.19,0.0,0
2024-04-09 07:00:00,699.76,13.61,58.81,0
2024-04-09 08:00:00,706.64,15.07,125.58,0
2024-04-09 09:00:00,750.83,14.78,211.51,0
2024-04-09 10:00:00,785.17,17.04,223.19,0
2024-04-09 11:00:00,794.67,16.69,264.44,0
2024-04-09 12:00:00,781.46,21.11,257.02,0
2024-04-09 13:00:00,804.07,21.9,254.6,0
2024-04-09 14:00:00,786.66,16.31,187.17,0
2024-04-09 15:00:00,734.47,17.97,209.51,0
2024-04-09 16:00:00,703.18,16.34,119.24,0
2024-04-09 17:00:00,662.74,17.24,57.82,0
2024-04-09 18:00:00,577.63,17.33,0.0,0
2024-04-09 19:00:00,578.75,13.39,0.0,0
2024-04-09 20:00:00,444.05,13.16,0.0,0
2024-04-09 21:00:00,490.36,11.7,0.0,0
2024-04-09 22:00:00,476.75,12.91,0.0,0
2024-04-09 23:00:00,441.02,11.6,0.0,0
2024-04-10 00:00:00,454.02,9.43,0.0,0
2024-04-10 01:00:00,433.47,10.73,0.0,0
2024-04-10 02:00:00,520.75,9.11,0.0,0
2024-04-10 03:00:00,533.96,9.83,0.0,0
2024-04-10 04:00:00,538.4,14.22,0.0,0
2024-04-10 05:00:00,521.56,14.35,0.0,0
2024-04-10 06:00:00,654.92,10.11,0.0,0
2024-04-10 07:00:00,649.04,15.57,72.04,0
2024-04-10 08:00:00,684.69,16.83,144.23,0
2024-04-10 09:00:00,743.98,14.2,163.99,0
2024-04-10 10:00:00,757.99,19.34,205.97,0
2024-04-10 11:00:00,832.6,21.82,236.76,0
2024-04-10 12:00:00,739.26,17.29,296.32,0
2024-04-10 13:00:00,819.63,18.2,223.46,0
2024-04-10 14:00:00,807.72,22.24,209.78,0
2024-04-10 15:00:00,746.15,20.58,150.79,0
2024-04-10 16:00:00,729.07,20.64,123.58,0
2024-04-10 17:00:00,609.7,19.42,70.57,0
2024-04-10 18:00:00,568.26,18.49,0.0,0
2024-04-10 19:00:00,566.73,13.85,0.0,0
2024-04-10 20:00:00,521.13,17.3,0.0,0
2024-04-10 21:00:00,454.9,16.25,0.0,0
2024-04-10 22:00:00,475.57,12.25,0.0,0
2024-04-10 23:00:00,436.24,11.58,0.0,0
2024-04-11 00:00:00,491.97,8.02,0.0,0
2024-04-11 01:00:00,492.63,11.61,0.0,0
2024-04-11 02:00:00,496.11,11.56,0.0,0
2024-04-11 03:00:00,511.95,10.46,0.0,0
2024-04-11 04:00:00,543.57,13.33,0.0,0
2024-04-11 05:00:00,610.58,11.21,0.0,0
2024-04-11 06:00:00,632.24,14.04,0.0,0
2024-04-11 07:00:00,718.77,12.08,57.37,0
2024-04-11 08:00:00,733.96,15.37,141.78,0
2024-04-11 09:00:00,734.66,16.36,168.45,0
2024-04-11 10:00:00,772.89,18.36,232.33,0
2024-04-11 11:00:00,765.7,18.21,204.54,0
2024-04-11 12:00:00,771.72,19.48,273.1,0
2024-04-11 13:00:00,805.39,21.89,289.15,0
2024-04-11 14:00:00,766.69,19.54,219.62,0
2024-04-11 15:00:00,689.59,17.03,202.54,0
2024-04-11 16:00:00,753.93,23.24,148.0,0
2024-04-11 17:00:00,599.69,21.71,61.38,0
2024-04-11 18:00:00,674.59,15.33,0.0,0
2024-04-11 19:00:00,566.65,18.09,0.0,0
2024-04-11 20:00:00,509.41,14.41,0.0,0
2024-04-11 21:00:00,472.36,14.65,0.0,0
2024-04-11 22:00:00,459.36,13.5,0.0,0
2024-04-11 23:00:00,438.0,11.41,0.0,0
2024-04-12 00:00:00,467.6,9.72,0.0,0
2024-04-12 01:00:00,469.13,9.41,0.0,0
2024-04-12 02:00:00,496.57,8.79,0.0,0
2024-04-12 03:00:00,531.86,9.13,0.0,0
2024-04-12 04:00:00,515.62,11.15,0.0,0
2024-04-12 05:00:00,602.71,10.65,0.0,0
2024-04-12 06:00:00,619.26,14.48,0.0,0
2024-04-12 07:00:00,641.99,17.3,73.86,0
2024-04-12 08:00:00,710.02,14.46,138.68,0
2024-04-12 09:00:00,755.95,17.39,198.47,0
2024-04-12 10:00:00,755.55,19.12,202.78,0
2024-04-12 11:00:00,799.85,20.1,248.89,0
2024-04-12 12:00:00,833.44,20.1,236.22,0
2024-04-12 13:00:00,810.54,21.93,253.59,0
2024-04-12 14:00:00,794.4,21.58,190.46,0
2024-04-12 15:00:00,719.28,17.97,149.54,0
2024-04-12 16:00:00,747.81,21.69,119.86,0
2024-04-12 17:00:00,654.61,20.93,57.52,0
2024-04-12 18:00:00,626.16,16.59,0.0,0
2024-04-12 19:00:00,535.76,16.99,0.0,0
2024-04-12 20:00:00,468.66,16.99,0.0,0
2024-04-12 21:00:00,496.5,13.91,0.0,0
2024-04-12 22:00:00,426.53,15.26,0.0,0
2024-04-12 23:00:00,414.22,16.81,0.0,0
2024-04-13 00:00:00,272.54,9.92,0.0,1
2024-04-13 01:00:00,364.61,8.23,0.0,1
2024-04-13 02:00:00,340.98,11.43,0.0,1
2024-04-13 03:00:00,347.61,12.44,0.0,1
2024-04-13 04:00:00,415.84,11.03,0.0,1
2024-04-13 05:00:00,421.93,15.2,0.0,1
2024-04-13 06:00:00,532.32,10.65,0.0,1
2024-04-13 07:00:00,498.41,15.92,68.64,1
2024-04-13 08:00:00,601.77,14.61,110.19,1
2024-04-13 09:00:00,661.16,20.56,157.8,1
2024-04-13 10:00:00,683.33,22.31,213.13,1
2024-04-13 11:00:00,675.14,17.83,266.05,1
2024-04-13 12:00:00,697.92,19.06,257.21,1
2024-04-13 13:00:00,727.84,22.37,254.28,1
2024-04-13 14:00:00,700.47,20.05,232.25,1
2024-04-13 15:00:00,614.58,20.56,205.59,1
2024-04-13 16:00:00,564.1,20.21,125.56,1
2024-04-13 17:00:00,556.14,15.52,70.61,1
2024-04-13 18:00:00,480.68,18.3,0.0,1
2024-04-13 19:00:00,450.23,15.74,0.0,1
2024-04-13 20:00:00,438.84,14.84,0.0,1
2024-04-13 21:00:00,324.68,17.42,0.0,1
2024-04-13 22:00:00,369.33,10.81,0.0,1
2024-04-13 23:00:00,283.15,13.92,0.0,1
2024-04-14 00:00:00,381.95,11.14,0.0,1
2024-04-14 01:00:00,331.98,10.64,0.0,1
2024-04-14 02:00:00,332.97,12.61,0.0,1
2024-04-14 03:00:00,371.1,11.88,0.0,1
2024-04-14 04:00:00,395.46,12.84,0.0,1
2024-04-14 05:00:00,425.68,14.43,0.0,1
2024-04-14 06:00:00,498.22,12.87,0.0,1
2024-04-14 07:00:00,522.5,13.51,59.8,1
2024-04-14 08:00:00,581.76,13.86,124.24,1
2024-04-14 09:00:00,673.4,15.67,155.32,1
2024-04-14 10:00:00,715.89,24.43,238.22,1
2024-04-14 11:00:00,716.89,22.06,268.73,1
2024-04-14 12:00:00,692.84,17.66,221.74,1
2024-04-14 13:00:00,701.19,18.22,235.41,1
2024-04-14 14:00:00,628.87,21.99,259.69,1
2024-04-14 15:00:00,610.22,21.96,189.66,1
2024-04-14 16:00:00,574.49,21.46,111.4,1
2024-04-14 17:00:00,510.59,19.06,77.01,1
2024-04-14 18:00:00,455.29,18.28,0.0,1
2024-04-14 19:00:00,397.25,17.98,0.0,1
2024-04-14 20:00:00,383.46,16.2,0.0,1
2024-04-14 21:00:00,396.48,10.3,0.0,1
2024-04-14 22:00:00,318.01,13.07,0.0,1
2024-04-14 23:00:00,284.5,10.79,0.0,1
2024-04-15 00:00:00,412.61,12.26,0.0,0
2024-04-15 01:00:00,379.31,17.38,0.0,0
2024-04-15 02:00:00,460.9,11.97,0.0,0
2024-04-15 03:00:00,482.54,10.78,0.0,0
2024-04-15 04:00:00,510.23,13.75,0.0,0
2024-04-15 05:00:00,543.3,13.67,0.0,0
2024-04-15 06:00:00,611.09,14.58,0.0,0
2024-04-15 07:00:00,623.38,16.16,65.54,0
2024-04-15 08:00:00,682.27,20.35,124.01,0
2024-04-15 09:00:00,716.02,15.27,164.88,0
2024-04-15 10:00:00,766.2,19.68,241.5,0
2024-04-15 11:00:00,752.33,17.92,264.28,0
2024-04-15 12:00:00,839.44,21.68,248.74,0
2024-04-15 13:00:00,795.62,19.23,204.31,0
2024-04-15 14:00:00,775.48,20.4,242.86,0
2024-04-15 15:00:00,726.24,20.48,149.39,0
2024-04-15 16:00:00,734.69,22.52,117.85,0
2024-04-15 17:00:00,685.12,21.61,58.4,0
2024-04-15 18:00:00,601.12,16.24,0.0,0
2024-04-15 19:00:00,571.93,17.64,0.0,0
2024-04-15 20:00:00,523.32,14.82,0.0,0
2024-04-15 21:00:00,517.17,12.43,0.0,0
2024-04-15 22:00:00,457.11,13.3,0.0,0
2024-04-15 23:00:00,462.87,12.08,0.0,0
2024-04-16 00:00:00,370.43,16.96,0.0,0
2024-04-16 01:00:00,430.58,12.48,0.0,0
2024-04-16 02:00:00,508.67,8.69,0.0,0
2024-04-16 03:00:00,522.31,10.48,0.0,0
2024-04-16 04:00:00,531.15,14.15,0.0,0
2024-04-16 05:00:00,564.92,17.08,0.0,0
2024-04-16 06:00:00,616.68,10.77,0.0,0
2024-04-16 07:00:00,673.53,11.39,75.16,0
2024-04-16 08:00:00,707.57,20.18,139.66,0
2024-04-16 09:00:00,708.46,18.51,211.59,0
2024-04-16 10:00:00,845.6,17.2,184.33,0
2024-04-16 11:00:00,816.54,21.05,238.3,0
2024-04-16 12:00:00,803.04,15.5,235.21,0
2024-04-16 13:00:00,793.08,21.28,233.15,0
2024-04-16 14:00:00,782.17,22.1,248.56,0
2024-04-16 15:00:00,773.37,23.12,174.27,0
2024-04-16 16:00:00,690.24,18.74,144.09,0
2024-04-16 17:00:00,641.83,20.15,68.3,0
2024-04-16 18:00:00,582.26,17.09,0.0,0
2024-04-16 19:00:00,564.31,18.25,0.0,0
2024-04-16 20:00:00,548.1,14.65,0.0,0
2024-04-16 21:00:00,481.57,14.33,0.0,0
2024-04-16 22:00:00,433.76,11.95,0.0,0
2024-04-16 23:00:00,438.19,14.21,0.0,0
2024-04-17 00:00:00,458.53,14.03,0.0,0
2024-04-17 01:00:00,487.59,11.35,0.0,0
2024-04-17 02:00:00,487.93,11.72,0.0,0
2024-04-17 03:00:00,564.95,8.92,0.0,0
2024-04-17 04:00:00,544.17,11.72,0.0,0
2024-04-17 05:00:00,593.84,13.01,0.0,0
2024-04-17 06:00:00,576.86,19.39,0.0,0
2024-04-17 07:00:00,687.79,13.13,72.14,0
2024-04-17 08:00:00,728.98,19.57,121.97,0
2024-04-17 09:00:00,726.03,19.93,204.79,0
2024-04-17 10:00:00,748.74,19.71,249.89,0
2024-04-17 11:00:00,832.61,23.7,283.53,0
2024-04-17 12:00:00,811.54,21.72,237.58,0
2024-04-17 13:00:00,831.96,22.25,246.83,0
2024-04-17 14:00:00,777.27,21.54,211.66,0
2024-04-17 15:00:00,823.61,23.92,156.17,0
2024-04-17 16:00:00,699.45,23.17,116.69,0
2024-04-17 17:00:00,672.41,18.93,66.89,0
2024-04-17 18:00:00,575.8,16.51,0.0,0
2024-04-17 19:00:00,487.99,17.53,0.0,0
2024-04-17 20:00:00,515.49,15.05,0.0,0
2024-04-17 21:00:00,459.96,15.23,0.0,0
2024-04-17 22:00:00,392.84,16.62,0.0,0
2024-04-17 23:00:00,402.82,12.2,0.0,0
2024-04-18 00:00:00,435.44,12.43,0.0,0
2024-04-18 01:00:00,469.84,12.14,0.0,0
2024-04-18 02:00:00,465.95,13.55,0.0,0
2024-04-18 03:00:00,544.73,7.53,0.0,0
2024-04-18 04:00:00,558.9,11.31,0.0,0
2024-04-18 05:00:00,570.18,13.74,0.0,0
2024-04-18 06:00:00,556.75,16.75,0.0,0
2024-04-18 07:00:00,630.52,14.57,68.71,0
2024-04-18 08:00:00,723.95,13.1,137.93,0
2024-04-18 09:00:00,731.24,19.38,159.91,0
2024-04-18 10:00:00,775.28,18.08,203.3,0
2024-04-18 11:00:00,792.18,18.01,214.04,0
2024-04-18 12:00:00,814.45,19.93,284.7,0
2024-04-18 13:00:00,799.29,21.31,283.38,0
2024-04-18 14:00:00,745.1,20.64,250.5,0
2024-04-18 15:00:00,739.03,17.27,201.88,0
2024-04-18 16:00:00,742.88,22.97,126.01,0
2024-04-18 17:00:00,621.41,22.94,55.03,0
2024-04-18 18:00:00,585.68,20.65,0.0,0
2024-04-18 19:00:00,532.27,15.87,0.0,0
2024-04-18 20:00:00,498.48,16.45,0.0,0
2024-04-18 21:00:00,443.06,15.54,0.0,0
2024-04-18 22:00:00,430.36,15.55,0.0,0
2024-04-18 23:00:00,415.04,14.65,0.0,0
2024-04-19 00:00:00,443.46,11.26,0.0,0
2024-04-19 01:00:00,425.02,12.39,0.0,0
2024-04-19 02:00:00,441.13,12.97,0.0,0
2024-04-19 03:00:00,440.21,15.14,0.0,0
2024-04-19 04:00:00,528.17,14.13,0.0,0
2024-04-19 05:00:00,571.55,15.1,0.0,0
2024-04-19 06:00:00,593.52,14.72,0.0,0
2024-04-19 07:00:00,675.59,18.58,54.94,0
2024-04-19 08:00:00,673.4,17.87,122.71,0
2024-04-19 09:00:00,773.42,16.63,166.22,0
2024-04-19 10:00:00,780.76,22.36,252.95,0
2024-04-19 11:00:00,762.38,21.99,235.2,0
2024-04-19 12:00:00,815.04,20.5,259.15,0
2024-04-19 13:00:00,808.65,20.92,212.77,0
2024-04-19 14:00:00,800.54,22.65,229.55,0
2024-04-19 15:00:00,753.47,22.81,168.89,0
2024-04-19 16:00:00,716.92,21.78,139.73,0
2024-04-19 17:00:00,651.11,21.21,71.6,0
2024-04-19 18:00:00,621.98,22.95,0.0,0
2024-04-19 19:00:00,574.19,20.49,0.0,0
2024-04-19 20:00:00,490.25,17.44,0.0,0
2024-04-19 21:00:00,457.4,17.64,0.0,0
2024-04-19 22:00:00,456.11,12.49,0.0,0
2024-04-19 23:00:00,415.12,14.31,0.0,0
2024-04-20 00:00:00,245.71,16.55,0.0,1
2024-04-20 01:00:00,317.65,11.99,0.0,1
2024-04-20 02:00:00,278.15,10.56,0.0,1
2024-04-20 03:00:00,372.59,11.12,0.0,1
2024-04-20 04:00:00,430.48,10.75,0.0,1
2024-04-20 05:00:00,480.81,12.15,0.0,1
2024-04-20 06:00:00,493.12,14.02,0.0,1
2024-04-20 07:00:00,568.94,13.15,70.96,1
2024-04-20 08:00:00,512.62,17.29,120.17,1
2024-04-20 09:00:00,623.56,20.36,180.16,1
2024-04-20 10:00:00,591.8,17.94,233.72,1
2024-04-20 11:00:00,681.29,23.83,217.93,1
2024-04-20 12:00:00,701.41,22.61,234.51,1
2024-04-20 13:00:00,746.57,24.15,255.56,1
2024-04-20 14:00:00,671.9,20.94,193.74,1
2024-04-20 15:00:00,659.84,23.8,153.57,1
2024-04-20 16:00:00,573.55,19.4,125.84,1
2024-04-20 17:00:00,539.66,22.57,72.64,1
2024-04-20 18:00:00,467.41,20.1,0.0,1
2024-04-20 19:00:00,435.5,19.66,0.0,1
2024-04-20 20:00:00,356.31,14.91,0.0,1
2024-04-20 21:00:00,371.68,14.17,0.0,1
2024-04-20 22:00:00,297.57,15.95,0.0,1
2024-04-20 23:00:00,349.2,11.82,0.0,1
2024-04-21 00:00:00,323.47,14.06,0.0,1
2024-04-21 01:00:00,306.03,9.9,0.0,1
2024-04-21 02:00:00,310.7,14.16,0.0,1
2024-04-21 03:00:00,375.54,10.16,0.0,1
2024-04-21 04:00:00,352.34,14.23,0.0,1
2024-04-21 05:00:00,410.67,15.18,0.0,1
2024-04-21 06:00:00,565.37,13.57,0.0,1
2024-04-21 07:00:00,533.71,17.33,76.45,1
2024-04-21 08:00:00,608.13,17.98,140.05,1
2024-04-21 09:00:00,625.39,17.68,196.55,1
2024-04-21 10:00:00,615.23,17.94,233.47,1
2024-04-21 11:00:00,652.94,17.07,285.99,1
2024-04-21 12:00:00,719.6,22.49,218.56,1
2024-04-21 13:00:00,675.72,19.16,244.96,1
2024-04-21 14:00:00,665.27,22.65,207.51,1
2024-04-21 15:00:00,601.29,21.76,207.86,1
2024-04-21 16:00:00,693.67,23.15,147.56,1
2024-04-21 17:00:00,532.15,20.39,63.98,1
2024-04-21 18:00:00,464.86,19.3,0.0,1
2024-04-21 19:00:00,433.24,20.22,0.0,1
2024-04-21 20:00:00,355.23,18.13,0.0,1
2024-04-21 21:00:00,333.67,16.8,0.0,1
2024-04-21 22:00:00,339.99,15.9,0.0,1
2024-04-21 23:00:00,335.17,10.85,0.0,1
2024-04-22 00:00:00,382.49,14.84,0.0,0
2024-04-22 01:00:00,422.21,14.06,0.0,0
2024-04-22 02:00:00,468.91,10.63,0.0,0
2024-04-22 03:00:00,530.74,12.34,0.0,0
2024-04-22 04:00:00,556.75,13.25,0.0,0
2024-04-22 05:00:00,572.36,13.86,0.0,0
2024-04-22 06:00:00,569.74,15.83,0.0,0
2024-04-22 07:00:00,613.42,19.23,71.13,0
2024-04-22 08:00:00,698.63,19.82,125.81,0
2024-04-22 09:00:00,746.52,16.33,167.69,0
2024-04-22 10:00:00,777.89,21.41,210.65,0
2024-04-22 11:00:00,819.73,23.85,207.92,0
2024-04-22 12:00:00,812.83,22.77,228.4,0
2024-04-22 13:00:00,839.33,24.67,241.35,0
2024-04-22 14:00:00,780.49,26.69,243.07,0
2024-04-22 15:00:00,759.27,24.54,183.44,0
2024-04-22 16:00:00,709.22,22.49,118.8,0
2024-04-22 17:00:00,714.82,23.29,58.13,0
2024-04-22 18:00:00,584.17,20.45,0.0,0
2024-04-22 19:00:00,542.78,19.0,0.0,0
2024-04-22 20:00:00,496.08,16.96,0.0,0
2024-04-22 21:00:00,485.97,19.49,0.0,0
2024-04-22 22:00:00,483.12,13.52,0.0,0
2024-04-22 23:00:00,393.47,17.19,0.0,0
2024-04-23 00:00:00,402.8,14.53,0.0,0
2024-04-23 01:00:00,447.88,10.23,0.0,0
2024-04-23 02:00:00,444.79,13.6,0.0,0
2024-04-23 03:00:00,519.4,8.83,0.0,0
2024-04-23 04:00:00,526.01,14.78,0.0,0
2024-04-23 05:00:00,557.77,16.1,0.0,0
2024-04-23 06:00:00,633.02,14.18,0.0,0
2024-04-23 07:00:00,675.09,16.82,71.18,0
2024-04-23 08:00:00,764.28,21.77,107.12,0
2024-04-23 09:00:00,725.99,18.14,206.63,0
2024-04-23 10:00:00,783.14,18.24,186.63,0
2024-04-23 11:00:00,828.0,24.36,262.72,0
2024-04-23 12:00:00,890.8,26.12,253.86,0
2024-04-23 13:00:00,846.71,22.7,280.32,0
2024-04-23 14:00:00,847.27,24.89,254.28,0
2024-04-23 15:00:00,797.52,25.37,184.8,0
2024-04-23 16:00:00,690.36,20.71,116.62,0
2024-04-23 17:00:00,621.17,20.43,71.37,0
2024-04-23 18:00:00,627.24,22.82,0.0,0
2024-04-23 19:00:00,611.82,22.53,0.0,0
2024-04-23 20:00:00,482.13,18.99,0.0,0
2024-04-23 21:00:00,490.12,14.81,0.0,0
2024-04-23 22:00:00,441.26,19.34,0.0,0
2024-04-23 23:00:00,427.08,13.26,0.0,0
2024-04-24 00:00:00,462.29,13.06,0.0,0
2024-04-24 01:00:00,354.93,13.92,0.0,0
2024-04-24 02:00:00,394.52,16.17,0.0,0
2024-04-24 03:00:00,446.28,14.94,0.0,0
2024-04-24 04:00:00,493.89,14.56,0.0,0
2024-04-24 05:00:00,562.11,15.45,0.0,0
2024-04-24 06:00:00,610.76,15.65,0.0,0
2024-04-24 07:00:00,642.77,17.88,69.07,0
2024-04-24 08:00:00,744.87,13.0,134.18,0
2024-04-24 09:00:00,705.3,18.76,171.56,0
2024-04-24 10:00:00,753.2,21.04,184.86,0
2024-04-24 11:00:00,796.05,19.3,204.91,0
2024-04-24 12:00:00,815.89,23.16,236.35,0
2024-04-24 13:00:00,778.75,22.48,224.18,0
2024-04-24 14:00:00,863.22,26.57,215.89,0
2024-04-24 15:00:00,836.68,26.04,164.03,0
2024-04-24 16:00:00,753.54,21.46,111.31,0
2024-04-24 17:00:00,669.4,21.3,66.32,0
2024-04-24 18:00:00,619.79,20.41,0.0,0
2024-04-24 19:00:00,567.01,18.45,0.0,0
2024-04-24 20:00:00,468.49,18.45,0.0,0
2024-04-24 21:00:00,493.83,15.25,0.0,0
2024-04-24 22:00:00,460.67,13.3,0.0,0
2024-04-24 23:00:00,431.94,15.77,0.0,0
2024-04-25 00:00:00,412.75,15.19,0.0,0
2024-04-25 01:00:00,480.99,11.82,0.0,0
2024-04-25 02:00:00,441.86,15.05,0.0,0
2024-04-25 03:00:00,459.79,12.17,0.0,0
2024-04-25 04:00:00,551.92,14.44,0.0,0
2024-04-25 05:00:00,520.88,16.37,0.0,0
2024-04-25 06:00:00,634.39,15.69,0.0,0
2024-04-25 07:00:00,630.74,17.88,56.66,0
2024-04-25 08:00:00,717.12,17.23,122.92,0
2024-04-25 09:00:00,761.42,19.16,210.11,0
2024-04-25 10:00:00,787.45,20.35,210.46,0
2024-04-25 11:00:00,808.94,20.3,207.07,0
2024-04-25 12:00:00,832.94,22.24,292.87,0
2024-04-25 13:00:00,742.78,19.99,239.14,0
2024-04-25 14:00:00,798.95,22.28,188.45,0
2024-04-25 15:00:00,738.73,22.52,211.52,0
2024-04-25 16:00:00,725.07,22.08,121.61,0
2024-04-25 17:00:00,636.33,21.31,66.58,0
2024-04-25 18:00:00,576.75,20.64,0.0,0
2024-04-25 19:00:00,593.5,20.51,0.0,0
2024-04-25 20:00:00,526.84,20.01,0.0,0
2024-04-25 21:00:00,461.8,15.67,0.0,0
2024-04-25 22:00:00,457.86,13.35,0.0,0
2024-04-25 23:00:00,434.2,12.64,0.0,0
2024-04-26 00:00:00,442.7,13.15,0.0,0
2024-04-26 01:00:00,420.65,12.93,0.0,0
2024-04-26 02:00:00,492.44,11.92,0.0,0
2024-04-26 03:00:00,501.88,11.04,0.0,0
2024-04-26 04:00:00,517.33,13.22,0.0,0
2024-04-26 05:00:00,555.91,15.29,0.0,0
2024-04-26 06:00:00,573.73,17.15,0.0,0
2024-04-26 07:00:00,659.48,16.05,57.05,0
2024-04-26 08:00:00,670.23,17.63,108.56,0
2024-04-26 09:00:00,734.13,17.9,186.09,0
2024-04-26 10:00:00,812.57,20.9,237.72,0
2024-04-26 11:00:00,778.18,20.3,281.24,0
2024-04-26 12:00:00,836.09,23.94,256.88,0
2024-04-26 13:00:00,801.89,19.72,207.51,0
2024-04-26 14:00:00,789.71,22.74,216.09,0
2024-04-26 15:00:00,791.94,23.89,169.65,0
2024-04-26 16:00:00,745.46,23.16,144.92,0
2024-04-26 17:00:00,752.66,27.38,74.3,0
2024-04-26 18:00:00,601.44,21.66,0.0,0
2024-04-26 19:00:00,507.21,17.75,0.0,0
2024-04-26 20:00:00,475.0,18.27,0.0,0
2024-04-26 21:00:00,458.26,13.61,0.0,0
2024-04-26 22:00:00,442.92,15.8,0.0,0
2024-04-26 23:00:00,405.19,13.26,0.0,0
2024-04-27 00:00:00,336.75,16.16,0.0,1
2024-04-27 01:00:00,351.93,12.73,0.0,1
2024-04-27 02:00:00,332.88,13.42,0.0,1
2024-04-27 03:00:00,394.7,12.56,0.0,1
2024-04-27 04:00:00,321.04,17.8,0.0,1
2024-04-27 05:00:00,506.53,14.48,0.0,1
2024-04-27 06:00:00,463.46,19.82,0.0,1
2024-04-27 07:00:00,518.66,18.99,76.78,1
2024-04-27 08:00:00,529.81,19.62,125.95,1
2024-04-27 09:00:00,640.46,20.69,178.49,1
2024-04-27 10:00:00,644.99,21.94,194.02,1
2024-04-27 11:00:00,659.09,18.34,207.29,1
2024-04-27 12:00:00,690.68,22.43,251.53,1
2024-04-27 13:00:00,698.01,25.18,208.93,1
2024-04-27 14:00:00,668.68,23.56,203.29,1
2024-04-27 15:00:00,633.82,20.68,195.3,1
2024-04-27 16:00:00,576.78,22.88,108.22,1
2024-04-27 17:00:00,569.05,25.6,62.1,1
2024-04-27 18:00:00,533.09,23.65,0.0,1
2024-04-27 19:00:00,491.57,19.83,0.0,1
2024-04-27 20:00:00,397.54,20.56,0.0,1
2024-04-27 21:00:00,309.35,16.63,0.0,1
2024-04-27 22:00:00,330.13,12.75,0.0,1
2024-04-27 23:00:00,314.88,13.27,0.0,1
2024-04-28 00:00:00,254.78,17.65,0.0,1
2024-04-28 01:00:00,334.64,13.48,0.0,1
2024-04-28 02:00:00,338.57,13.37,0.0,1
2024-04-28 03:00:00,387.04,13.42,0.0,1
2024-04-28 04:00:00,355.45,18.33,0.0,1
2024-04-28 05:00:00,447.06,18.57,0.0,1
2024-04-28 06:00:00,483.74,20.79,0.0,1
2024-04-28 07:00:00,495.08,17.24,68.19,1
2024-04-28 08:00:00,628.87,19.44,121.96,1
2024-04-28 09:00:00,564.66,17.11,155.97,1
2024-04-28 10:00:00,677.8,24.31,182.67,1
2024-04-28 11:00:00,658.04,20.05,219.53,1
2024-04-28 12:00:00,778.87,23.62,257.82,1
2024-04-28 13:00:00,733.23,21.49,226.86,1
2024-04-28 14:00:00,717.3,22.67,194.05,1
2024-04-28 15:00:00,633.23,22.01,182.52,1
2024-04-28 16:00:00,660.33,21.97,114.67,1
2024-04-28 17:00:00,554.07,21.31,66.4,1
2024-04-28 18:00:00,506.99,20.26,0.0,1
2024-04-28 19:00:00,450.86,21.81,0.0,1
2024-04-28 20:00:00,372.33,16.64,0.0,1
2024-04-28 21:00:00,312.29,18.0,0.0,1
2024-04-28 22:00:00,289.44,18.79,0.0,1
2024-04-28 23:00:00,319.12,14.29,0.0,1
2024-04-29 00:00:00,436.36,13.28,0.0,0
2024-04-29 01:00:00,428.46,13.76,0.0,0
2024-04-29 02:00:00,460.46,16.41,0.0,0
2024-04-29 03:00:00,398.35,14.61,0.0,0
2024-04-29 04:00:00,536.2,13.66,0.0,0
2024-04-29 05:00:00,561.38,16.48,0.0,0
2024-04-29 06:00:00,645.24,14.34,0.0,0
2024-04-29 07:00:00,641.3,19.12,69.57,0
2024-04-29 08:00:00,703.85,19.86,113.7,0
2024-04-29 09:00:00,763.33,19.73,161.38,0
2024-04-29 10:00:00,809.19,19.87,221.25,0
2024-04-29 11:00:00,793.77,20.81,248.69,0
2024-04-29 12:00:00,851.15,24.45,247.84,0
2024-04-29 13:00:00,898.5,26.34,270.7,0
2024-04-29 14:00:00,747.83,22.77,218.81,0
2024-04-29 15:00:00,772.11,24.79,211.43,0
2024-04-29 16:00:00,728.68,19.2,128.6,0
2024-04-29 17:00:00,693.22,21.41,69.82,0
2024-04-29 18:00:00,627.92,21.49,0.0,0
2024-04-29 19:00:00,522.24,18.52,0.0,0
2024-04-29 20:00:00,466.21,17.17,0.0,0
2024-04-29 21:00:00,439.62,16.42,0.0,0
2024-04-29 22:00:00,454.18,17.13,0.0,0
2024-04-29 23:00:00,399.73,15.14,0.0,0
2024-04-30 00:00:00,458.19,10.43,0.0,0
2024-04-30 01:00:00,446.27,10.17,0.0,0
2024-04-30 02:00:00,477.59,13.03,0.0,0
2024-04-30 03:00:00,451.84,15.33,0.0,0
2024-04-30 04:00:00,563.4,9.42,0.0,0
2024-04-30 05:00:00,519.09,14.71,0.0,0
2024-04-30 06:00:00,562.78,15.69,0.0,0
2024-04-30 07:00:00,659.19,20.72,55.62,0
2024-04-30 08:00:00,651.58,18.47,136.16,0
2024-04-30 09:00:00,807.06,21.3,160.58,0
2024-04-30 10:00:00,741.91,22.02,213.51,0
2024-04-30 11:00:00,758.34,18.52,204.98,0
2024-04-30 12:00:00,851.5,25.11,257.01,0
2024-04-30 13:00:00,829.07,24.5,222.43,0
2024-04-30 14:00:00,798.18,25.26,199.94,0
2024-04-30 15:00:00,836.71,31.92,180.48,0
2024-04-30 16:00:00,669.27,19.4,114.2,0
2024-04-30 17:00:00,706.86,26.23,71.57,0
2024-04-30 18:00:00,660.46,21.17,0.0,0
2024-04-30 19:00:00,561.29,21.11,0.0,0
2024-04-30 20:00:00,521.08,19.15,0.0,0
2024-04-30 21:00:00,460.27,17.1,0.0,0
2024-04-30 22:00:00,458.62,15.6,0.0,0
2024-04-30 23:00:00,333.17,16.36,0.0,0
2024-05-01 00:00:00,431.7,12.07,0.0,0
2024-05-01 01:00:00,438.44,16.11,0.0,0
2024-05-01 02:00:00,436.49,13.6,0.0,0
2024-05-01 03:00:00,539.2,12.34,0.0,0
2024-05-01 04:00:00,555.06,14.2,0.0,0
2024-05-01 05:00:00,520.63,18.41,0.0,0
2024-05-01 06:00:00,588.79,15.86,0.0,0
2024-05-01 07:00:00,614.99,18.86,72.0,0
2024-05-01 08:00:00,664.54,17.97,133.05,0
2024-05-01 09:00:00,733.04,22.24,177.73,0
2024-05-01 10:00:00,816.97,23.3,241.84,0
2024-05-01 11:00:00,823.45,26.67,269.99,0
2024-05-01 12:00:00,849.22,23.41,230.0,0
2024-05-01 13:00:00,864.89,25.6,206.09,0
2024-05-01 14:00:00,777.97,24.63,234.58,0
2024-05-01 15:00:00,848.72,26.86,168.35,0
2024-05-01 16:00:00,736.1,22.33,138.39,0
2024-05-01 17:00:00,715.1,24.46,56.03,0
2024-05-01 18:00:00,596.48,21.54,0.0,0
2024-05-01 19:00:00,569.79,20.6,0.0,0
2024-05-01 20:00:00,524.33,19.62,0.0,0
2024-05-01 21:00:00,442.56,18.64,0.0,0
2024-05-01 22:00:00,469.83,16.7,0.0,0
2024-05-01 23:00:00,404.64,16.33,0.0,0
2024-05-02 00:00:00,413.03,18.45,0.0,0
2024-05-02 01:00:00,406.48,16.77,0.0,0
2024-05-02 02:00:00,437.8,16.36,0.0,0
2024-05-02 03:00:00,437.95,13.88,0.0,0
2024-05-02 04:00:00,534.11,13.52,0.0,0
2024-05-02 05:00:00,509.86,18.0,0.0,0
2024-05-02 06:00:00,567.61,18.88,0.0,0
2024-05-02 07:00:00,708.13,21.28,63.13,0
2024-05-02 08:00:00,678.83,18.42,136.01,0
2024-05-02 09:00:00,720.94,20.46,184.07,0
2024-05-02 10:00:00,752.69,18.85,231.75,0
2024-05-02 11:00:00,784.43,22.38,233.42,0
2024-05-02 12:00:00,895.33,25.95,257.69,0
2024-05-02 13:00:00,811.01,23.52,206.02,0
2024-05-02 14:00:00,845.5,25.91,232.34,0
2024-05-02 15:00:00,816.06,24.07,165.02,0
2024-05-02 16:00:00,733.53,24.6,138.42,0
2024-05-02 17:00:00,673.72,20.87,65.79,0
2024-05-02 18:00:00,597.2,22.3,0.0,0
2024-05-02 19:00:00,620.01,14.94,0.0,0
2024-05-02 20:00:00,515.92,19.25,0.0,0
2024-05-02 21:00:00,463.06,15.07,0.0,0
2024-05-02 22:00:00,402.84,19.54,0.0,0
2024-05-02 23:00:00,387.52,17.64,0.0,0
2024-05-03 00:00:00,387.32,16.42,0.0,0
2024-05-03 01:00:00,435.91,18.03,0.0,0
2024-05-03 02:00:00,426.99,12.92,0.0,0
2024-05-03 03:00:00,446.75,18.48,0.0,0
2024-05-03 04:00:00,486.05,17.35,0.0,0
2024-05-03 05:00:00,547.24,15.81,0.0,0
2024-05-03 06:00:00,593.14,19.59,0.0,0
2024-05-03 07:00:00,645.78,16.31,63.53,0
2024-05-03 08:00:00,703.48,18.17,140.74,0
2024-05-03 09:00:00,755.56,19.89,195.75,0
2024-05-03 10:00:00,796.25,21.26,196.14,0
2024-05-03 11:00:00,729.71,21.24,271.6,0
2024-05-03 12:00:00,873.41,26.59,269.93,0
2024-05-03 13:00:00,793.06,24.13,232.02,0
2024-05-03 14:00:00,844.56,25.52,216.07,0
2024-05-03 15:00:00,813.32,23.5,182.8,0
2024-05-03 16:00:00,681.88,20.5,109.51,0
2024-05-03 17:00:00,684.12,23.89,72.53,0
2024-05-03 18:00:00,569.92,18.49,0.0,0
2024-05-03 19:00:00,588.84,20.97,0.0,0
2024-05-03 20:00:00,491.59,17.08,0.0,0
2024-05-03 21:00:00,526.74,22.5,0.0,0
2024-05-03 22:00:00,428.51,19.14,0.0,0
2024-05-03 23:00:00,407.97,16.49,0.0,0
2024-05-04 00:00:00,263.71,18.2,0.0,1
2024-05-04 01:00:00,332.46,13.48,0.0,1
2024-05-04 02:00:00,262.45,16.09,0.0,1
2024-05-04 03:00:00,344.98,15.57,0.0,1
2024-05-04 04:00:00,376.24,16.2,0.0,1
2024-05-04 05:00:00,436.49,19.01,0.0,1
2024-05-04 06:00:00,464.99,18.97,0.0,1
2024-05-04 07:00:00,498.66,19.29,71.6,1
2024-05-04 08:00:00,573.25,16.69,145.34,1
2024-05-04 09:00:00,588.12,19.38,179.46,1
2024-05-04 10:00:00,627.65,22.26,254.37,1
2024-05-04 11:00:00,728.62,23.73,270.36,1
2024-05-04 12:00:00,715.2,22.07,260.41,1
2024-05-04 13:00:00,781.42,29.66,248.58,1
2024-05-04 14:00:00,766.14,28.04,215.74,1
2024-05-04 15:00:00,665.17,26.04,167.23,1
2024-05-04 16:00:00,589.0,24.48,147.87,1
2024-05-04 17:00:00,561.16,23.11,75.77,1
2024-05-04 18:00:00,477.31,20.6,0.0,1
2024-05-04 19:00:00,421.7,21.45,0.0,1
2024-05-04 20:00:00,383.19,20.52,0.0,1
2024-05-04 21:00:00,321.03,16.23,0.0,1
2024-05-04 22:00:00,242.61,18.17,0.0,1
2024-05-04 23:00:00,274.21,16.16,0.0,1
2024-05-05 00:00:00,291.15,12.04,0.0,1
2024-05-05 01:00:00,316.21,13.64,0.0,1
2024-05-05 02:00:00,306.77,14.36,0.0,1
2024-05-05 03:00:00,357.73,19.14,0.0,1
2024-05-05 04:00:00,410.37,16.97,0.0,1
2024-05-05 05:00:00,465.39,13.98,0.0,1
2024-05-05 06:00:00,427.84,18.66,0.0,1
2024-05-05 07:00:00,571.38,15.8,58.81,1
2024-05-05 08:00:00,642.95,22.36,132.9,1
2024-05-05 09:00:00,627.31,20.54,158.78,1
2024-05-05 10:00:00,711.31,22.5,239.58,1
2024-05-05 11:00:00,723.16,26.38,264.63,1
2024-05-05 12:00:00,652.8,21.95,238.99,1
2024-05-05 13:00:00,676.43,22.23,271.29,1
2024-05-05 14:00:00,736.67,24.02,241.95,1
2024-05-05 15:00:00,655.11,27.1,192.71,1
2024-05-05 16:00:00,594.8,21.48,119.45,1
2024-05-05 17:00:00,513.23,18.06,56.93,1
2024-05-05 18:00:00,485.05,21.79,0.0,1
2024-05-05 19:00:00,443.02,22.59,0.0,1
2024-05-05 20:00:00,407.71,22.59,0.0,1
2024-05-05 21:00:00,304.83,17.97,0.0,1
2024-05-05 22:00:00,262.57,16.87,0.0,1
2024-05-05 23:00:00,281.81,18.96,0.0,1
2024-05-06 00:00:00,463.78,12.31,0.0,0
2024-05-06 01:00:00,440.87,14.77,0.0,0
2024-05-06 02:00:00,408.99,15.76,0.0,0
2024-05-06 03:00:00,422.86,16.44,0.0,0
2024-05-06 04:00:00,502.64,15.03,0.0,0
2024-05-06 05:00:00,578.34,16.91,0.0,0
2024-05-06 06:00:00,647.15,12.9,0.0,0
2024-05-06 07:00:00,651.72,17.76,60.53,0
2024-05-06 08:00:00,735.07,21.28,105.67,0
2024-05-06 09:00:00,748.99,19.7,193.34,0
2024-05-06 10:00:00,806.15,22.99,209.56,0
2024-05-06 11:00:00,857.79,24.8,215.41,0
2024-05-06 12:00:00,826.55,24.02,247.84,0
2024-05-06 13:00:00,813.28,25.55,221.14,0
2024-05-06 14:00:00,825.78,23.45,227.5,0
2024-05-06 15:00:00,820.28,24.79,174.55,0
2024-05-06 16:00:00,731.3,25.93,147.5,0
2024-05-06 17:00:00,714.56,24.22,54.68,0
2024-05-06 18:00:00,659.04,21.7,0.0,0
2024-05-06 19:00:00,569.36,22.12,0.0,0
2024-05-06 20:00:00,497.6,21.8,0.0,0
2024-05-06 21:00:00,471.84,14.98,0.0,0
2024-05-06 22:00:00,414.97,20.19,0.0,0
2024-05-06 23:00:00,389.72,16.17,0.0,0
2024-05-07 00:00:00,400.03,17.08,0.0,0
2024-05-07 01:00:00,347.96,18.12,0.0,0
2024-05-07 02:00:00,422.54,12.82,0.0,0
2024-05-07 03:00:00,475.96,14.31,0.0,0
2024-05-07 04:00:00,502.92,15.65,0.0,0
2024-05-07 05:00:00,562.26,15.46,0.0,0
2024-05-07 06:00:00,662.17,21.53,0.0,0
2024-05-07 07:00:00,638.86,17.55,57.77,0
2024-05-07 08:00:00,709.43,19.45,141.2,0
2024-05-07 09:00:00,739.65,22.26,191.17,0
2024-05-07 10:00:00,798.95,20.65,225.76,0
2024-05-07 11:00:00,813.06,23.3,206.14,0
2024-05-07 12:00:00,857.03,25.52,267.12,0
2024-05-07 13:00:00,837.69,24.72,256.65,0
2024-05-07 14:00:00,852.75,25.37,208.87,0
2024-05-07 15:00:00,751.97,24.33,185.45,0
2024-05-07 16:00:00,661.52,21.86,107.19,0
2024-05-07 17:00:00,693.81,24.74,56.81,0
2024-05-07 18:00:00,677.4,26.57,0.0,0
2024-05-07 19:00:00,570.94,21.89,0.0,0
2024-05-07 20:00:00,540.9,21.01,0.0,0
2024-05-07 21:00:00,476.02,20.65,0.0,0
2024-05-07 22:00:00,417.49,15.52,0.0,0
2024-05-07 23:00:00,352.97,20.43,0.0,0
2024-05-08 00:00:00,385.91,16.82,0.0,0
2024-05-08 01:00:00,424.27,19.18,0.0,0
2024-05-08 02:00:00,434.24,14.28,0.0,0
2024-05-08 03:00:00,454.76,19.55,0.0,0
2024-05-08 04:00:00,490.92,17.96,0.0,0
2024-05-08 05:00:00,505.97,18.31,0.0,0
2024-05-08 06:00:00,602.67,18.71,0.0,0
2024-05-08 07:00:00,682.19,18.95,68.62,0
2024-05-08 08:00:00,727.1,23.14,122.86,0
2024-05-08 09:00:00,736.35,22.32,198.78,0
2024-05-08 10:00:00,764.61,19.31,227.34,0
2024-05-08 11:00:00,758.0,22.04,209.14,0
2024-05-08 12:00:00,855.42,24.7,249.02,0
2024-05-08 13:00:00,866.4,26.19,211.37,0
2024-05-08 14:00:00,871.38,25.63,189.5,0
2024-05-08 15:00:00,816.66,28.01,152.05,0
2024-05-08 16:00:00,721.9,21.17,109.71,0
2024-05-08 17:00:00,675.87,24.56,77.57,0
2024-05-08 18:00:00,587.14,19.61,0.0,0
2024-05-08 19:00:00,545.65,23.55,0.0,0
2024-05-08 20:00:00,500.65,20.55,0.0,0
2024-05-08 21:00:00,453.81,20.29,0.0,0
2024-05-08 22:00:00,429.14,16.51,0.0,0
2024-05-08 23:00:00,388.87,19.76,0.0,0
2024-05-09 00:00:00,388.83,18.67,0.0,0
2024-05-09 01:00:00,385.89,17.26,0.0,0
2024-05-09 02:00:00,421.88,15.66,0.0,0
2024-05-09 03:00:00,448.07,17.25,0.0,0
2024-05-09 04:00:00,509.24,15.18,0.0,0
2024-05-09 05:00:00,558.24,19.1,0.0,0
2024-05-09 06:00:00,614.19,21.72,0.0,0
2024-05-09 07:00:00,660.7,21.77,71.68,0
2024-05-09 08:00:00,690.1,19.46,136.33,0
2024-05-09 09:00:00,752.94,22.94,174.0,0
2024-05-09 10:00:00,772.56,20.84,223.06,0
2024-05-09 11:00:00,899.98,25.6,260.49,0
2024-05-09 12:00:00,838.71,26.15,266.31,0
2024-05-09 13:00:00,806.33,22.01,257.53,0
2024-05-09 14:00:00,799.5,23.6,184.02,0
2024-05-09 15:00:00,787.09,25.18,197.3,0
2024-05-09 16:00:00,738.22,24.65,113.19,0
2024-05-09 17:00:00,679.13,22.04,61.15,0
2024-05-09 18:00:00,599.24,24.2,0.0,0
2024-05-09 19:00:00,601.35,22.72,0.0,0
2024-05-09 20:00:00,521.15,20.53,0.0,0
2024-05-09 21:00:00,408.67,18.12,0.0,0
2024-05-09 22:00:00,375.26,20.52,0.0,0
2024-05-09 23:00:00,389.36,20.7,0.0,0
2024-05-10 00:00:00,395.9,15.8,0.0,0
2024-05-10 01:00:00,480.86,15.05,0.0,0
2024-05-10 02:00:00,429.55,17.08,0.0,0
2024-05-10 03:00:00,417.84,15.55,0.0,0
2024-05-10 04:00:00,477.85,16.49,0.0,0
2024-05-10 05:00:00,537.35,19.04,0.0,0
2024-05-10 06:00:00,618.53,14.78,0.0,0
2024-05-10 07:00:00,643.32,22.44,73.49,0
2024-05-10 08:00:00,709.08,21.25,131.02,0
2024-05-10 09:00:00,739.19,21.57,185.23,0
2024-05-10 10:00:00,779.83,23.42,200.57,0
2024-05-10 11:00:00,845.28,24.56,216.96,0
2024-05-10 12:00:00,839.03,21.97,291.47,0
2024-05-10 13:00:00,903.41,28.92,240.84,0
2024-05-10 14:00:00,849.39,26.18,200.44,0
2024-05-10 15:00:00,797.15,26.82,162.1,0
2024-05-10 16:00:00,791.2,27.33,143.34,0
2024-05-10 17:00:00,685.43,22.59,65.4,0
2024-05-10 18:00:00,648.82,24.55,0.0,0
2024-05-10 19:00:00,551.53,21.86,0.0,0
2024-05-10 20:00:00,515.52,22.79,0.0,0
2024-05-10 21:00:00,464.91,15.55,0.0,0
2024-05-10 22:00:00,471.81,18.4,0.0,0
2024-05-10 23:00:00,410.75,16.36,0.0,0
2024-05-11 00:00:00,246.6,17.81,0.0,1
2024-05-11 01:00:00,252.13,17.39,0.0,1
2024-05-11 02:00:00,305.88,14.86,0.0,1
2024-05-11 03:00:00,402.78,15.02,0.0,1
2024-05-11 04:00:00,362.76,16.73,0.0,1
2024-05-11 05:00:00,451.42,15.95,0.0,1
2024-05-11 06:00:00,475.21,20.46,0.0,1
2024-05-11 07:00:00,530.74,19.24,55.87,1
2024-05-11 08:00:00,605.16,15.46,126.76,1
2024-05-11 09:00:00,625.34,21.82,182.85,1
2024-05-11 10:00:00,654.18,21.7,225.96,1
2024-05-11 11:00:00,730.16,21.55,229.57,1
2024-05-11 12:00:00,735.94,23.13,259.3,1
2024-05-11 13:00:00,756.21,26.33,278.6,1
2024-05-11 14:00:00,762.23,28.93,191.2,1
2024-05-11 15:00:00,700.24,26.73,184.87,1
2024-05-11 16:00:00,674.39,24.39,146.67,1
2024-05-11 17:00:00,590.11,25.72,65.31,1
2024-05-11 18:00:00,523.02,22.86,0.0,1
2024-05-11 19:00:00,403.78,21.18,0.0,1
2024-05-11 20:00:00,349.06,18.97,0.0,1
2024-05-11 21:00:00,303.76,16.48,0.0,1
2024-05-11 22:00:00,318.67,18.0,0.0,1
2024-05-11 23:00:00,203.58,18.06,0.0,1
2024-05-12 00:00:00,260.65,16.93,0.0,1
2024-05-12 01:00:00,214.07,15.79,0.0,1
2024-05-12 02:00:00,300.41,14.56,0.0,1
2024-05-12 03:00:00,307.92,17.84,0.0,1
2024-05-12 04:00:00,429.74,14.49,0.0,1
2024-05-12 05:00:00,432.84,19.47,0.0,1
2024-05-12 06:00:00,449.69,16.95,0.0,1
2024-05-12 07:00:00,544.94,18.65,58.76,1
2024-05-12 08:00:00,565.63,18.52,130.46,1
2024-05-12 09:00:00,639.79,21.74,190.42,1
2024-05-12 10:00:00,682.17,25.9,212.46,1
2024-05-12 11:00:00,708.62,26.02,228.76,1
2024-05-12 12:00:00,736.76,27.74,281.89,1
2024-05-12 13:00:00,747.61,27.33,273.66,1
2024-05-12 14:00:00,697.6,24.24,185.13,1
2024-05-12 15:00:00,716.23,25.62,174.61,1
2024-05-12 16:00:00,631.84,24.22,132.44,1
2024-05-12 17:00:00,540.56,27.65,58.98,1
2024-05-12 18:00:00,502.15,21.56,0.0,1
2024-05-12 19:00:00,437.32,24.53,0.0,1
2024-05-12 20:00:00,388.23,23.24,0.0,1
2024-05-12 21:00:00,356.45,23.82,0.0,1
2024-05-12 22:00:00,271.54,18.13,0.0,1
2024-05-12 23:00:00,245.85,19.34,0.0,1
2024-05-13 00:00:00,423.67,21.86,0.0,0
2024-05-13 01:00:00,375.94,15.56,0.0,0
2024-05-13 02:00:00,460.16,13.56,0.0,0
2024-05-13 03:00:00,544.15,13.04,0.0,0
2024-05-13 04:00:00,453.97,18.72,0.0,0
2024-05-13 05:00:00,557.89,14.32,0.0,0
2024-05-13 06:00:00,520.72,18.38,0.0,0
2024-05-13 07:00:00,656.3,21.21,75.28,0
2024-05-13 08:00:00,736.02,22.0,123.79,0
2024-05-13 09:00:00,797.14,23.77,168.66,0
2024-05-13 10:00:00,820.84,24.57,206.79,0
2024-05-13 11:00:00,892.6,27.72,234.4,0
2024-05-13 12:00:00,904.16,24.05,254.98,0
2024-05-13 13:00:00,887.0,25.1,244.62,0
2024-05-13 14:00:00,810.94,25.08,210.26,0
2024-05-13 15:00:00,786.3,28.12,168.2,0
2024-05-13 16:00:00,767.41,27.76,120.53,0
2024-05-13 17:00:00,688.72,26.06,63.97,0
2024-05-13 18:00:00,676.21,26.49,0.0,0
2024-05-13 19:00:00,524.34,20.56,0.0,0
2024-05-13 20:00:00,547.78,24.96,0.0,0
2024-05-13 21:00:00,513.3,23.38,0.0,0
2024-05-13 22:00:00,430.24,20.6,0.0,0
2024-05-13 23:00:00,399.69,21.65,0.0,0
2024-05-14 00:00:00,447.84,14.15,0.0,0
2024-05-14 01:00:00,360.66,15.92,0.0,0
2024-05-14 02:00:00,425.34,15.33,0.0,0
2024-05-14 03:00:00,441.63,18.41,0.0,0
2024-05-14 04:00:00,506.74,15.37,0.0,0
2024-05-14 05:00:00,550.51,19.78,0.0,0
2024-05-14 06:00:00,635.64,22.04,0.0,0
2024-05-14 07:00:00,669.81,21.89,70.1,0
2024-05-14 08:00:00,714.44,22.36,116.74,0
2024-05-14 09:00:00,742.38,21.11,173.04,0
2024-05-14 10:00:00,783.94,22.6,199.01,0
2024-05-14 11:00:00,891.18,27.83,283.32,0
2024-05-14 12:00:00,860.69,27.69,271.33,0
2024-05-14 13:00:00,879.83,26.55,262.02,0
2024-05-14 14:00:00,833.29,25.96,234.11,0
2024-05-14 15:00:00,754.13,22.57,180.15,0
2024-05-14 16:00:00,755.31,23.98,137.26,0
2024-05-14 17:00:00,725.12,29.15,67.29,0
2024-05-14 18:00:00,633.31,21.74,0.0,0
2024-05-14 19:00:00,588.25,23.47,0.0,0
2024-05-14 20:00:00,523.2,23.81,0.0,0
2024-05-14 21:00:00,451.87,17.99,0.0,0
2024-05-14 22:00:00,437.12,19.67,0.0,0
2024-05-14 23:00:00,437.12,20.14,0.0,0
2024-05-15 00:00:00,407.55,17.66,0.0,0
2024-05-15 01:00:00,447.82,22.87,0.0,0
2024-05-15 02:00:00,422.32,13.63,0.0,0
2024-05-15 03:00:00,512.33,19.25,0.0,0
2024-05-15 04:00:00,452.01,17.29,0.0,0
2024-05-15 05:00:00,571.71,19.97,0.0,0
2024-05-15 06:00:00,614.26,20.35,0.0,0
2024-05-15 07:00:00,614.46,19.21,58.52,0
2024-05-15 08:00:00,721.13,22.42,144.65,0
2024-05-15 09:00:00,734.89,19.54,169.5,0
2024-05-15 10:00:00,862.56,25.67,209.68,0
2024-05-15 11:00:00,836.33,26.1,211.3,0
2024-05-15 12:00:00,869.18,27.57,289.74,0
2024-05-15 13:00:00,823.9,28.91,262.36,0
2024-05-15 14:00:00,893.58,27.7,252.73,0
2024-05-15 15:00:00,785.57,27.09,186.21,0
2024-05-15 16:00:00,753.51,24.53,108.98,0
2024-05-15 17:00:00,689.99,24.08,59.44,0
2024-05-15 18:00:00,665.94,26.84,0.0,0
2024-05-15 19:00:00,629.8,26.13,0.0,0
2024-05-15 20:00:00,556.67,21.49,0.0,0
2024-05-15 21:00:00,472.5,20.76,0.0,0
2024-05-15 22:00:00,426.61,17.66,0.0,0
2024-05-15 23:00:00,422.79,20.78,0.0,0
2024-05-16 00:00:00,416.77,19.13,0.0,0
2024-05-16 01:00:00,407.1,21.19,0.0,0
2024-05-16 02:00:00,459.92,15.38,0.0,0
2024-05-16 03:00:00,480.87,16.55,0.0,0
2024-05-16 04:00:00,509.72,18.27,0.0,0
2024-05-16 05:00:00,530.63,19.89,0.0,0
2024-05-16 06:00:00,587.8,19.2,0.0,0
2024-05-16 07:00:00,648.68,19.09,59.62,0
2024-05-16 08:00:00,704.68,23.9,108.58,0
2024-05-16 09:00:00,829.98,24.87,174.91,0
2024-05-16 10:00:00,800.9,22.8,199.06,0
2024-05-16 11:00:00,884.07,28.38,224.31,0
2024-05-16 12:00:00,873.61,28.8,276.8,0
2024-05-16 13:00:00,832.32,27.23,262.81,0
2024-05-16 14:00:00,831.02,27.29,222.51,0
2024-05-16 15:00:00,827.6,28.07,210.92,0
2024-05-16 16:00:00,764.23,24.74,136.62,0
2024-05-16 17:00:00,713.09,25.73,66.61,0
2024-05-16 18:00:00,611.95,20.33,0.0,0
2024-05-16 19:00:00,591.61,25.18,0.0,0
2024-05-16 20:00:00,502.5,19.01,0.0,0
2024-05-16 21:00:00,534.1,23.85,0.0,0
2024-05-16 22:00:00,434.14,18.97,0.0,0
2024-05-16 23:00:00,408.79,18.17,0.0,0
2024-05-17 00:00:00,400.23,16.71,0.0,0
2024-05-17 01:00:00,360.32,16.89,0.0,0
2024-05-17 02:00:00,402.02,20.13,0.0,0
2024-05-17 03:00:00,505.03,12.49,0.0,0
2024-05-17 04:00:00,504.94,20.52,0.0,0
2024-05-17 05:00:00,553.61,19.44,0.0,0
2024-05-17 06:00:00,628.08,17.38,0.0,0
2024-05-17 07:00:00,658.44,18.85,61.25,0
2024-05-17 08:00:00,787.97,25.65,141.27,0
2024-05-17 09:00:00,760.79,21.7,179.66,0
2024-05-17 10:00:00,777.93,22.49,225.2,0
2024-05-17 11:00:00,872.81,28.11,252.93,0
2024-05-17 12:00:00,852.93,27.3,251.17,0
2024-05-17 13:00:00,884.65,25.25,204.4,0
2024-05-17 14:00:00,870.27,27.73,196.45,0
2024-05-17 15:00:00,805.19,25.08,154.62,0
2024-05-17 16:00:00,819.19,28.83,148.67,0
2024-05-17 17:00:00,680.82,27.96,74.38,0
2024-05-17 18:00:00,673.32,25.86,0.0,0
2024-05-17 19:00:00,558.62,24.31,0.0,0
2024-05-17 20:00:00,558.02,25.82,0.0,0
2024-05-17 21:00:00,460.81,21.0,0.0,0
2024-05-17 22:00:00,429.0,17.43,0.0,0
2024-05-17 23:00:00,409.13,19.66,0.0,0
2024-05-18 00:00:00,336.65,22.3,0.0,1
2024-05-18 01:00:00,275.76,15.6,0.0,1
2024-05-18 02:00:00,317.15,16.74,0.0,1
2024-05-18 03:00:00,327.27,18.46,0.0,1
2024-05-18 04:00:00,319.34,18.02,0.0,1
2024-05-18 05:00:00,395.67,16.96,0.0,1
2024-05-18 06:00:00,498.29,22.2,0.0,1
2024-05-18 07:00:00,617.63,25.81,57.09,1
2024-05-18 08:00:00,620.12,22.85,119.81,1
2024-05-18 09:00:00,611.7,21.95,156.43,1
2024-05-18 10:00:00,668.32,21.86,182.3,1
2024-05-18 11:00:00,788.75,26.51,244.75,1
2024-05-18 12:00:00,772.76,29.0,291.61,1
2024-05-18 13:00:00,747.4,28.24,275.3,1
2024-05-18 14:00:00,740.05,27.46,234.58,1
2024-05-18 15:00:00,701.62,26.11,205.54,1
2024-05-18 16:00:00,614.66,24.61,113.31,1
2024-05-18 17:00:00,620.98,27.67,70.73,1
2024-05-18 18:00:00,539.66,26.79,0.0,1
2024-05-18 19:00:00,452.85,20.66,0.0,1
2024-05-18 20:00:00,440.64,25.64,0.0,1
2024-05-18 21:00:00,373.77,22.31,0.0,1
2024-05-18 22:00:00,315.41,22.76,0.0,1
2024-05-18 23:00:00,263.88,16.24,0.0,1
2024-05-19 00:00:00,308.05,15.56,0.0,1
2024-05-19 01:00:00,269.9,17.49,0.0,1
2024-05-19 02:00:00,300.18,18.63,0.0,1
2024-05-19 03:00:00,344.76,21.38,0.0,1
2024-05-19 04:00:00,399.5,19.7,0.0,1
2024-05-19 05:00:00,399.04,18.6,0.0,1
2024-05-19 06:00:00,457.29,18.07,0.0,1
2024-05-19 07:00:00,589.28,23.79,76.52,1
2024-05-19 08:00:00,616.24,20.69,118.35,1
2024-05-19 09:00:00,680.05,27.17,149.91,1
2024-05-19 10:00:00,747.72,24.55,224.99,1
2024-05-19 11:00:00,774.39,29.34,267.21,1
2024-05-19 12:00:00,737.01,28.31,285.9,1
2024-05-19 13:00:00,754.18,27.18,264.79,1
2024-05-19 14:00:00,709.45,26.58,234.25,1
2024-05-19 15:00:00,699.96,26.77,185.16,1
2024-05-19 16:00:00,657.0,27.81,120.51,1
2024-05-19 17:00:00,596.73,26.31,71.28,1
2024-05-19 18:00:00,496.54,23.93,0.0,1
2024-05-19 19:00:00,488.82,23.58,0.0,1
2024-05-19 20:00:00,378.88,22.78,0.0,1
2024-05-19 21:00:00,300.17,17.07,0.0,1
2024-05-19 22:00:00,326.35,21.04,0.0,1
2024-05-19 23:00:00,315.63,17.13,0.0,1
2024-05-20 00:00:00,389.76,16.14,0.0,0
2024-05-20 01:00:00,438.59,14.57,0.0,0
2024-05-20 02:00:00,471.71,14.19,0.0,0
2024-05-20 03:00:00,486.56,15.24,0.0,0
2024-05-20 04:00:00,481.91,17.03,0.0,0
2024-05-20 05:00:00,552.46,23.15,0.0,0
2024-05-20 06:00:00,537.09,19.23,0.0,0
2024-05-20 07:00:00,663.6,21.84,76.64,0
2024-05-20 08:00:00,765.25,23.58,113.88,0
2024-05-20 09:00:00,756.67,24.34,178.23,0
2024-05-20 10:00:00,841.95,25.12,229.28,0
2024-05-20 11:00:00,808.67,23.92,243.05,0
2024-05-20 12:00:00,902.76,30.01,244.88,0
2024-05-20 13:00:00,923.11,31.22,276.78,0
2024-05-20 14:00:00,800.86,24.41,227.27,0
2024-05-20 15:00:00,801.29,25.56,190.78,0
2024-05-20 16:00:00,755.12,26.55,134.23,0
2024-05-20 17:00:00,713.25,24.39,75.52,0
2024-05-20 18:00:00,668.79,26.29,0.0,0
2024-05-20 19:00:00,575.82,22.62,0.0,0
2024-05-20 20:00:00,610.05,27.11,0.0,0
2024-05-20 21:00:00,513.8,23.87,0.0,0
2024-05-20 22:00:00,416.58,20.7,0.0,0
2024-05-20 23:00:00,417.64,21.3,0.0,0
2024-05-21 00:00:00,406.27,20.82,0.0,0
2024-05-21 01:00:00,399.05,16.98,0.0,0
2024-05-21 02:00:00,486.88,16.3,0.0,0
2024-05-21 03:00:00,450.47,18.26,0.0,0
2024-05-21 04:00:00,452.39,20.33,0.0,0
2024-05-21 05:00:00,531.44,19.68,0.0,0
2024-05-21 06:00:00,538.88,17.28,0.0,0
2024-05-21 07:00:00,643.87,20.04,74.41,0
2024-05-21 08:00:00,678.19,22.79,137.75,0
2024-05-21 09:00:00,760.41,24.08,201.45,0
2024-05-21 10:00:00,828.99,29.38,250.1,0
2024-05-21 11:00:00,839.78,23.7,220.48,0
2024-05-21 12:00:00,882.78,28.28,255.38,0
2024-05-21 13:00:00,908.19,30.74,234.9,0
2024-05-21 14:00:00,895.37,32.48,233.99,0
2024-05-21 15:00:00,776.12,26.96,176.9,0
2024-05-21 16:00:00,795.32,28.25,138.41,0
2024-05-21 17:00:00,775.92,27.61,70.47,0
2024-05-21 18:00:00,668.49,25.83,0.0,0
2024-05-21 19:00:00,577.9,24.03,0.0,0
2024-05-21 20:00:00,502.37,23.81,0.0,0
2024-05-21 21:00:00,430.11,16.58,0.0,0
2024-05-21 22:00:00,456.11,21.8,0.0,0
2024-05-21 23:00:00,430.16,19.65,0.0,0
2024-05-22 00:00:00,389.66,18.31,0.0,0
2024-05-22 01:00:00,450.34,22.35,0.0,0
2024-05-22 02:00:00,437.1,16.74,0.0,0
2024-05-22 03:00:00,456.71,17.45,0.0,0
2024-05-22 04:00:00,510.96,22.74,0.0,0
2024-05-22 05:00:00,533.69,17.89,0.0,0
2024-05-22 06:00:00,573.68,19.49,0.0,0
2024-05-22 07:00:00,667.21,21.5,73.42,0
2024-05-22 08:00:00,755.97,24.77,109.72,0
2024-05-22 09:00:00,831.38,24.8,176.7,0
2024-05-22 10:00:00,770.5,23.0,186.86,0
2024-05-22 11:00:00,860.82,25.56,274.47,0
2024-05-22 12:00:00,899.07,26.2,228.72,0
2024-05-22 13:00:00,889.8,27.76,284.58,0
2024-05-22 14:00:00,883.43,28.94,190.97,0
2024-05-22 15:00:00,843.66,28.75,169.23,0
2024-05-22 16:00:00,771.13,23.87,133.34,0
2024-05-22 17:00:00,712.1,28.75,73.21,0
2024-05-22 18:00:00,626.29,26.09,0.0,0
2024-05-22 19:00:00,619.6,27.15,0.0,0
2024-05-22 20:00:00,485.74,23.98,0.0,0
2024-05-22 21:00:00,529.32,24.0,0.0,0
2024-05-22 22:00:00,472.53,21.52,0.0,0
2024-05-22 23:00:00,418.44,22.25,0.0,0
2024-05-23 00:00:00,390.28,19.95,0.0,0
2024-05-23 01:00:00,387.15,18.21,0.0,0
2024-05-23 02:00:00,455.95,22.78,0.0,0
2024-05-23 03:00:00,463.64,20.19,0.0,0
2024-05-23 04:00:00,514.53,20.06,0.0,0
2024-05-23 05:00:00,532.4,17.15,0.0,0
2024-05-23 06:00:00,605.21,18.16,0.0,0
2024-05-23 07:00:00,688.23,22.53,62.82,0
2024-05-23 08:00:00,720.14,23.53,110.37,0
2024-05-23 09:00:00,807.86,23.31,209.91,0
2024-05-23 10:00:00,799.47,26.02,195.21,0
2024-05-23 11:00:00,890.41,29.95,254.08,0
2024-05-23 12:00:00,913.78,28.96,240.78,0
2024-05-23 13:00:00,832.99,25.79,257.4,0
2024-05-23 14:00:00,861.11,28.02,205.6,0
2024-05-23 15:00:00,819.6,26.46,195.95,0
2024-05-23 16:00:00,746.44,26.79,149.01,0
2024-05-23 17:00:00,709.44,25.95,55.57,0
2024-05-23 18:00:00,643.94,24.78,0.0,0
2024-05-23 19:00:00,554.68,22.02,0.0,0
2024-05-23 20:00:00,587.39,22.98,0.0,0
2024-05-23 21:00:00,447.75,20.82,0.0,0
2024-05-23 22:00:00,463.11,14.88,0.0,0
2024-05-23 23:00:00,435.1,23.81,0.0,0
2024-05-24 00:00:00,385.2,21.24,0.0,0
2024-05-24 01:00:00,391.32,17.81,0.0,0
2024-05-24 02:00:00,427.29,18.43,0.0,0
2024-05-24 03:00:00,479.43,16.22,0.0,0
2024-05-24 04:00:00,563.56,22.45,0.0,0
2024-05-24 05:00:00,658.35,23.65,0.0,0
2024-05-24 06:00:00,618.29,21.2,0.0,0
2024-05-24 07:00:00,676.61,24.14,70.43,0
2024-05-24 08:00:00,748.72,23.74,140.97,0
2024-05-24 09:00:00,754.86,22.01,160.73,0
2024-05-24 10:00:00,847.01,25.07,197.04,0
2024-05-24 11:00:00,832.64,27.19,246.52,0
2024-05-24 12:00:00,927.31,26.81,252.6,0
2024-05-24 13:00:00,892.4,27.78,229.27,0
2024-05-24 14:00:00,813.17,28.21,220.11,0
2024-05-24 15:00:00,804.26,28.06,185.59,0
2024-05-24 16:00:00,798.64,27.82,105.23,0
2024-05-24 17:00:00,729.21,24.8,74.21,0
2024-05-24 18:00:00,612.74,24.45,0.0,0
2024-05-24 19:00:00,587.2,22.11,0.0,0
2024-05-24 20:00:00,504.76,25.34,0.0,0
2024-05-24 21:00:00,437.51,17.88,0.0,0
2024-05-24 22:00:00,486.56,23.2,0.0,0
2024-05-24 23:00:00,419.29,22.63,0.0,0
2024-05-25 00:00:00,228.34,18.6,0.0,1
2024-05-25 01:00:00,315.48,13.5,0.0,1
2024-05-25 02:00:00,273.55,17.81,0.0,1
2024-05-25 03:00:00,340.09,18.58,0.0,1
2024-05-25 04:00:00,346.03,17.18,0.0,1
2024-05-25 05:00:00,398.61,18.97,0.0,1
2024-05-25 06:00:00,470.43,24.1,0.0,1
2024-05-25 07:00:00,571.72,23.57,66.13,1
2024-05-25 08:00:00,592.84,21.69,118.64,1
2024-05-25 09:00:00,608.05,21.63,211.38,1
2024-05-25 10:00:00,711.86,25.38,210.12,1
2024-05-25 11:00:00,765.3,26.64,242.7,1
2024-05-25 12:00:00,763.19,28.86,280.17,1
2024-05-25 13:00:00,752.83,27.29,224.32,1
2024-05-25 14:00:00,755.62,29.56,236.16,1
2024-05-25 15:00:00,713.67,32.24,194.51,1
2024-05-25 16:00:00,726.38,29.5,128.8,1
2024-05-25 17:00:00,589.74,26.97,61.9,1
2024-05-25 18:00:00,553.09,25.67,0.0,1
2024-05-25 19:00:00,488.63,24.12,0.0,1
2024-05-25 20:00:00,435.48,25.9,0.0,1
2024-05-25 21:00:00,363.61,20.99,0.0,1
2024-05-25 22:00:00,324.2,21.13,0.0,1
2024-05-25 23:00:00,252.4,20.1,0.0,1
2024-05-26 00:00:00,255.15,18.35,0.0,1
2024-05-26 01:00:00,270.46,16.1,0.0,1
2024-05-26 02:00:00,288.5,19.33,0.0,1
2024-05-26 03:00:00,293.25,18.73,0.0,1
2024-05-26 04:00:00,411.66,20.35,0.0,1
2024-05-26 05:00:00,459.05,19.08,0.0,1
2024-05-26 06:00:00,540.66,23.62,0.0,1
2024-05-26 07:00:00,569.84,20.63,59.79,1
2024-05-26 08:00:00,642.42,27.1,122.99,1
2024-05-26 09:00:00,620.29,21.48,210.66,1
2024-05-26 10:00:00,704.23,27.05,184.02,1
2024-05-26 11:00:00,770.94,28.17,263.85,1
2024-05-26 12:00:00,749.86,26.42,277.56,1
2024-05-26 13:00:00,764.83,29.36,247.56,1
2024-05-26 14:00:00,797.97,31.24,217.55,1
2024-05-26 15:00:00,672.3,24.08,163.37,1
2024-05-26 16:00:00,649.18,29.01,132.3,1
2024-05-26 17:00:00,537.02,22.23,67.4,1
2024-05-26 18:00:00,539.53,24.25,0.0,1
2024-05-26 19:00:00,536.6,28.23,0.0,1
2024-05-26 20:00:00,418.95,22.52,0.0,1
2024-05-26 21:00:00,386.37,20.04,0.0,1
2024-05-26 22:00:00,355.5,20.78,0.0,1
2024-05-26 23:00:00,340.63,24.28,0.0,1
2024-05-27 00:00:00,380.77,15.83,0.0,0
2024-05-27 01:00:00,365.18,16.89,0.0,0
2024-05-27 02:00:00,435.26,21.82,0.0,0
2024-05-27 03:00:00,504.47,22.71,0.0,0
2024-05-27 04:00:00,538.5,19.28,0.0,0
2024-05-27 05:00:00,540.6,17.81,0.0,0
2024-05-27 06:00:00,684.34,25.51,0.0,0
2024-05-27 07:00:00,702.78,25.72,55.37,0
2024-05-27 08:00:00,767.35,25.18,139.58,0
2024-05-27 09:00:00,796.9,23.49,181.23,0
2024-05-27 10:00:00,785.94,26.22,183.62,0
2024-05-27 11:00:00,853.2,27.04,217.93,0
2024-05-27 12:00:00,911.86,28.81,234.42,0
2024-05-27 13:00:00,915.57,31.55,273.35,0
2024-05-27 14:00:00,849.08,30.58,199.84,0
2024-05-27 15:00:00,745.62,26.5,190.01,0
2024-05-27 16:00:00,799.89,30.9,126.13,0
2024-05-27 17:00:00,729.8,27.98,63.46,0
2024-05-27 18:00:00,654.85,27.69,0.0,0
2024-05-27 19:00:00,632.29,28.05,0.0,0
2024-05-27 20:00:00,528.63,21.6,0.0,0
2024-05-27 21:00:00,499.89,22.45,0.0,0
2024-05-27 22:00:00,370.47,20.26,0.0,0
2024-05-27 23:00:00,362.47,17.15,0.0,0
2024-05-28 00:00:00,395.61,20.32,0.0,0
2024-05-28 01:00:00,462.64,24.15,0.0,0
2024-05-28 02:00:00,446.24,15.28,0.0,0
2024-05-28 03:00:00,461.02,19.06,0.0,0
2024-05-28 04:00:00,499.51,20.91,0.0,0
2024-05-28 05:00:00,546.74,20.67,0.0,0
2024-05-28 06:00:00,594.12,21.23,0.0,0
2024-05-28 07:00:00,671.63,20.07,60.33,0
2024-05-28 08:00:00,721.23,24.42,149.39,0
2024-05-28 09:00:00,800.07,23.74,154.83,0
2024-05-28 10:00:00,799.19,22.08,229.68,0
2024-05-28 11:00:00,890.9,29.88,214.22,0
2024-05-28 12:00:00,885.64,30.21,296.49,0
2024-05-28 13:00:00,848.22,28.89,277.11,0
2024-05-28 14:00:00,851.19,29.42,234.67,0
2024-05-28 15:00:00,842.54,30.94,190.15,0
2024-05-28 16:00:00,728.15,28.74,111.85,0
2024-05-28 17:00:00,739.86,29.3,77.38,0
2024-05-28 18:00:00,681.75,25.86,0.0,0
2024-05-28 19:00:00,641.19,27.88,0.0,0
2024-05-28 20:00:00,533.6,24.6,0.0,0
2024-05-28 21:00:00,490.28,23.05,0.0,0
2024-05-28 22:00:00,402.08,18.92,0.0,0
2024-05-28 23:00:00,420.51,21.0,0.0,0
2024-05-29 00:00:00,419.51,18.1,0.0,0
2024-05-29 01:00:00,411.14,17.99,0.0,0
2024-05-29 02:00:00,425.17,17.46,0.0,0
2024-05-29 03:00:00,434.93,17.13,0.0,0
2024-05-29 04:00:00,558.89,24.01,0.0,0
2024-05-29 05:00:00,538.29,23.22,0.0,0
2024-05-29 06:00:00,648.05,25.44,0.0,0
2024-05-29 07:00:00,669.91,20.36,65.1,0
2024-05-29 08:00:00,760.89,24.24,105.07,0
2024-05-29 09:00:00,786.19,22.8,177.3,0
2024-05-29 10:00:00,832.61,25.2,227.06,0
2024-05-29 11:00:00,846.24,25.79,210.71,0
2024-05-29 12:00:00,922.49,30.9,278.92,0
2024-05-29 13:00:00,850.69,28.13,281.3,0
2024-05-29 14:00:00,864.41,31.23,210.39,0
2024-05-29 15:00:00,844.29,30.13,206.03,0
2024-05-29 16:00:00,834.65,33.03,133.21,0
2024-05-29 17:00:00,652.84,24.67,67.78,0
2024-05-29 18:00:00,702.51,29.11,0.0,0
2024-05-29 19:00:00,644.37,27.68,0.0,0
2024-05-29 20:00:00,519.55,22.15,0.0,0
2024-05-29 21:00:00,566.09,24.82,0.0,0
2024-05-29 22:00:00,432.4,22.27,0.0,0
2024-05-29 23:00:00,398.83,20.1,0.0,0
2024-05-30 00:00:00,372.63,18.25,0.0,0
2024-05-30 01:00:00,385.3,17.96,0.0,0
2024-05-30 02:00:00,451.86,23.33,0.0,0
2024-05-30 03:00:00,417.41,19.4,0.0,0
2024-05-30 04:00:00,500.96,21.46,0.0,0
2024-05-30 05:00:00,536.91,19.11,0.0,0
2024-05-30 06:00:00,632.4,20.17,0.0,0
2024-05-30 07:00:00,757.8,25.1,67.51,0
2024-05-30 08:00:00,748.68,21.53,105.78,0
2024-05-30 09:00:00,768.96,24.69,158.08,0
2024-05-30 10:00:00,823.77,26.8,202.57,0
2024-05-30 11:00:00,869.07,27.99,212.51,0
2024-05-30 12:00:00,926.62,28.2,233.81,0
2024-05-30 13:00:00,887.55,29.85,211.24,0
2024-05-30 14:00:00,846.16,30.61,255.56,0
2024-05-30 15:00:00,834.16,30.53,183.11,0
2024-05-30 16:00:00,784.8,26.59,116.39,0
2024-05-30 17:00:00,740.97,27.2,64.06,0
2024-05-30 18:00:00,686.17,29.12,0.0,0
2024-05-30 19:00:00,638.44,27.31,0.0,0
2024-05-30 20:00:00,458.0,21.48,0.0,0
2024-05-30 21:00:00,497.55,23.64,0.0,0
2024-05-30 22:00:00,430.59,17.77,0.0,0
2024-05-30 23:00:00,393.86,20.79,0.0,0
2024-05-31 00:00:00,417.34,23.82,0.0,0
2024-05-31 01:00:00,343.82,17.63,0.0,0
2024-05-31 02:00:00,449.64,17.69,0.0,0
2024-05-31 03:00:00,451.15,21.06,0.0,0
2024-05-31 04:00:00,496.59,16.94,0.0,0
2024-05-31 05:00:00,558.91,19.56,0.0,0
2024-05-31 06:00:00,668.32,23.05,0.0,0
2024-05-31 07:00:00,665.88,21.8,55.97,0
2024-05-31 08:00:00,725.38,23.89,147.04,0
2024-05-31 09:00:00,817.16,27.14,164.97,0
2024-05-31 10:00:00,882.33,27.7,230.34,0
2024-05-31 11:00:00,873.21,28.43,207.3,0
2024-05-31 12:00:00,856.24,28.01,262.24,0
2024-05-31 13:00:00,853.95,29.93,218.79,0
2024-05-31 14:00:00,833.79,29.11,237.78,0
2024-05-31 15:00:00,864.07,30.1,193.1,0
2024-05-31 16:00:00,768.94,27.7,123.2,0
2024-05-31 17:00:00,711.87,27.53,54.4,0
2024-05-31 18:00:00,630.89,24.88,0.0,0
2024-05-31 19:00:00,606.19,25.58,0.0,0
2024-05-31 20:00:00,521.38,22.74,0.0,0
2024-05-31 21:00:00,460.12,20.84,0.0,0
2024-05-31 22:00:00,484.29,22.38,0.0,0
2024-05-31 23:00:00,457.75,21.25,0.0,0
2024-06-01 00:00:00,256.97,21.72,0.0,1
2024-06-01 01:00:00,282.95,18.79,0.0,1
2024-06-01 02:00:00,290.4,20.3,0.0,1
2024-06-01 03:00:00,339.96,20.76,0.0,1
2024-06-01 04:00:00,398.19,21.05,0.0,1
2024-06-01 05:00:00,415.92,19.3,0.0,1
2024-06-01 06:00:00,508.62,22.29,0.0,1
2024-06-01 07:00:00,587.8,23.92,76.1,1
2024-06-01 08:00:00,632.38,24.5,112.04,1
2024-06-01 09:00:00,621.33,21.61,189.51,1
2024-06-01 10:00:00,710.55,27.31,227.16,1
2024-06-01 11:00:00,761.67,32.45,217.45,1
2024-06-01 12:00:00,739.62,28.1,291.85,1
2024-06-01 13:00:00,800.84,27.86,258.99,1
2024-06-01 14:00:00,735.74,30.23,185.6,1
2024-06-01 15:00:00,691.0,29.94,167.64,1
2024-06-01 16:00:00,700.02,31.2,116.03,1
2024-06-01 17:00:00,584.07,25.51,60.0,1
2024-06-01 18:00:00,559.61,28.45,0.0,1
2024-06-01 19:00:00,533.08,26.96,0.0,1
2024-06-01 20:00:00,435.75,24.2,0.0,1
2024-06-01 21:00:00,364.03,23.87,0.0,1
2024-06-01 22:00:00,336.64,24.05,0.0,1
2024-06-01 23:00:00,301.21,22.7,0.0,1
2024-06-02 00:00:00,281.91,18.0,0.0,1
2024-06-02 01:00:00,293.34,21.42,0.0,1
2024-06-02 02:00:00,256.79,19.48,0.0,1
2024-06-02 03:00:00,336.65,19.93,0.0,1
2024-06-02 04:00:00,345.85,20.43,0.0,1
2024-06-02 05:00:00,490.6,20.78,0.0,1
2024-06-02 06:00:00,500.81,24.5,0.0,1
2024-06-02 07:00:00,559.22,23.15,64.73,1
2024-06-02 08:00:00,610.18,22.37,119.47,1
2024-06-02 09:00:00,665.39,25.12,197.52,1
2024-06-02 10:00:00,720.65,27.47,219.88,1
2024-06-02 11:00:00,789.79,30.61,210.55,1
2024-06-02 12:00:00,819.64,30.15,253.9,1
2024-06-02 13:00:00,769.78,27.74,276.1,1
2024-06-02 14:00:00,835.99,34.58,210.87,1
2024-06-02 15:00:00,694.97,29.97,174.44,1
2024-06-02 16:00:00,702.86,31.49,148.79,1
2024-06-02 17:00:00,614.08,27.84,75.54,1
2024-06-02 18:00:00,570.56,28.18,0.0,1
2024-06-02 19:00:00,538.49,27.58,0.0,1
2024-06-02 20:00:00,444.96,27.05,0.0,1
2024-06-02 21:00:00,382.77,25.43,0.0,1
2024-06-02 22:00:00,358.71,23.86,0.0,1
2024-06-02 23:00:00,246.82,20.45,0.0,1
2024-06-03 00:00:00,386.68,19.26,0.0,0
2024-06-03 01:00:00,409.15,20.57,0.0,0
2024-06-03 02:00:00,419.79,21.6,0.0,0
2024-06-03 03:00:00,479.59,19.46,0.0,0
2024-06-03 04:00:00,498.79,22.53,0.0,0
2024-06-03 05:00:00,585.88,24.1,0.0,0
2024-06-03 06:00:00,611.34,20.4,0.0,0
2024-06-03 07:00:00,703.26,21.77,75.52,0
2024-06-03 08:00:00,744.27,24.45,135.18,0
2024-06-03 09:00:00,831.26,26.64,187.38,0
2024-06-03 10:00:00,852.57,26.18,235.94,0
2024-06-03 11:00:00,906.01,30.97,278.02,0
2024-06-03 12:00:00,871.88,29.91,277.42,0
2024-06-03 13:00:00,853.75,29.64,230.46,0
2024-06-03 14:00:00,844.49,26.86,229.73,0
2024-06-03 15:00:00,797.17,26.93,171.88,0
2024-06-03 16:00:00,819.24,29.63,125.87,0
2024-06-03 17:00:00,710.45,24.0,64.86,0
2024-06-03 18:00:00,687.98,29.26,0.0,0
2024-06-03 19:00:00,576.41,25.71,0.0,0
2024-06-03 20:00:00,624.97,31.22,0.0,0
2024-06-03 21:00:00,513.69,28.06,0.0,0
2024-06-03 22:00:00,426.54,21.87,0.0,0
2024-06-03 23:00:00,392.19,20.99,0.0,0
2024-06-04 00:00:00,421.68,22.51,0.0,0
2024-06-04 01:00:00,470.37,23.43,0.0,0
2024-06-04 02:00:00,420.9,16.58,0.0,0
2024-06-04 03:00:00,442.99,16.45,0.0,0
2024-06-04 04:00:00,454.65,19.28,0.0,0
2024-06-04 05:00:00,586.87,22.48,0.0,0
2024-06-04 06:00:00,613.96,23.35,0.0,0
2024-06-04 07:00:00,711.69,25.7,62.43,0
2024-06-04 08:00:00,715.68,22.45,120.82,0
2024-06-04 09:00:00,777.53,21.52,151.68,0
2024-06-04 10:00:00,859.97,29.07,192.97,0
2024-06-04 11:00:00,859.04,26.73,220.76,0
2024-06-04 12:00:00,863.61,25.15,214.35,0
2024-06-04 13:00:00,945.59,29.97,269.72,0
2024-06-04 14:00:00,909.81,31.44,211.71,0
2024-06-04 15:00:00,833.59,29.44,155.67,0
2024-06-04 16:00:00,782.76,28.27,121.91,0
2024-06-04 17:00:00,719.34,28.07,54.88,0
2024-06-04 18:00:00,642.37,26.61,0.0,0
2024-06-04 19:00:00,568.93,23.45,0.0,0
2024-06-04 20:00:00,514.93,23.42,0.0,0
2024-06-04 21:00:00,520.93,24.6,0.0,0
2024-06-04 22:00:00,429.98,23.0,0.0,0
2024-06-04 23:00:00,456.68,21.65,0.0,0
2024-06-05 00:00:00,405.29,18.65,0.0,0
2024-06-05 01:00:00,405.1,19.78,0.0,0
2024-06-05 02:00:00,430.65,15.62,0.0,0
2024-06-05 03:00:00,449.62,20.5,0.0,0
2024-06-05 04:00:00,541.72,23.5,0.0,0
2024-06-05 05:00:00,560.3,18.49,0.0,0
2024-06-05 06:00:00,595.4,21.3,0.0,0
2024-06-05 07:00:00,656.77,24.33,75.16,0
2024-06-05 08:00:00,792.33,27.48,147.54,0
2024-06-05 09:00:00,803.2,25.37,160.91,0
2024-06-05 10:00:00,806.05,26.09,196.69,0
2024-06-05 11:00:00,820.52,24.57,279.3,0
2024-06-05 12:00:00,873.59,29.51,272.86,0
2024-06-05 13:00:00,913.91,33.88,221.97,0
2024-06-05 14:00:00,870.36,30.52,218.86,0
2024-06-05 15:00:00,832.3,29.75,151.26,0
2024-06-05 16:00:00,783.17,29.94,128.35,0
2024-06-05 17:00:00,717.64,28.48,61.88,0
2024-06-05 18:00:00,652.72,25.84,0.0,0
2024-06-05 19:00:00,631.53,27.91,0.0,0
2024-06-05 20:00:00,546.3,25.42,0.0,0
2024-06-05 21:00:00,524.65,23.71,0.0,0
2024-06-05 22:00:00,444.69,20.52,0.0,0
2024-06-05 23:00:00,407.45,24.04,0.0,0
2024-06-06 00:00:00,433.92,22.08,0.0,0
2024-06-06 01:00:00,413.43,19.15,0.0,0
2024-06-06 02:00:00,436.79,22.09,0.0,0
2024-06-06 03:00:00,413.78,19.26,0.0,0
2024-06-06 04:00:00,492.09,19.19,0.0,0
2024-06-06 05:00:00,548.32,20.03,0.0,0
2024-06-06 06:00:00,562.37,19.04,0.0,0
2024-06-06 07:00:00,662.8,24.73,61.07,0
2024-06-06 08:00:00,712.02,21.42,112.8,0
2024-06-06 09:00:00,774.8,23.92,153.16,0
2024-06-06 10:00:00,797.09,23.43,227.69,0
2024-06-06 11:00:00,875.56,28.45,225.4,0
2024-06-06 12:00:00,863.56,29.11,293.28,0
2024-06-06 13:00:00,874.91,29.26,284.78,0
2024-06-06 14:00:00,866.52,28.0,250.08,0
2024-06-06 15:00:00,808.35,27.57,183.59,0
2024-06-06 16:00:00,761.62,30.34,140.49,0
2024-06-06 17:00:00,715.12,27.52,70.96,0
2024-06-06 18:00:00,655.4,28.22,0.0,0
2024-06-06 19:00:00,600.98,24.61,0.0,0
2024-06-06 20:00:00,562.42,25.45,0.0,0
2024-06-06 21:00:00,481.06,26.4,0.0,0
2024-06-06 22:00:00,483.32,23.76,0.0,0
2024-06-06 23:00:00,386.24,20.72,0.0,0
2024-06-07 00:00:00,452.76,21.38,0.0,0
2024-06-07 01:00:00,404.42,19.88,0.0,0
2024-06-07 02:00:00,397.73,20.21,0.0,0
2024-06-07 03:00:00,427.15,19.71,0.0,0
2024-06-07 04:00:00,514.05,20.53,0.0,0
2024-06-07 05:00:00,559.27,22.08,0.0,0
2024-06-07 06:00:00,604.65,20.71,0.0,0
2024-06-07 07:00:00,710.76,21.87,72.46,0
2024-06-07 08:00:00,706.68,22.42,144.64,0
2024-06-07 09:00:00,775.79,23.29,180.24,0
2024-06-07 10:00:00,861.29,25.26,209.44,0
2024-06-07 11:00:00,890.43,29.05,237.65,0
2024-06-07 12:00:00,837.21,27.74,235.75,0
2024-06-07 13:00:00,916.32,31.05,284.84,0
2024-06-07 14:00:00,846.76,30.26,226.43,0
2024-06-07 15:00:00,837.45,26.09,196.95,0
2024-06-07 16:00:00,787.76,30.83,115.84,0
2024-06-07 17:00:00,829.51,30.35,57.32,0
2024-06-07 18:00:00,693.74,25.71,0.0,0
2024-06-07 19:00:00,601.6,27.33,0.0,0
2024-06-07 20:00:00,535.3,23.48,0.0,0
2024-06-07 21:00:00,518.37,24.09,0.0,0
2024-06-07 22:00:00,448.03,20.16,0.0,0
2024-06-07 23:00:00,398.59,18.07,0.0,0
2024-06-08 00:00:00,313.35,20.21,0.0,1
2024-06-08 01:00:00,285.98,20.22,0.0,1
2024-06-08 02:00:00,292.68,19.51,0.0,1
2024-06-08 03:00:00,310.94,18.1,0.0,1
2024-06-08 04:00:00,403.17,20.17,0.0,1
2024-06-08 05:00:00,460.4,22.3,0.0,1
2024-06-08 06:00:00,514.39,22.71,0.0,1
2024-06-08 07:00:00,595.36,24.37,76.22,1
2024-06-08 08:00:00,568.33,23.96,105.12,1
2024-06-08 09:00:00,718.56,28.94,178.87,1
2024-06-08 10:00:00,713.15,25.45,217.39,1
2024-06-08 11:00:00,813.02,29.81,258.69,1
2024-06-08 12:00:00,761.73,31.99,237.88,1
2024-06-08 13:00:00,823.04,31.09,248.79,1
2024-06-08 14:00:00,754.05,29.9,234.16,1
2024-06-08 15:00:00,724.38,29.07,195.26,1
2024-06-08 16:00:00,738.93,31.7,108.35,1
2024-06-08 17:00:00,605.69,25.99,70.87,1
2024-06-08 18:00:00,548.61,25.86,0.0,1
2024-06-08 19:00:00,492.29,25.8,0.0,1
2024-06-08 20:00:00,445.67,27.78,0.0,1
2024-06-08 21:00:00,385.53,24.77,0.0,1
2024-06-08 22:00:00,297.55,20.86,0.0,1
2024-06-08 23:00:00,297.15,21.14,0.0,1
2024-06-09 00:00:00,220.07,19.85,0.0,1
2024-06-09 01:00:00,289.1,19.16,0.0,1
2024-06-09 02:00:00,327.38,22.36,0.0,1
2024-06-09 03:00:00,311.85,17.83,0.0,1
2024-06-09 04:00:00,428.42,24.29,0.0,1
2024-06-09 05:00:00,427.66,23.53,0.0,1
2024-06-09 06:00:00,579.1,25.09,0.0,1
2024-06-09 07:00:00,561.05,23.19,63.67,1
2024-06-09 08:00:00,627.41,25.11,116.72,1
2024-06-09 09:00:00,635.62,23.83,208.52,1
2024-06-09 10:00:00,722.36,26.86,202.8,1
2024-06-09 11:00:00,807.14,29.93,266.07,1
2024-06-09 12:00:00,829.17,32.33,248.53,1
2024-06-09 13:00:00,774.75,28.02,268.71,1
2024-06-09 14:00:00,763.61,29.67,194.43,1
2024-06-09 15:00:00,711.78,29.93,181.55,1
2024-06-09 16:00:00,613.18,26.94,121.07,1
2024-06-09 17:00:00,627.97,30.12,59.15,1
2024-06-09 18:00:00,538.68,26.46,0.0,1
2024-06-09 19:00:00,517.54,26.31,0.0,1
2024-06-09 20:00:00,432.75,24.5,0.0,1
2024-06-09 21:00:00,404.21,22.53,0.0,1
2024-06-09 22:00:00,365.64,22.89,0.0,1
2024-06-09 23:00:00,289.79,21.44,0.0,1
2024-06-10 00:00:00,359.45,20.43,0.0,0
2024-06-10 01:00:00,433.65,19.22,0.0,0
2024-06-10 02:00:00,472.23,21.15,0.0,0
2024-06-10 03:00:00,464.26,23.98,0.0,0
2024-06-10 04:00:00,552.29,21.46,0.0,0
2024-06-10 05:00:00,597.42,23.96,0.0,0
2024-06-10 06:00:00,606.28,20.23,0.0,0
2024-06-10 07:00:00,737.41,24.53,67.1,0
2024-06-10 08:00:00,766.73,23.31,122.53,0
2024-06-10 09:00:00,796.17,23.85,159.8,0
2024-06-10 10:00:00,850.31,26.53,245.74,0
2024-06-10 11:00:00,922.85,31.43,229.33,0
2024-06-10 12:00:00,907.36,31.74,229.13,0
2024-06-10 13:00:00,900.03,30.82,250.91,0
2024-06-10 14:00:00,825.06,27.44,234.61,0
2024-06-10 15:00:00,832.53,29.94,211.27,0
2024-06-10 16:00:00,795.23,30.44,114.13,0
2024-06-10 17:00:00,729.81,29.39,70.01,0
2024-06-10 18:00:00,646.61,24.32,0.0,0
2024-06-10 19:00:00,590.34,25.02,0.0,0
2024-06-10 20:00:00,566.34,25.38,0.0,0
2024-06-10 21:00:00,470.87,25.28,0.0,0
2024-06-10 22:00:00,410.1,18.61,0.0,0
2024-06-10 23:00:00,426.57,21.65,0.0,0
2024-06-11 00:00:00,407.84,21.56,0.0,0
2024-06-11 01:00:00,427.25,22.47,0.0,0
2024-06-11 02:00:00,407.07,21.99,0.0,0
2024-06-11 03:00:00,486.89,21.94,0.0,0
2024-06-11 04:00:00,512.94,19.67,0.0,0
2024-06-11 05:00:00,543.11,18.25,0.0,0
2024-06-11 06:00:00,649.15,22.32,0.0,0
2024-06-11 07:00:00,719.94,26.31,76.27,0
2024-06-11 08:00:00,795.88,28.39,113.2,0
2024-06-11 09:00:00,828.52,28.32,176.11,0
2024-06-11 10:00:00,880.03,28.96,193.72,0
2024-06-11 11:00:00,852.75,29.9,205.06,0
2024-06-11 12:00:00,865.89,28.82,213.86,0
2024-06-11 13:00:00,934.6,30.17,215.36,0
2024-06-11 14:00:00,851.12,33.94,258.95,0
2024-06-11 15:00:00,823.41,28.55,155.76,0
2024-06-11 16:00:00,860.95,33.16,146.62,0
2024-06-11 17:00:00,734.39,28.5,57.82,0
2024-06-11 18:00:00,697.43,30.76,0.0,0
2024-06-11 19:00:00,592.32,24.09,0.0,0
2024-06-11 20:00:00,558.94,26.78,0.0,0
2024-06-11 21:00:00,487.72,22.84,0.0,0
2024-06-11 22:00:00,412.45,20.27,0.0,0
2024-06-11 23:00:00,459.59,22.51,0.0,0
2024-06-12 00:00:00,469.47,23.39,0.0,0
2024-06-12 01:00:00,395.28,19.18,0.0,0
2024-06-12 02:00:00,375.12,17.7,0.0,0
2024-06-12 03:00:00,452.35,20.69,0.0,0
2024-06-12 04:00:00,507.35,21.19,0.0,0
2024-06-12 05:00:00,593.48,23.26,0.0,0
2024-06-12 06:00:00,625.79,25.1,0.0,0
2024-06-12 07:00:00,675.4,24.29,62.38,0
2024-06-12 08:00:00,806.87,29.41,139.9,0
2024-06-12 09:00:00,839.32,27.44,189.53,0
2024-06-12 10:00:00,832.73,27.51,183.69,0
2024-06-12 11:00:00,819.98,26.01,270.3,0
2024-06-12 12:00:00,977.15,29.5,249.46,0
2024-06-12 13:00:00,911.33,29.86,254.96,0
2024-06-12 14:00:00,892.73,32.62,199.92,0
2024-06-12 15:00:00,877.69,31.45,156.93,0
2024-06-12 16:00:00,773.6,27.67,134.66,0
2024-06-12 17:00:00,769.24,29.58,62.26,0
2024-06-12 18:00:00,699.41,29.54,0.0,0
2024-06-12 19:00:00,651.02,30.05,0.0,0
2024-06-12 20:00:00,571.91,27.47,0.0,0
2024-06-12 21:00:00,481.67,25.93,0.0,0
2024-06-12 22:00:00,508.45,23.32,0.0,0
2024-06-12 23:00:00,412.68,22.94,0.0,0
2024-06-13 00:00:00,405.6,23.96,0.0,0
2024-06-13 01:00:00,384.46,18.3,0.0,0
2024-06-13 02:00:00,403.68,20.09,0.0,0
2024-06-13 03:00:00,451.45,19.42,0.0,0
2024-06-13 04:00:00,539.39,22.22,0.0,0
2024-06-13 05:00:00,620.28,24.72,0.0,0
2024-06-13 06:00:00,641.34,22.1,0.0,0
2024-06-13 07:00:00,641.29,19.72,55.45,0
2024-06-13 08:00:00,750.91,24.97,116.09,0
2024-06-13 09:00:00,840.74,28.91,200.71,0
2024-06-13 10:00:00,822.93,29.37,186.89,0
2024-06-13 11:00:00,909.28,30.18,255.69,0
2024-06-13 12:00:00,859.18,29.56,257.32,0
2024-06-13 13:00:00,924.83,28.06,253.13,0
2024-06-13 14:00:00,881.31,31.82,237.94,0
2024-06-13 15:00:00,826.33,28.95,155.17,0
2024-06-13 16:00:00,825.66,34.49,135.05,0
2024-06-13 17:00:00,740.7,30.47,64.17,0
2024-06-13 18:00:00,728.15,27.13,0.0,0
2024-06-13 19:00:00,630.37,25.86,0.0,0
2024-06-13 20:00:00,517.33,25.61,0.0,0
2024-06-13 21:00:00,536.37,24.02,0.0,0
2024-06-13 22:00:00,511.88,25.53,0.0,0
2024-06-13 23:00:00,426.07,22.63,0.0,0
2024-06-14 00:00:00,408.54,20.09,0.0,0
2024-06-14 01:00:00,454.76,24.83,0.0,0
2024-06-14 02:00:00,485.9,20.98,0.0,0
2024-06-14 03:00:00,464.55,22.59,0.0,0
2024-06-14 04:00:00,506.99,20.33,0.0,0
2024-06-14 05:00:00,568.24,23.07,0.0,0
2024-06-14 06:00:00,604.2,24.0,0.0,0
2024-06-14 07:00:00,714.62,20.81,57.61,0
2024-06-14 08:00:00,769.57,29.91,148.95,0
2024-06-14 09:00:00,844.48,29.76,196.14,0
2024-06-14 10:00:00,805.55,27.59,250.35,0
2024-06-14 11:00:00,855.32,27.21,286.71,0
2024-06-14 12:00:00,919.6,30.91,275.19,0
2024-06-14 13:00:00,881.4,30.88,203.85,0
2024-06-14 14:00:00,903.79,31.59,238.75,0
2024-06-14 15:00:00,845.63,31.09,169.89,0
2024-06-14 16:00:00,841.23,31.22,144.68,0
2024-06-14 17:00:00,808.91,32.31,63.63,0
2024-06-14 18:00:00,680.5,29.52,0.0,0
2024-06-14 19:00:00,600.9,25.08,0.0,0
2024-06-14 20:00:00,590.64,28.61,0.0,0
2024-06-14 21:00:00,552.74,27.87,0.0,0
2024-06-14 22:00:00,524.0,29.68,0.0,0
2024-06-14 23:00:00,412.55,20.1,0.0,0
2024-06-15 00:00:00,295.13,22.12,0.0,1
2024-06-15 01:00:00,279.98,16.97,0.0,1
2024-06-15 02:00:00,359.96,22.07,0.0,1
2024-06-15 03:00:00,355.13,20.04,0.0,1
2024-06-15 04:00:00,452.36,25.48,0.0,1
2024-06-15 05:00:00,455.12,20.88,0.0,1
2024-06-15 06:00:00,477.03,20.09,0.0,1
2024-06-15 07:00:00,577.03,23.73,67.82,1
2024-06-15 08:00:00,573.02,22.01,134.74,1
2024-06-15 09:00:00,740.76,28.76,173.72,1
2024-06-15 10:00:00,626.99,24.34,242.71,1
2024-06-15 11:00:00,766.59,29.56,269.79,1
2024-06-15 12:00:00,769.92,26.14,253.17,1
2024-06-15 13:00:00,740.64,30.15,254.2,1
2024-06-15 14:00:00,805.72,34.25,236.82,1
2024-06-15 15:00:00,719.57,31.52,208.7,1
2024-06-15 16:00:00,656.47,28.57,126.57,1
2024-06-15 17:00:00,649.8,29.44,58.62,1
2024-06-15 18:00:00,569.97,28.5,0.0,1
2024-06-15 19:00:00,459.43,28.21,0.0,1
2024-06-15 20:00:00,387.91,23.23,0.0,1
2024-06-15 21:00:00,421.53,25.86,0.0,1
2024-06-15 22:00:00,298.59,18.06,0.0,1
2024-06-15 23:00:00,342.22,21.17,0.0,1
2024-06-16 00:00:00,329.48,20.74,0.0,1
2024-06-16 01:00:00,303.11,22.48,0.0,1
2024-06-16 02:00:00,380.31,21.09,0.0,1
2024-06-16 03:00:00,323.26,18.41,0.0,1
2024-06-16 04:00:00,353.41,19.75,0.0,1
2024-06-16 05:00:00,441.49,22.91,0.0,1
2024-06-16 06:00:00,457.48,23.39,0.0,1
2024-06-16 07:00:00,607.89,23.6,76.44,1
2024-06-16 08:00:00,670.73,25.09,123.29,1
2024-06-16 09:00:00,683.38,28.73,176.22,1
2024-06-16 10:00:00,722.63,27.51,229.37,1
2024-06-16 11:00:00,769.65,29.41,234.86,1
2024-06-16 12:00:00,803.17,34.72,214.74,1
2024-06-16 13:00:00,709.61,28.03,274.98,1
2024-06-16 14:00:00,721.39,27.34,250.42,1
2024-06-16 15:00:00,737.84,32.44,210.01,1
2024-06-16 16:00:00,660.5,29.02,133.63,1
2024-06-16 17:00:00,626.8,28.95,69.78,1
2024-06-16 18:00:00,585.59,26.99,0.0,1
2024-06-16 19:00:00,488.88,26.82,0.0,1
2024-06-16 20:00:00,476.71,29.24,0.0,1
2024-06-16 21:00:00,420.33,26.36,0.0,1
2024-06-16 22:00:00,373.37,25.27,0.0,1
2024-06-16 23:00:00,268.25,19.68,0.0,1
2024-06-17 00:00:00,397.35,19.49,0.0,0
2024-06-17 01:00:00,424.31,15.62,0.0,0
2024-06-17 02:00:00,393.67,19.51,0.0,0
2024-06-17 03:00:00,522.27,23.21,0.0,0
2024-06-17 04:00:00,564.1,22.83,0.0,0
2024-06-17 05:00:00,551.65,22.15,0.0,0
2024-06-17 06:00:00,640.66,23.58,0.0,0
2024-06-17 07:00:00,702.37,23.45,73.29,0
2024-06-17 08:00:00,751.72,26.54,141.9,0
2024-06-17 09:00:00,842.99,28.95,185.09,0
2024-06-17 10:00:00,831.24,25.4,201.0,0
2024-06-17 11:00:00,859.1,30.26,216.73,0
2024-06-17 12:00:00,934.7,32.32,211.87,0
2024-06-17 13:00:00,866.94,30.13,283.35,0
2024-06-17 14:00:00,921.97,32.53,242.92,0
2024-06-17 15:00:00,890.5,36.59,163.98,0
2024-06-17 16:00:00,798.45,30.25,125.67,0
2024-06-17 17:00:00,790.56,30.45,70.01,0
2024-06-17 18:00:00,683.92,27.15,0.0,0
2024-06-17 19:00:00,599.08,27.78,0.0,0
2024-06-17 20:00:00,545.1,27.05,0.0,0
2024-06-17 21:00:00,495.82,25.22,0.0,0
2024-06-17 22:00:00,452.54,21.59,0.0,0
2024-06-17 23:00:00,445.81,23.0,0.0,0
2024-06-18 00:00:00,426.89,24.8,0.0,0
2024-06-18 01:00:00,400.34,22.27,0.0,0
2024-06-18 02:00:00,465.1,23.13,0.0,0
2024-06-18 03:00:00,463.02,20.9,0.0,0
2024-06-18 04:00:00,587.65,23.37,0.0,0
2024-06-18 05:00:00,581.41,23.23,0.0,0
2024-06-18 06:00:00,663.36,21.8,0.0,0
2024-06-18 07:00:00,677.96,25.55,65.69,0
2024-06-18 08:00:00,702.86,24.22,121.3,0
2024-06-18 09:00:00,775.73,26.23,177.58,0
2024-06-18 10:00:00,893.74,29.08,222.94,0
2024-06-18 11:00:00,940.41,30.33,251.25,0
2024-06-18 12:00:00,861.99,28.15,255.16,0
2024-06-18 13:00:00,913.07,33.14,252.02,0
2024-06-18 14:00:00,867.45,32.35,217.62,0
2024-06-18 15:00:00,792.36,29.62,155.62,0
2024-06-18 16:00:00,792.53,27.46,121.52,0
2024-06-18 17:00:00,751.82,29.45,60.81,0
2024-06-18 18:00:00,678.37,27.81,0.0,0
2024-06-18 19:00:00,590.46,27.72,0.0,0
2024-06-18 20:00:00,595.76,25.48,0.0,0
2024-06-18 21:00:00,454.93,20.89,0.0,0
2024-06-18 22:00:00,469.39,22.93,0.0,0
2024-06-18 23:00:00,391.01,22.06,0.0,0
2024-06-19 00:00:00,427.36,23.21,0.0,0
2024-06-19 01:00:00,414.59,20.05,0.0,0
2024-06-19 02:00:00,481.29,24.63,0.0,0
2024-06-19 03:00:00,446.23,17.62,0.0,0
2024-06-19 04:00:00,558.03,24.57,0.0,0
2024-06-19 05:00:00,542.88,22.29,0.0,0
2024-06-19 06:00:00,659.87,25.49,0.0,0
2024-06-19 07:00:00,706.01,25.14,71.67,0
2024-06-19 08:00:00,791.33,28.55,138.69,0
2024-06-19 09:00:00,811.17,26.79,172.92,0
2024-06-19 10:00:00,807.15,26.58,196.28,0
2024-06-19 11:00:00,886.75,32.65,250.46,0
2024-06-19 12:00:00,848.42,30.38,265.87,0
2024-06-19 13:00:00,929.1,31.55,205.14,0
2024-06-19 14:00:00,931.34,33.74,250.71,0
2024-06-19 15:00:00,852.92,29.04,181.16,0
2024-06-19 16:00:00,825.63,31.8,131.62,0
2024-06-19 17:00:00,684.74,28.63,75.36,0
2024-06-19 18:00:00,659.44,28.51,0.0,0
2024-06-19 19:00:00,629.63,27.71,0.0,0
2024-06-19 20:00:00,536.13,23.27,0.0,0
2024-06-19 21:00:00,487.24,23.42,0.0,0
2024-06-19 22:00:00,500.79,26.48,0.0,0
2024-06-19 23:00:00,452.22,24.51,0.0,0
2024-06-20 00:00:00,421.9,21.89,0.0,0
2024-06-20 01:00:00,410.84,22.0,0.0,0
2024-06-20 02:00:00,458.9,20.76,0.0,0
2024-06-20 03:00:00,490.08,24.23,0.0,0
2024-06-20 04:00:00,482.86,21.61,0.0,0
2024-06-20 05:00:00,561.68,23.27,0.0,0
2024-06-20 06:00:00,652.65,26.14,0.0,0
2024-06-20 07:00:00,711.56,23.5,54.8,0
2024-06-20 08:00:00,793.56,29.46,121.29,0
2024-06-20 09:00:00,782.54,24.58,199.81,0
2024-06-20 10:00:00,863.02,32.1,250.52,0
2024-06-20 11:00:00,904.16,29.13,207.54,0
2024-06-20 12:00:00,885.59,30.19,260.95,0
2024-06-20 13:00:00,864.62,27.39,272.84,0
2024-06-20 14:00:00,914.55,30.43,187.02,0
2024-06-20 15:00:00,845.08,29.09,205.48,0
2024-06-20 16:00:00,753.88,29.46,117.17,0
2024-06-20 17:00:00,703.57,29.6,63.08,0
2024-06-20 18:00:00,705.99,30.76,0.0,0
2024-06-20 19:00:00,598.45,28.05,0.0,0
2024-06-20 20:00:00,585.81,26.96,0.0,0
2024-06-20 21:00:00,488.22,22.86,0.0,0
2024-06-20 22:00:00,451.75,22.08,0.0,0
2024-06-20 23:00:00,453.2,26.41,0.0,0
2024-06-21 00:00:00,449.62,20.61,0.0,0
2024-06-21 01:00:00,526.8,24.89,0.0,0
2024-06-21 02:00:00,429.06,20.92,0.0,0
2024-06-21 03:00:00,483.25,21.58,0.0,0
2024-06-21 04:00:00,544.64,24.22,0.0,0
2024-06-21 05:00:00,595.92,25.42,0.0,0
2024-06-21 06:00:00,616.08,23.69,0.0,0
2024-06-21 07:00:00,668.03,24.34,68.2,0
2024-06-21 08:00:00,734.59,26.3,110.79,0
2024-06-21 09:00:00,835.35,28.38,171.28,0
2024-06-21 10:00:00,867.13,30.69,231.07,0
2024-06-21 11:00:00,828.26,29.95,211.68,0
2024-06-21 12:00:00,930.9,31.98,232.52,0
2024-06-21 13:00:00,937.39,34.52,269.97,0
2024-06-21 14:00:00,928.59,32.17,209.63,0
2024-06-21 15:00:00,869.37,31.86,153.43,0
2024-06-21 16:00:00,740.05,27.7,127.66,0
2024-06-21 17:00:00,642.86,24.68,60.56,0
2024-06-21 18:00:00,678.88,29.69,0.0,0
2024-06-21 19:00:00,607.75,27.51,0.0,0
2024-06-21 20:00:00,577.38,25.38,0.0,0
2024-06-21 21:00:00,514.38,25.6,0.0,0
2024-06-21 22:00:00,493.02,23.79,0.0,0
2024-06-21 23:00:00,424.99,25.13,0.0,0
2024-06-22 00:00:00,327.27,22.31,0.0,1
2024-06-22 01:00:00,306.32,20.15,0.0,1
2024-06-22 02:00:00,290.86,23.45,0.0,1
2024-06-22 03:00:00,383.72,21.21,0.0,1
2024-06-22 04:00:00,414.28,23.19,0.0,1
2024-06-22 05:00:00,457.85,21.98,0.0,1
2024-06-22 06:00:00,485.1,22.67,0.0,1
2024-06-22 07:00:00,617.1,25.35,63.75,1
2024-06-22 08:00:00,615.33,26.5,110.96,1
2024-06-22 09:00:00,729.48,28.73,168.49,1
2024-06-22 10:00:00,758.06,28.43,230.07,1
2024-06-22 11:00:00,712.18,26.33,278.67,1
2024-06-22 12:00:00,828.95,29.94,226.53,1
2024-06-22 13:00:00,807.86,32.89,207.91,1
2024-06-22 14:00:00,778.32,30.88,229.54,1
2024-06-22 15:00:00,691.33,30.81,165.76,1
2024-06-22 16:00:00,760.69,32.77,131.52,1
2024-06-22 17:00:00,586.98,28.58,65.95,1
2024-06-22 18:00:00,564.48,25.89,0.0,1
2024-06-22 19:00:00,477.81,27.44,0.0,1
2024-06-22 20:00:00,419.56,25.5,0.0,1
2024-06-22 21:00:00,390.75,23.25,0.0,1
2024-06-22 22:00:00,368.69,23.62,0.0,1
2024-06-22 23:00:00,294.23,23.92,0.0,1
2024-06-23 00:00:00,329.08,22.18,0.0,1
2024-06-23 01:00:00,336.09,22.31,0.0,1
2024-06-23 02:00:00,334.92,25.16,0.0,1
2024-06-23 03:00:00,388.7,21.02,0.0,1
2024-06-23 04:00:00,371.15,22.76,0.0,1
2024-06-23 05:00:00,432.38,21.98,0.0,1
2024-06-23 06:00:00,515.35,22.34,0.0,1
2024-06-23 07:00:00,551.09,24.07,55.02,1
2024-06-23 08:00:00,642.33,25.57,108.99,1
2024-06-23 09:00:00,712.88,28.54,194.1,1
2024-06-23 10:00:00,785.82,33.73,257.68,1
2024-06-23 11:00:00,780.34,28.63,232.8,1
2024-06-23 12:00:00,774.57,30.03,245.74,1
2024-06-23 13:00:00,791.31,31.23,287.39,1
2024-06-23 14:00:00,805.09,32.32,250.25,1
2024-06-23 15:00:00,760.06,31.89,174.92,1
2024-06-23 16:00:00,733.94,33.43,108.97,1
2024-06-23 17:00:00,555.17,25.21,56.53,1
2024-06-23 18:00:00,535.69,24.26,0.0,1
2024-06-23 19:00:00,474.6,26.83,0.0,1
2024-06-23 20:00:00,435.22,28.73,0.0,1
2024-06-23 21:00:00,357.84,22.11,0.0,1
2024-06-23 22:00:00,264.34,18.02,0.0,1
2024-06-23 23:00:00,347.95,24.14,0.0,1
2024-06-24 00:00:00,447.8,22.74,0.0,0
2024-06-24 01:00:00,355.01,19.58,0.0,0
2024-06-24 02:00:00,402.24,19.62,0.0,0
2024-06-24 03:00:00,420.25,19.82,0.0,0
2024-06-24 04:00:00,513.2,22.48,0.0,0
2024-06-24 05:00:00,577.59,21.8,0.0,0
2024-06-24 06:00:00,644.68,25.07,0.0,0
2024-06-24 07:00:00,632.85,19.58,60.56,0
2024-06-24 08:00:00,781.23,24.87,108.95,0
2024-06-24 09:00:00,740.08,25.63,187.43,0
2024-06-24 10:00:00,889.86,28.57,219.7,0
2024-06-24 11:00:00,870.03,29.05,249.15,0
2024-06-24 12:00:00,923.17,32.51,216.5,0
2024-06-24 13:00:00,856.97,27.7,222.9,0
2024-06-24 14:00:00,928.55,31.68,195.0,0
2024-06-24 15:00:00,835.97,32.53,203.66,0
2024-06-24 16:00:00,846.59,34.63,114.37,0
2024-06-24 17:00:00,756.53,29.16,67.56,0
2024-06-24 18:00:00,657.07,29.74,0.0,0
2024-06-24 19:00:00,567.96,24.27,0.0,0
2024-06-24 20:00:00,514.32,21.8,0.0,0
2024-06-24 21:00:00,506.23,26.98,0.0,0
2024-06-24 22:00:00,447.15,24.07,0.0,0
2024-06-24 23:00:00,452.14,25.41,0.0,0
2024-06-25 00:00:00,411.85,19.56,0.0,0
2024-06-25 01:00:00,426.73,22.85,0.0,0
2024-06-25 02:00:00,507.51,25.38,0.0,0
2024-06-25 03:00:00,460.11,22.65,0.0,0
2024-06-25 04:00:00,497.31,22.86,0.0,0
2024-06-25 05:00:00,627.59,23.12,0.0,0
2024-06-25 06:00:00,593.51,21.0,0.0,0
2024-06-25 07:00:00,699.54,28.06,58.81,0
2024-06-25 08:00:00,710.61,25.42,114.77,0
2024-06-25 09:00:00,857.71,28.94,185.75,0
2024-06-25 10:00:00,824.79,26.01,220.76,0
2024-06-25 11:00:00,864.99,27.81,228.88,0
2024-06-25 12:00:00,934.4,33.84,297.2,0
2024-06-25 13:00:00,926.24,30.77,212.34,0
2024-06-25 14:00:00,914.16,34.54,199.81,0
2024-06-25 15:00:00,913.14,31.31,196.26,0
2024-06-25 16:00:00,776.19,27.28,105.85,0
2024-06-25 17:00:00,797.89,31.96,73.47,0
2024-06-25 18:00:00,699.71,27.96,0.0,0
2024-06-25 19:00:00,640.62,29.33,0.0,0
2024-06-25 20:00:00,552.21,26.69,0.0,0
2024-06-25 21:00:00,489.46,22.26,0.0,0
2024-06-25 22:00:00,484.21,24.47,0.0,0
2024-06-25 23:00:00,467.45,27.5,0.0,0
2024-06-26 00:00:00,437.58,23.34,0.0,0
2024-06-26 01:00:00,455.14,21.74,0.0,0
2024-06-26 02:00:00,516.92,23.84,0.0,0
2024-06-26 03:00:00,502.72,22.28,0.0,0
2024-06-26 04:00:00,574.33,22.78,0.0,0
2024-06-26 05:00:00,542.18,20.97,0.0,0
2024-06-26 06:00:00,664.09,24.65,0.0,0
2024-06-26 07:00:00,759.86,27.46,75.17,0
2024-06-26 08:00:00,727.74,25.01,109.81,0
2024-06-26 09:00:00,837.58,30.83,199.58,0
2024-06-26 10:00:00,906.69,29.0,202.37,0
2024-06-26 11:00:00,853.27,28.45,226.42,0
2024-06-26 12:00:00,896.59,33.01,299.23,0
2024-06-26 13:00:00,940.81,30.94,270.6,0
2024-06-26 14:00:00,935.18,33.21,221.47,0
2024-06-26 15:00:00,861.55,30.93,185.4,0
2024-06-26 16:00:00,807.83,30.9,108.66,0
2024-06-26 17:00:00,752.89,31.21,69.27,0
2024-06-26 18:00:00,704.73,29.77,0.0,0
2024-06-26 19:00:00,627.63,23.99,0.0,0
2024-06-26 20:00:00,550.41,24.44,0.0,0
2024-06-26 21:00:00,585.27,27.25,0.0,0
2024-06-26 22:00:00,443.57,23.92,0.0,0
2024-06-26 23:00:00,427.36,22.1,0.0,0
2024-06-27 00:00:00,387.52,19.68,0.0,0
2024-06-27 01:00:00,377.11,19.74,0.0,0
2024-06-27 02:00:00,406.09,17.69,0.0,0
2024-06-27 03:00:00,486.01,21.7,0.0,0
2024-06-27 04:00:00,525.15,21.2,0.0,0
2024-06-27 05:00:00,615.13,21.26,0.0,0
2024-06-27 06:00:00,652.57,24.1,0.0,0
2024-06-27 07:00:00,742.17,26.17,64.48,0
2024-06-27 08:00:00,810.83,30.92,146.45,0
2024-06-27 09:00:00,833.39,25.0,180.27,0
2024-06-27 10:00:00,948.67,31.55,204.17,0
2024-06-27 11:00:00,928.6,32.21,285.15,0
2024-06-27 12:00:00,870.22,29.5,231.58,0
2024-06-27 13:00:00,899.14,31.97,239.67,0
2024-06-27 14:00:00,888.42,30.82,194.86,0
2024-06-27 15:00:00,872.16,31.93,198.25,0
2024-06-27 16:00:00,858.26,34.08,112.5,0
2024-06-27 17:00:00,778.05,31.48,75.44,0
2024-06-27 18:00:00,702.67,30.25,0.0,0
2024-06-27 19:00:00,603.98,27.17,0.0,0
2024-06-27 20:00:00,547.67,23.76,0.0,0
2024-06-27 21:00:00,555.16,25.02,0.0,0
2024-06-27 22:00:00,518.74,26.65,0.0,0
2024-06-27 23:00:00,421.6,20.14,0.0,0
2024-06-28 00:00:00,429.07,20.33,0.0,0
2024-06-28 01:00:00,419.5,22.2,0.0,0
2024-06-28 02:00:00,412.13,19.8,0.0,0
2024-06-28 03:00:00,443.47,20.36,0.0,0
2024-06-28 04:00:00,512.83,21.6,0.0,0
2024-06-28 05:00:00,542.75,20.51,0.0,0
2024-06-28 06:00:00,653.46,22.33,0.0,0
2024-06-28 07:00:00,708.74,26.89,77.51,0
2024-06-28 08:00:00,721.52,24.16,133.85,0
2024-06-28 09:00:00,838.7,24.87,179.48,0
2024-06-28 10:00:00,842.06,28.01,220.9,0
2024-06-28 11:00:00,914.75,31.77,237.33,0
2024-06-28 12:00:00,918.38,30.71,213.55,0
2024-06-28 13:00:00,871.51,30.67,212.83,0
2024-06-28 14:00:00,922.71,31.86,251.32,0
2024-06-28 15:00:00,838.47,28.11,195.21,0
2024-06-28 16:00:00,859.89,32.09,112.51,0
2024-06-28 17:00:00,745.54,31.08,58.44,0
2024-06-28 18:00:00,687.03,28.45,0.0,0
2024-06-28 19:00:00,650.01,30.08,0.0,0
2024-06-28 20:00:00,551.78,24.52,0.0,0
2024-06-28 21:00:00,499.57,27.74,0.0,0
2024-06-28 22:00:00,475.39,24.58,0.0,0
2024-06-28 23:00:00,396.8,22.56,0.0,0
2024-06-29 00:00:00,313.38,22.44,0.0,1
2024-06-29 01:00:00,251.27,21.77,0.0,1
2024-06-29 02:00:00,303.03,24.25,0.0,1
2024-06-29 03:00:00,357.33,19.83,0.0,1
2024-06-29 04:00:00,375.89,20.96,0.0,1
2024-06-29 05:00:00,457.03,25.35,0.0,1
2024-06-29 06:00:00,542.98,23.12,0.0,1
2024-06-29 07:00:00,613.14,27.32,74.07,1
2024-06-29 08:00:00,703.91,30.21,122.97,1
2024-06-29 09:00:00,690.29,27.3,170.31,1
2024-06-29 10:00:00,826.94,30.67,227.15,1
2024-06-29 11:00:00,738.47,28.04,248.48,1
2024-06-29 12:00:00,850.13,32.65,219.82,1
2024-06-29 13:00:00,792.05,32.04,233.68,1
2024-06-29 14:00:00,739.42,32.76,221.07,1
2024-06-29 15:00:00,736.99,30.35,203.96,1
2024-06-29 16:00:00,666.07,27.82,149.67,1
2024-06-29 17:00:00,619.02,31.35,74.73,1
2024-06-29 18:00:00,508.79,25.18,0.0,1
2024-06-29 19:00:00,502.33,27.47,0.0,1
2024-06-29 20:00:00,475.68,28.69,0.0,1
2024-06-29 21:00:00,335.83,25.9,0.0,1
2024-06-29 22:00:00,415.21,28.21,0.0,1
2024-06-29 23:00:00,327.72,25.33,0.0,1
2024-06-30 00:00:00,258.79,21.21,0.0,1
2024-06-30 01:00:00,331.05,22.07,0.0,1
2024-06-30 02:00:00,323.72,21.75,0.0,1
2024-06-30 03:00:00,357.51,18.85,0.0,1
2024-06-30 04:00:00,397.3,20.64,0.0,1
2024-06-30 05:00:00,450.09,22.19,0.0,1
2024-06-30 06:00:00,478.92,20.27,0.0,1
2024-06-30 07:00:00,600.3,25.65,61.22,1
2024-06-30 08:00:00,633.14,26.35,105.34,1
2024-06-30 09:00:00,648.05,24.79,187.52,1
2024-06-30 10:00:00,770.0,30.15,223.54,1
2024-06-30 11:00:00,787.71,31.81,219.83,1
2024-06-30 12:00:00,797.14,31.63,247.95,1
2024-06-30 13:00:00,810.7,31.03,286.54,1
2024-06-30 14:00:00,780.65,33.03,194.1,1
2024-06-30 15:00:00,752.16,33.04,208.85,1
2024-06-30 16:00:00,682.92,31.79,142.31,1
2024-06-30 17:00:00,629.86,28.73,75.27,1
2024-06-30 18:00:00,587.74,29.9,0.0,1
2024-06-30 19:00:00,556.07,30.53,0.0,1
2024-06-30 20:00:00,422.05,25.65,0.0,1
2024-06-30 21:00:00,424.61,29.75,0.0,1
2024-06-30 22:00:00,359.55,23.3,0.0,1
2024-06-30 23:00:00,326.88,23.38,0.0,1
2024-07-01 00:00:00,389.37,21.2,0.0,0
2024-07-01 01:00:00,464.42,22.49,0.0,0
2024-07-01 02:00:00,368.26,18.39,0.0,0
2024-07-01 03:00:00,487.74,20.96,0.0,0
2024-07-01 04:00:00,472.0,20.36,0.0,0
2024-07-01 05:00:00,631.51,23.61,0.0,0
2024-07-01 06:00:00,625.05,26.37,0.0,0
2024-07-01 07:00:00,749.32,26.88,62.06,0
2024-07-01 08:00:00,719.3,22.13,122.26,0
2024-07-01 09:00:00,854.81,32.26,152.49,0
2024-07-01 10:00:00,877.52,29.97,219.46,0
2024-07-01 11:00:00,897.58,28.86,248.7,0
2024-07-01 12:00:00,892.61,31.52,280.79,0
2024-07-01 13:00:00,893.39,32.06,224.11,0
2024-07-01 14:00:00,894.88,30.54,248.84,0
2024-07-01 15:00:00,819.77,32.1,180.88,0
2024-07-01 16:00:00,785.32,29.99,131.04,0
2024-07-01 17:00:00,823.82,29.6,62.31,0
2024-07-01 18:00:00,655.85,28.0,0.0,0
2024-07-01 19:00:00,629.99,25.31,0.0,0
2024-07-01 20:00:00,557.04,27.17,0.0,0
2024-07-01 21:00:00,538.85,26.75,0.0,0
2024-07-01 22:00:00,497.23,25.41,0.0,0
2024-07-01 23:00:00,484.86,24.98,0.0,0
2024-07-02 00:00:00,427.23,23.22,0.0,0
2024-07-02 01:00:00,466.64,21.01,0.0,0
2024-07-02 02:00:00,447.91,23.58,0.0,0
2024-07-02 03:00:00,458.04,19.36,0.0,0
2024-07-02 04:00:00,513.87,20.77,0.0,0
2024-07-02 05:00:00,534.6,21.44,0.0,0
2024-07-02 06:00:00,658.51,26.57,0.0,0
2024-07-02 07:00:00,730.77,27.5,58.81,0
2024-07-02 08:00:00,767.99,27.88,122.43,0
2024-07-02 09:00:00,905.88,30.34,170.95,0
2024-07-02 10:00:00,828.71,27.65,184.09,0
2024-07-02 11:00:00,934.05,31.14,236.02,0
2024-07-02 12:00:00,931.26,30.98,265.77,0
2024-07-02 13:00:00,927.12,33.43,229.68,0
2024-07-02 14:00:00,868.32,31.67,208.41,0
2024-07-02 15:00:00,831.86,30.96,211.25,0
2024-07-02 16:00:00,810.22,32.32,128.97,0
2024-07-02 17:00:00,729.05,32.19,60.34,0
2024-07-02 18:00:00,655.6,28.07,0.0,0
2024-07-02 19:00:00,591.95,28.08,0.0,0
2024-07-02 20:00:00,581.53,24.79,0.0,0
2024-07-02 21:00:00,480.19,20.61,0.0,0
2024-07-02 22:00:00,494.51,24.81,0.0,0
2024-07-02 23:00:00,467.41,24.59,0.0,0
2024-07-03 00:00:00,435.41,23.12,0.0,0
2024-07-03 01:00:00,425.34,18.2,0.0,0
2024-07-03 02:00:00,423.8,21.23,0.0,0
2024-07-03 03:00:00,444.62,17.66,0.0,0
2024-07-03 04:00:00,572.06,25.34,0.0,0
2024-07-03 05:00:00,527.42,21.22,0.0,0
2024-07-03 06:00:00,746.82,26.94,0.0,0
2024-07-03 07:00:00,727.75,27.53,59.5,0
2024-07-03 08:00:00,754.83,25.13,115.75,0
2024-07-03 09:00:00,832.42,25.96,188.25,0
2024-07-03 10:00:00,897.38,30.13,215.54,0
2024-07-03 11:00:00,881.9,28.78,250.69,0
2024-07-03 12:00:00,917.9,31.46,221.63,0
2024-07-03 13:00:00,863.51,30.79,213.38,0
2024-07-03 14:00:00,842.96,28.37,233.02,0
2024-07-03 15:00:00,827.33,27.3,206.29,0
2024-07-03 16:00:00,828.23,31.71,142.46,0
2024-07-03 17:00:00,775.71,29.34,69.1,0
2024-07-03 18:00:00,680.22,28.32,0.0,0
2024-07-03 19:00:00,609.71,29.62,0.0,0
2024-07-03 20:00:00,619.18,29.28,0.0,0
2024-07-03 21:00:00,545.38,25.09,0.0,0
2024-07-03 22:00:00,486.73,23.75,0.0,0
2024-07-03 23:00:00,446.66,24.39,0.0,0
2024-07-04 00:00:00,425.17,19.91,0.0,0
2024-07-04 01:00:00,518.2,22.57,0.0,0
2024-07-04 02:00:00,460.21,23.05,0.0,0
2024-07-04 03:00:00,460.59,23.48,0.0,0
2024-07-04 04:00:00,472.81,18.75,0.0,0
2024-07-04 05:00:00,582.79,21.89,0.0,0
2024-07-04 06:00:00,586.81,22.69,0.0,0
2024-07-04 07:00:00,714.55,25.86,65.43,0
2024-07-04 08:00:00,788.62,27.91,117.64,0
2024-07-04 09:00:00,892.17,31.24,209.56,0
2024-07-04 10:00:00,890.56,28.46,215.89,0
2024-07-04 11:00:00,909.7,29.49,279.2,0
2024-07-04 12:00:00,881.73,33.58,271.63,0
2024-07-04 13:00:00,939.94,32.37,232.26,0
2024-07-04 14:00:00,935.7,34.49,247.54,0
2024-07-04 15:00:00,871.39,32.36,192.48,0
2024-07-04 16:00:00,746.4,28.97,118.36,0
2024-07-04 17:00:00,710.54,27.82,62.49,0
2024-07-04 18:00:00,634.3,26.35,0.0,0
2024-07-04 19:00:00,593.54,29.57,0.0,0
2024-07-04 20:00:00,593.2,29.33,0.0,0
2024-07-04 21:00:00,532.18,29.35,0.0,0
2024-07-04 22:00:00,553.79,26.14,0.0,0
2024-07-04 23:00:00,460.0,25.74,0.0,0
2024-07-05 00:00:00,447.11,21.48,0.0,0
2024-07-05 01:00:00,365.83,19.82,0.0,0
2024-07-05 02:00:00,450.21,23.67,0.0,0
2024-07-05 03:00:00,490.73,22.97,0.0,0
2024-07-05 04:00:00,505.81,22.85,0.0,0
2024-07-05 05:00:00,579.74,24.21,0.0,0
2024-07-05 06:00:00,645.68,25.11,0.0,0
2024-07-05 07:00:00,728.32,28.24,55.34,0
2024-07-05 08:00:00,841.95,29.56,142.22,0
2024-07-05 09:00:00,844.37,29.35,181.62,0
2024-07-05 10:00:00,896.78,31.16,255.13,0
2024-07-05 11:00:00,921.98,31.53,235.82,0
2024-07-05 12:00:00,919.06,30.37,247.67,0
2024-07-05 13:00:00,924.21,33.31,272.03,0
2024-07-05 14:00:00,856.97,29.18,197.62,0
2024-07-05 15:00:00,884.64,33.9,209.76,0
2024-07-05 16:00:00,818.0,28.91,113.72,0
2024-07-05 17:00:00,790.66,31.07,77.03,0
2024-07-05 18:00:00,671.76,27.78,0.0,0
2024-07-05 19:00:00,661.11,29.37,0.0,0
2024-07-05 20:00:00,564.13,26.9,0.0,0
2024-07-05 21:00:00,484.26,22.48,0.0,0
2024-07-05 22:00:00,468.04,25.31,0.0,0
2024-07-05 23:00:00,425.03,22.28,0.0,0
2024-07-06 00:00:00,357.66,24.41,0.0,1
2024-07-06 01:00:00,310.66,22.15,0.0,1
2024-07-06 02:00:00,337.89,22.77,0.0,1
2024-07-06 03:00:00,304.76,20.24,0.0,1
2024-07-06 04:00:00,386.99,21.47,0.0,1
2024-07-06 05:00:00,447.48,22.53,0.0,1
2024-07-06 06:00:00,521.21,26.19,0.0,1
2024-07-06 07:00:00,622.72,29.04,73.45,1
2024-07-06 08:00:00,622.97,25.37,109.65,1
2024-07-06 09:00:00,727.7,30.43,149.07,1
2024-07-06 10:00:00,707.65,25.14,229.89,1
2024-07-06 11:00:00,730.57,28.13,234.92,1
2024-07-06 12:00:00,763.96,29.39,229.88,1
2024-07-06 13:00:00,766.17,29.11,255.64,1
2024-07-06 14:00:00,770.95,28.81,247.2,1
2024-07-06 15:00:00,754.2,32.64,184.53,1
2024-07-06 16:00:00,672.28,30.88,115.27,1
2024-07-06 17:00:00,654.49,31.27,59.46,1
2024-07-06 18:00:00,631.3,30.86,0.0,1
2024-07-06 19:00:00,539.21,28.81,0.0,1
2024-07-06 20:00:00,476.65,28.3,0.0,1
2024-07-06 21:00:00,412.19,25.55,0.0,1
2024-07-06 22:00:00,363.86,22.11,0.0,1
2024-07-06 23:00:00,369.31,25.56,0.0,1
2024-07-07 00:00:00,308.99,21.48,0.0,1
2024-07-07 01:00:00,316.43,20.29,0.0,1
2024-07-07 02:00:00,296.1,21.63,0.0,1
2024-07-07 03:00:00,304.37,20.34,0.0,1
2024-07-07 04:00:00,402.18,21.83,0.0,1
2024-07-07 05:00:00,471.38,24.14,0.0,1
2024-07-07 06:00:00,518.27,25.19,0.0,1
2024-07-07 07:00:00,591.42,23.9,62.16,1
2024-07-07 08:00:00,593.58,26.02,140.56,1
2024-07-07 09:00:00,712.38,30.43,189.42,1
2024-07-07 10:00:00,745.91,30.48,198.81,1
2024-07-07 11:00:00,779.04,34.68,233.81,1
2024-07-07 12:00:00,854.18,33.68,270.64,1
2024-07-07 13:00:00,780.29,34.11,232.03,1
2024-07-07 14:00:00,730.64,29.21,200.16,1
2024-07-07 15:00:00,777.6,33.35,174.43,1
2024-07-07 16:00:00,708.3,31.21,139.22,1
2024-07-07 17:00:00,598.3,29.42,77.64,1
2024-07-07 18:00:00,595.33,29.83,0.0,1
2024-07-07 19:00:00,537.23,30.18,0.0,1
2024-07-07 20:00:00,518.25,27.99,0.0,1
2024-07-07 21:00:00,388.07,23.94,0.0,1
2024-07-07 22:00:00,363.02,25.98,0.0,1
2024-07-07 23:00:00,287.2,22.18,0.0,1
2024-07-08 00:00:00,412.4,23.1,0.0,0
2024-07-08 01:00:00,401.78,21.56,0.0,0
2024-07-08 02:00:00,476.66,21.56,0.0,0
2024-07-08 03:00:00,496.03,23.7,0.0,0
2024-07-08 04:00:00,520.0,20.59,0.0,0
2024-07-08 05:00:00,659.61,27.35,0.0,0
2024-07-08 06:00:00,549.59,20.85,0.0,0
2024-07-08 07:00:00,728.81,24.51,63.61,0
2024-07-08 08:00:00,778.76,27.74,120.75,0
2024-07-08 09:00:00,846.89,29.46,171.95,0
2024-07-08 10:00:00,845.45,29.3,249.64,0
2024-07-08 11:00:00,878.48,30.42,269.35,0
2024-07-08 12:00:00,933.7,32.15,244.29,0
2024-07-08 13:00:00,966.44,31.36,288.24,0
2024-07-08 14:00:00,946.12,34.78,210.33,0
2024-07-08 15:00:00,908.11,33.51,169.79,0
2024-07-08 16:00:00,825.93,33.07,139.24,0
2024-07-08 17:00:00,722.76,28.6,63.71,0
2024-07-08 18:00:00,673.86,29.34,0.0,0
2024-07-08 19:00:00,612.93,27.69,0.0,0
2024-07-08 20:00:00,498.54,24.99,0.0,0
2024-07-08 21:00:00,504.69,26.42,0.0,0
2024-07-08 22:00:00,447.0,23.42,0.0,0
2024-07-08 23:00:00,450.15,24.77,0.0,0
2024-07-09 00:00:00,408.59,20.53,0.0,0
2024-07-09 01:00:00,471.96,25.61,0.0,0
2024-07-09 02:00:00,428.49,20.21,0.0,0
2024-07-09 03:00:00,470.13,22.61,0.0,0
2024-07-09 04:00:00,493.45,24.25,0.0,0
2024-07-09 05:00:00,557.08,22.32,0.0,0
2024-07-09 06:00:00,637.74,26.2,0.0,0
2024-07-09 07:00:00,695.89,23.25,73.69,0
2024-07-09 08:00:00,821.77,29.9,138.91,0
2024-07-09 09:00:00,848.11,28.32,184.71,0
2024-07-09 10:00:00,875.2,28.31,233.97,0
2024-07-09 11:00:00,889.22,29.94,238.89,0
2024-07-09 12:00:00,916.43,32.95,269.59,0
2024-07-09 13:00:00,881.11,30.66,255.62,0
2024-07-09 14:00:00,840.53,30.5,192.55,0
2024-07-09 15:00:00,880.08,31.39,155.84,0
2024-07-09 16:00:00,785.39,28.98,112.75,0
2024-07-09 17:00:00,762.37,34.18,57.5,0
2024-07-09 18:00:00,663.01,28.37,0.0,0
2024-07-09 19:00:00,626.13,29.96,0.0,0
2024-07-09 20:00:00,575.26,27.42,0.0,0
2024-07-09 21:00:00,522.63,23.74,0.0,0
2024-07-09 22:00:00,462.97,24.49,0.0,0
2024-07-09 23:00:00,400.82,25.03,0.0,0
2024-07-10 00:00:00,418.2,22.29,0.0,0
2024-07-10 01:00:00,448.47,24.56,0.0,0
2024-07-10 02:00:00,461.59,24.04,0.0,0
2024-07-10 03:00:00,482.97,24.01,0.0,0
2024-07-10 04:00:00,522.93,21.75,0.0,0
2024-07-10 05:00:00,562.93,21.3,0.0,0
2024-07-10 06:00:00,632.1,23.27,0.0,0
2024-07-10 07:00:00,723.06,26.1,74.53,0
2024-07-10 08:00:00,770.16,28.09,132.66,0
2024-07-10 09:00:00,768.76,23.95,200.54,0
2024-07-10 10:00:00,902.54,29.48,239.17,0
2024-07-10 11:00:00,915.68,30.85,228.37,0
2024-07-10 12:00:00,928.42,30.77,223.07,0
2024-07-10 13:00:00,967.95,34.41,287.79,0
2024-07-10 14:00:00,914.78,32.84,215.7,0
2024-07-10 15:00:00,909.12,34.45,209.84,0
2024-07-10 16:00:00,769.49,30.9,146.16,0
2024-07-10 17:00:00,780.96,32.41,61.22,0
2024-07-10 18:00:00,723.12,32.77,0.0,0
2024-07-10 19:00:00,699.34,30.92,0.0,0
2024-07-10 20:00:00,571.34,24.81,0.0,0
2024-07-10 21:00:00,494.79,25.2,0.0,0
2024-07-10 22:00:00,474.2,23.81,0.0,0
2024-07-10 23:00:00,455.43,24.44,0.0,0
2024-07-11 00:00:00,451.73,24.04,0.0,0
2024-07-11 01:00:00,386.22,20.49,0.0,0
2024-07-11 02:00:00,457.1,22.13,0.0,0
2024-07-11 03:00:00,434.13,18.13,0.0,0
2024-07-11 04:00:00,562.55,25.55,0.0,0
2024-07-11 05:00:00,554.47,22.43,0.0,0
2024-07-11 06:00:00,631.44,24.61,0.0,0
2024-07-11 07:00:00,731.93,25.08,75.16,0
2024-07-11 08:00:00,766.58,29.29,149.99,0
2024-07-11 09:00:00,743.12,22.61,167.78,0
2024-07-11 10:00:00,866.53,29.46,215.99,0
2024-07-11 11:00:00,877.08,30.32,271.53,0
2024-07-11 12:00:00,882.05,30.42,279.03,0
2024-07-11 13:00:00,948.58,35.28,219.28,0
2024-07-11 14:00:00,837.78,30.22,220.69,0
2024-07-11 15:00:00,849.9,33.37,167.68,0
2024-07-11 16:00:00,871.73,32.04,129.63,0
2024-07-11 17:00:00,793.79,33.05,72.11,0
2024-07-11 18:00:00,662.94,28.16,0.0,0
2024-07-11 19:00:00,626.92,26.82,0.0,0
2024-07-11 20:00:00,606.05,29.19,0.0,0
2024-07-11 21:00:00,548.95,26.55,0.0,0
2024-07-11 22:00:00,437.67,21.41,0.0,0
2024-07-11 23:00:00,455.04,22.38,0.0,0
2024-07-12 00:00:00,383.34,23.43,0.0,0
2024-07-12 01:00:00,418.74,23.83,0.0,0
2024-07-12 02:00:00,437.18,20.63,0.0,0
2024-07-12 03:00:00,463.53,16.33,0.0,0
2024-07-12 04:00:00,514.24,23.7,0.0,0
2024-07-12 05:00:00,564.83,21.01,0.0,0
2024-07-12 06:00:00,588.93,20.45,0.0,0
2024-07-12 07:00:00,645.12,20.03,61.34,0
2024-07-12 08:00:00,811.77,28.62,120.57,0
2024-07-12 09:00:00,849.53,28.54,167.18,0
2024-07-12 10:00:00,838.64,29.04,204.73,0
2024-07-12 11:00:00,899.76,33.3,205.9,0
2024-07-12 12:00:00,915.64,32.59,268.82,0
2024-07-12 13:00:00,943.01,35.05,213.4,0
2024-07-12 14:00:00,848.77,29.2,258.11,0
2024-07-12 15:00:00,884.91,31.75,193.79,0
2024-07-12 16:00:00,789.52,28.08,147.81,0
2024-07-12 17:00:00,762.56,30.06,62.48,0
2024-07-12 18:00:00,658.24,28.99,0.0,0
2024-07-12 19:00:00,672.76,29.53,0.0,0
2024-07-12 20:00:00,500.28,27.08,0.0,0
2024-07-12 21:00:00,548.83,26.94,0.0,0
2024-07-12 22:00:00,509.09,25.89,0.0,0
2024-07-12 23:00:00,473.62,27.76,0.0,0
2024-07-13 00:00:00,331.97,22.02,0.0,1
2024-07-13 01:00:00,287.88,20.26,0.0,1
2024-07-13 02:00:00,333.04,22.47,0.0,1
2024-07-13 03:00:00,352.48,20.54,0.0,1
2024-07-13 04:00:00,515.76,25.61,0.0,1
2024-07-13 05:00:00,490.59,22.87,0.0,1
2024-07-13 06:00:00,530.98,23.34,0.0,1
2024-07-13 07:00:00,556.34,24.74,57.45,1
2024-07-13 08:00:00,667.72,28.41,138.66,1
2024-07-13 09:00:00,680.64,27.95,205.71,1
2024-07-13 10:00:00,755.68,28.19,192.42,1
2024-07-13 11:00:00,815.12,33.84,287.49,1
2024-07-13 12:00:00,747.82,29.59,218.01,1
2024-07-13 13:00:00,793.98,31.88,263.2,1
2024-07-13 14:00:00,764.77,33.28,220.2,1
2024-07-13 15:00:00,710.63,28.54,203.71,1
2024-07-13 16:00:00,681.19,32.27,109.4,1
2024-07-13 17:00:00,616.46,28.4,60.18,1
2024-07-13 18:00:00,609.98,31.12,0.0,1
2024-07-13 19:00:00,490.36,26.34,0.0,1
2024-07-13 20:00:00,453.84,28.36,0.0,1
2024-07-13 21:00:00,422.59,27.89,0.0,1
2024-07-13 22:00:00,386.21,26.2,0.0,1
2024-07-13 23:00:00,298.56,23.94,0.0,1
2024-07-14 00:00:00,308.2,22.17,0.0,1
2024-07-14 01:00:00,329.54,20.98,0.0,1
2024-07-14 02:00:00,370.17,24.9,0.0,1
2024-07-14 03:00:00,347.35,20.73,0.0,1
2024-07-14 04:00:00,401.56,20.56,0.0,1
2024-07-14 05:00:00,487.11,24.76,0.0,1
2024-07-14 06:00:00,527.53,22.87,0.0,1
2024-07-14 07:00:00,518.83,23.77,60.58,1
2024-07-14 08:00:00,581.9,24.07,136.79,1
2024-07-14 09:00:00,719.43,27.29,190.88,1
2024-07-14 10:00:00,708.53,29.3,257.69,1
2024-07-14 11:00:00,793.05,30.98,205.33,1
2024-07-14 12:00:00,803.14,33.19,226.79,1
2024-07-14 13:00:00,776.72,32.84,281.61,1
2024-07-14 14:00:00,777.74,31.58,181.9,1
2024-07-14 15:00:00,740.39,31.39,173.63,1
2024-07-14 16:00:00,755.87,32.31,111.58,1
2024-07-14 17:00:00,646.56,33.04,76.09,1
2024-07-14 18:00:00,613.14,29.71,0.0,1
2024-07-14 19:00:00,510.22,27.32,0.0,1
2024-07-14 20:00:00,413.23,24.98,0.0,1
2024-07-14 21:00:00,386.32,22.78,0.0,1
2024-07-14 22:00:00,378.87,25.79,0.0,1
2024-07-14 23:00:00,333.53,24.58,0.0,1
2024-07-15 00:00:00,444.33,23.77,0.0,0
2024-07-15 01:00:00,410.45,21.86,0.0,0
2024-07-15 02:00:00,453.72,24.76,0.0,0
2024-07-15 03:00:00,489.01,21.14,0.0,0
2024-07-15 04:00:00,539.63,24.52,0.0,0
2024-07-15 05:00:00,579.53,23.33,0.0,0
2024-07-15 06:00:00,639.25,23.23,0.0,0
2024-07-15 07:00:00,726.73,26.83,60.08,0
2024-07-15 08:00:00,741.89,27.76,148.34,0
2024-07-15 09:00:00,863.08,28.95,187.07,0
2024-07-15 10:00:00,872.29,29.61,199.48,0
2024-07-15 11:00:00,892.14,30.4,211.12,0
2024-07-15 12:00:00,971.27,36.05,245.8,0
2024-07-15 13:00:00,940.51,34.14,285.23,0
2024-07-15 14:00:00,926.26,33.39,228.89,0
2024-07-15 15:00:00,874.83,32.0,207.41,0
2024-07-15 16:00:00,850.82,33.29,116.32,0
2024-07-15 17:00:00,800.68,31.51,76.17,0
2024-07-15 18:00:00,717.04,29.5,0.0,0
2024-07-15 19:00:00,620.52,27.63,0.0,0
2024-07-15 20:00:00,539.74,26.78,0.0,0
2024-07-15 21:00:00,493.35,19.31,0.0,0
2024-07-15 22:00:00,469.49,24.86,0.0,0
2024-07-15 23:00:00,419.29,22.43,0.0,0
2024-07-16 00:00:00,414.34,25.78,0.0,0
2024-07-16 01:00:00,436.57,22.13,0.0,0
2024-07-16 02:00:00,425.94,19.54,0.0,0
2024-07-16 03:00:00,440.61,21.99,0.0,0
2024-07-16 04:00:00,516.31,20.5,0.0,0
2024-07-16 05:00:00,579.1,24.33,0.0,0
2024-07-16 06:00:00,717.28,25.0,0.0,0
2024-07-16 07:00:00,712.95,27.54,64.59,0
2024-07-16 08:00:00,742.51,25.34,113.84,0
2024-07-16 09:00:00,802.38,28.28,183.91,0
2024-07-16 10:00:00,872.06,26.69,221.54,0
2024-07-16 11:00:00,902.46,31.86,231.53,0
2024-07-16 12:00:00,904.76,32.29,280.09,0
2024-07-16 13:00:00,938.28,32.74,256.23,0
2024-07-16 14:00:00,857.94,31.92,211.11,0
2024-07-16 15:00:00,882.85,32.58,210.29,0
2024-07-16 16:00:00,889.13,34.46,130.34,0
2024-07-16 17:00:00,764.79,29.89,63.7,0
2024-07-16 18:00:00,712.93,29.7,0.0,0
2024-07-16 19:00:00,630.41,26.04,0.0,0
2024-07-16 20:00:00,594.58,25.18,0.0,0
2024-07-16 21:00:00,547.05,25.82,0.0,0
2024-07-16 22:00:00,504.07,26.63,0.0,0
2024-07-16 23:00:00,458.14,22.87,0.0,0
2024-07-17 00:00:00,398.78,22.09,0.0,0
2024-07-17 01:00:00,438.74,21.25,0.0,0
2024-07-17 02:00:00,409.91,20.83,0.0,0
2024-07-17 03:00:00,475.96,22.66,0.0,0
2024-07-17 04:00:00,418.64,19.57,0.0,0
2024-07-17 05:00:00,617.49,25.92,0.0,0
2024-07-17 06:00:00,614.55,23.06,0.0,0
2024-07-17 07:00:00,749.99,27.04,60.18,0
2024-07-17 08:00:00,753.31,24.36,144.57,0
2024-07-17 09:00:00,864.79,29.53,179.26,0
2024-07-17 10:00:00,853.51,30.74,225.18,0
2024-07-17 11:00:00,931.14,31.2,262.73,0
2024-07-17 12:00:00,945.01,29.24,224.94,0
2024-07-17 13:00:00,934.53,32.22,249.43,0
2024-07-17 14:00:00,888.25,29.53,255.11,0
2024-07-17 15:00:00,857.85,31.22,194.63,0
2024-07-17 16:00:00,819.73,33.28,139.71,0
2024-07-17 17:00:00,791.04,32.02,56.97,0
2024-07-17 18:00:00,656.6,29.43,0.0,0
2024-07-17 19:00:00,600.19,26.24,0.0,0
2024-07-17 20:00:00,537.59,28.19,0.0,0
2024-07-17 21:00:00,497.39,25.64,0.0,0
2024-07-17 22:00:00,440.39,19.75,0.0,0
2024-07-17 23:00:00,468.7,24.92,0.0,0
2024-07-18 00:00:00,426.15,22.49,0.0,0
2024-07-18 01:00:00,455.49,24.44,0.0,0
2024-07-18 02:00:00,376.41,19.68,0.0,0
2024-07-18 03:00:00,452.43,15.68,0.0,0
2024-07-18 04:00:00,513.91,23.09,0.0,0
2024-07-18 05:00:00,570.9,23.91,0.0,0
2024-07-18 06:00:00,624.84,20.98,0.0,0
2024-07-18 07:00:00,666.4,23.62,56.47,0
2024-07-18 08:00:00,808.65,32.38,109.31,0
2024-07-18 09:00:00,764.74,27.55,159.26,0
2024-07-18 10:00:00,874.13,30.83,228.12,0
2024-07-18 11:00:00,856.99,29.1,275.96,0
2024-07-18 12:00:00,872.14,27.02,269.94,0
2024-07-18 13:00:00,882.96,31.36,223.07,0
2024-07-18 14:00:00,889.17,31.34,241.66,0
2024-07-18 15:00:00,846.77,30.9,181.69,0
2024-07-18 16:00:00,851.47,30.97,124.56,0
2024-07-18 17:00:00,773.5,30.93,63.58,0
2024-07-18 18:00:00,644.67,29.07,0.0,0
2024-07-18 19:00:00,572.94,25.63,0.0,0
2024-07-18 20:00:00,579.77,27.84,0.0,0
2024-07-18 21:00:00,452.07,21.67,0.0,0
2024-07-18 22:00:00,355.24,20.27,0.0,0
2024-07-18 23:00:00,488.64,24.81,0.0,0
2024-07-19 00:00:00,453.18,23.52,0.0,0
2024-07-19 01:00:00,438.73,21.89,0.0,0
2024-07-19 02:00:00,402.04,19.04,0.0,0
2024-07-19 03:00:00,475.15,20.59,0.0,0
2024-07-19 04:00:00,502.17,21.98,0.0,0
2024-07-19 05:00:00,554.42,20.11,0.0,0
2024-07-19 06:00:00,605.54,22.86,0.0,0
2024-07-19 07:00:00,758.11,26.84,74.84,0
2024-07-19 08:00:00,757.63,29.69,129.54,0
2024-07-19 09:00:00,845.12,27.29,183.15,0
2024-07-19 10:00:00,882.65,30.85,217.85,0
2024-07-19 11:00:00,846.36,26.54,234.6,0
2024-07-19 12:00:00,929.0,32.48,213.84,0
2024-07-19 13:00:00,912.07,30.06,233.08,0
2024-07-19 14:00:00,931.86,32.45,190.93,0
2024-07-19 15:00:00,860.93,31.17,176.73,0
2024-07-19 16:00:00,815.78,33.8,121.79,0
2024-07-19 17:00:00,739.36,28.62,76.02,0
2024-07-19 18:00:00,751.31,30.59,0.0,0
2024-07-19 19:00:00,657.62,27.57,0.0,0
2024-07-19 20:00:00,587.89,26.52,0.0,0
2024-07-19 21:00:00,530.19,25.17,0.0,0
2024-07-19 22:00:00,470.71,22.64,0.0,0
2024-07-19 23:00:00,468.48,23.27,0.0,0
2024-07-20 00:00:00,292.01,22.34,0.0,1
2024-07-20 01:00:00,277.44,22.45,0.0,1
2024-07-20 02:00:00,328.19,21.97,0.0,1
2024-07-20 03:00:00,353.78,23.56,0.0,1
2024-07-20 04:00:00,396.77,24.31,0.0,1
2024-07-20 05:00:00,421.84,21.16,0.0,1
2024-07-20 06:00:00,602.49,26.04,0.0,1
2024-07-20 07:00:00,566.48,23.13,54.81,1
2024-07-20 08:00:00,668.78,27.97,115.18,1
2024-07-20 09:00:00,684.18,29.33,178.81,1
2024-07-20 10:00:00,661.86,25.48,225.32,1
2024-07-20 11:00:00,757.9,30.52,242.86,1
2024-07-20 12:00:00,817.86,30.19,258.34,1
2024-07-20 13:00:00,782.64,30.11,246.06,1
2024-07-20 14:00:00,813.16,34.5,243.95,1
2024-07-20 15:00:00,743.09,30.32,154.62,1
2024-07-20 16:00:00,660.37,29.52,116.05,1
2024-07-20 17:00:00,671.31,30.48,61.78,1
2024-07-20 18:00:00,570.87,30.67,0.0,1
2024-07-20 19:00:00,541.48,27.81,0.0,1
2024-07-20 20:00:00,482.36,29.13,0.0,1
2024-07-20 21:00:00,359.51,26.57,0.0,1
2024-07-20 22:00:00,287.51,19.94,0.0,1
2024-07-20 23:00:00,264.22,22.2,0.0,1
2024-07-21 00:00:00,322.13,21.3,0.0,1
2024-07-21 01:00:00,315.07,22.89,0.0,1
2024-07-21 02:00:00,246.0,16.51,0.0,1
2024-07-21 03:00:00,418.24,27.03,0.0,1
2024-07-21 04:00:00,401.47,23.49,0.0,1
2024-07-21 05:00:00,426.35,23.52,0.0,1
2024-07-21 06:00:00,588.16,26.62,0.0,1
2024-07-21 07:00:00,635.96,30.15,56.72,1
2024-07-21 08:00:00,657.66,28.5,136.54,1
2024-07-21 09:00:00,710.94,29.95,187.48,1
2024-07-21 10:00:00,710.57,29.52,185.99,1
2024-07-21 11:00:00,740.68,30.01,272.28,1
2024-07-21 12:00:00,813.49,30.14,247.93,1
2024-07-21 13:00:00,760.69,29.94,256.0,1
2024-07-21 14:00:00,757.6,30.38,199.47,1
2024-07-21 15:00:00,659.18,28.89,203.9,1
2024-07-21 16:00:00,656.41,30.94,130.33,1
2024-07-21 17:00:00,616.25,26.92,61.36,1
2024-07-21 18:00:00,585.84,29.64,0.0,1
2024-07-21 19:00:00,551.87,27.98,0.0,1
2024-07-21 20:00:00,484.1,27.05,0.0,1
2024-07-21 21:00:00,377.01,24.42,0.0,1
2024-07-21 22:00:00,422.74,30.41,0.0,1
2024-07-21 23:00:00,338.33,25.94,0.0,1
2024-07-22 00:00:00,450.33,19.9,0.0,0
2024-07-22 01:00:00,459.05,22.35,0.0,0
2024-07-22 02:00:00,436.03,20.5,0.0,0
2024-07-22 03:00:00,462.16,19.86,0.0,0
2024-07-22 04:00:00,533.17,19.71,0.0,0
2024-07-22 05:00:00,603.17,24.04,0.0,0
2024-07-22 06:00:00,667.49,22.85,0.0,0
2024-07-22 07:00:00,670.49,27.36,59.22,0
2024-07-22 08:00:00,798.56,28.7,142.77,0
2024-07-22 09:00:00,836.11,30.76,158.89,0
2024-07-22 10:00:00,892.22,27.51,208.63,0
2024-07-22 11:00:00,943.86,31.2,260.9,0
2024-07-22 12:00:00,923.92,32.31,253.58,0
2024-07-22 13:00:00,937.54,30.6,205.84,0
2024-07-22 14:00:00,919.5,30.17,242.94,0
2024-07-22 15:00:00,890.92,34.76,180.34,0
2024-07-22 16:00:00,876.8,31.5,121.9,0
2024-07-22 17:00:00,766.21,31.52,74.43,0
2024-07-22 18:00:00,670.35,27.57,0.0,0
2024-07-22 19:00:00,625.59,25.57,0.0,0
2024-07-22 20:00:00,546.92,25.58,0.0,0
2024-07-22 21:00:00,512.44,25.17,0.0,0
2024-07-22 22:00:00,482.9,22.09,0.0,0
2024-07-22 23:00:00,438.9,23.16,0.0,0
2024-07-23 00:00:00,347.24,18.96,0.0,0
2024-07-23 01:00:00,411.99,19.6,0.0,0
2024-07-23 02:00:00,439.49,23.01,0.0,0
2024-07-23 03:00:00,510.68,23.05,0.0,0
2024-07-23 04:00:00,532.95,21.56,0.0,0
2024-07-23 05:00:00,596.0,21.1,0.0,0
2024-07-23 06:00:00,643.83,22.11,0.0,0
2024-07-23 07:00:00,725.3,24.63,68.43,0
2024-07-23 08:00:00,762.85,27.96,127.67,0
2024-07-23 09:00:00,859.72,29.82,196.5,0
2024-07-23 10:00:00,904.17,28.18,259.8,0
2024-07-23 11:00:00,854.94,27.9,211.6,0
2024-07-23 12:00:00,960.34,31.53,292.65,0
2024-07-23 13:00:00,877.97,29.85,205.95,0
2024-07-23 14:00:00,858.23,30.63,249.61,0
2024-07-23 15:00:00,890.32,34.15,173.64,0
2024-07-23 16:00:00,844.43,32.65,105.03,0
2024-07-23 17:00:00,779.76,30.52,74.42,0
2024-07-23 18:00:00,642.21,26.63,0.0,0
2024-07-23 19:00:00,642.96,28.39,0.0,0
2024-07-23 20:00:00,570.8,28.79,0.0,0
2024-07-23 21:00:00,467.59,24.62,0.0,0
2024-07-23 22:00:00,472.29,26.87,0.0,0
2024-07-23 23:00:00,445.23,25.72,0.0,0
2024-07-24 00:00:00,469.2,25.62,0.0,0
2024-07-24 01:00:00,459.62,22.4,0.0,0
2024-07-24 02:00:00,417.9,22.79,0.0,0
2024-07-24 03:00:00,513.56,24.62,0.0,0
2024-07-24 04:00:00,502.42,23.18,0.0,0
2024-07-24 05:00:00,584.77,22.08,0.0,0
2024-07-24 06:00:00,616.65,23.22,0.0,0
2024-07-24 07:00:00,683.5,25.8,74.87,0
2024-07-24 08:00:00,760.37,24.04,116.33,0
2024-07-24 09:00:00,803.01,27.63,173.85,0
2024-07-24 10:00:00,878.43,31.31,231.42,0
2024-07-24 11:00:00,795.41,25.77,274.86,0
2024-07-24 12:00:00,963.84,34.02,246.59,0
2024-07-24 13:00:00,950.64,33.69,222.09,0
2024-07-24 14:00:00,880.34,30.7,235.46,0
2024-07-24 15:00:00,828.59,32.54,210.49,0
2024-07-24 16:00:00,839.79,30.96,140.35,0
2024-07-24 17:00:00,761.25,32.61,61.75,0
2024-07-24 18:00:00,699.51,31.08,0.0,0
2024-07-24 19:00:00,657.17,25.11,0.0,0
2024-07-24 20:00:00,560.34,27.79,0.0,0
2024-07-24 21:00:00,526.27,24.91,0.0,0
2024-07-24 22:00:00,483.69,24.28,0.0,0
2024-07-24 23:00:00,432.84,21.63,0.0,0
2024-07-25 00:00:00,464.37,25.73,0.0,0
2024-07-25 01:00:00,454.39,23.82,0.0,0
2024-07-25 02:00:00,434.45,20.09,0.0,0
2024-07-25 03:00:00,447.95,19.07,0.0,0
2024-07-25 04:00:00,552.42,21.46,0.0,0
2024-07-25 05:00:00,554.41,23.9,0.0,0
2024-07-25 06:00:00,671.0,24.55,0.0,0
2024-07-25 07:00:00,750.1,27.78,55.61,0
2024-07-25 08:00:00,798.92,28.15,146.28,0
2024-07-25 09:00:00,867.34,29.8,174.1,0
2024-07-25 10:00:00,868.08,29.72,191.4,0
2024-07-25 11:00:00,819.69,27.32,282.84,0
2024-07-25 12:00:00,903.24,30.5,250.15,0
2024-07-25 13:00:00,903.56,33.52,218.12,0
2024-07-25 14:00:00,869.54,31.46,182.93,0
2024-07-25 15:00:00,834.38,32.4,166.04,0
2024-07-25 16:00:00,790.65,30.26,137.47,0
2024-07-25 17:00:00,717.26,28.04,61.35,0
2024-07-25 18:00:00,628.75,28.82,0.0,0
2024-07-25 19:00:00,650.52,28.48,0.0,0
2024-07-25 20:00:00,608.05,25.25,0.0,0
2024-07-25 21:00:00,521.74,24.8,0.0,0
2024-07-25 22:00:00,443.59,22.19,0.0,0
2024-07-25 23:00:00,458.13,25.27,0.0,0
2024-07-26 00:00:00,405.37,21.59,0.0,0
2024-07-26 01:00:00,454.91,24.58,0.0,0
2024-07-26 02:00:00,471.53,24.57,0.0,0
2024-07-26 03:00:00,452.72,21.52,0.0,0
2024-07-26 04:00:00,543.69,20.16,0.0,0
2024-07-26 05:00:00,499.07,18.8,0.0,0
2024-07-26 06:00:00,628.61,21.06,0.0,0
2024-07-26 07:00:00,673.91,22.47,58.55,0
2024-07-26 08:00:00,840.18,29.27,118.73,0
2024-07-26 09:00:00,830.29,28.03,210.58,0
2024-07-26 10:00:00,862.09,29.79,249.5,0
2024-07-26 11:00:00,843.03,25.6,278.11,0
2024-07-26 12:00:00,885.43,28.44,297.88,0
2024-07-26 13:00:00,895.74,33.11,279.63,0
2024-07-26 14:00:00,874.86,32.08,188.12,0
2024-07-26 15:00:00,807.24,31.04,169.89,0
2024-07-26 16:00:00,796.61,31.97,135.96,0
2024-07-26 17:00:00,787.27,33.32,59.17,0
2024-07-26 18:00:00,693.17,28.57,0.0,0
2024-07-26 19:00:00,578.17,27.94,0.0,0
2024-07-26 20:00:00,565.51,26.89,0.0,0
2024-07-26 21:00:00,572.65,30.0,0.0,0
2024-07-26 22:00:00,420.82,19.81,0.0,0
2024-07-26 23:00:00,434.37,24.34,0.0,0
2024-07-27 00:00:00,288.59,21.89,0.0,1
2024-07-27 01:00:00,300.82,22.75,0.0,1
2024-07-27 02:00:00,292.22,20.13,0.0,1
2024-07-27 03:00:00,358.14,21.52,0.0,1
2024-07-27 04:00:00,473.11,23.54,0.0,1
2024-07-27 05:00:00,501.03,29.14,0.0,1
2024-07-27 06:00:00,527.7,25.56,0.0,1
2024-07-27 07:00:00,565.06,23.46,55.62,1
2024-07-27 08:00:00,618.83,25.6,139.56,1
2024-07-27 09:00:00,717.24,26.84,202.97,1
2024-07-27 10:00:00,647.51,25.36,203.35,1
2024-07-27 11:00:00,753.15,29.32,286.13,1
2024-07-27 12:00:00,822.9,32.24,256.33,1
2024-07-27 13:00:00,753.13,28.73,220.55,1
2024-07-27 14:00:00,768.14,33.55,216.14,1
2024-07-27 15:00:00,754.98,32.25,200.17,1
2024-07-27 16:00:00,695.76,29.31,128.08,1
2024-07-27 17:00:00,634.04,29.7,56.19,1
2024-07-27 18:00:00,581.42,32.15,0.0,1
2024-07-27 19:00:00,531.74,29.21,0.0,1
2024-07-27 20:00:00,434.61,26.47,0.0,1
2024-07-27 21:00:00,404.0,24.68,0.0,1
2024-07-27 22:00:00,384.9,24.1,0.0,1
2024-07-27 23:00:00,240.57,21.89,0.0,1
2024-07-28 00:00:00,264.32,17.85,0.0,1
2024-07-28 01:00:00,299.82,25.64,0.0,1
2024-07-28 02:00:00,384.8,21.7,0.0,1
2024-07-28 03:00:00,350.39,22.35,0.0,1
2024-07-28 04:00:00,418.05,21.94,0.0,1
2024-07-28 05:00:00,441.15,21.38,0.0,1
2024-07-28 06:00:00,495.06,23.51,0.0,1
2024-07-28 07:00:00,527.64,21.89,77.37,1
2024-07-28 08:00:00,729.04,30.94,147.35,1
2024-07-28 09:00:00,697.42,25.21,171.0,1
2024-07-28 10:00:00,770.01,26.82,229.9,1
2024-07-28 11:00:00,764.97,29.04,277.08,1
2024-07-28 12:00:00,820.11,33.29,296.0,1
2024-07-28 13:00:00,778.94,31.24,275.92,1
2024-07-28 14:00:00,735.16,28.91,185.18,1
2024-07-28 15:00:00,732.61,33.72,165.83,1
2024-07-28 16:00:00,703.87,32.18,126.25,1
2024-07-28 17:00:00,622.01,31.0,55.71,1
2024-07-28 18:00:00,594.22,30.32,0.0,1
2024-07-28 19:00:00,557.17,32.47,0.0,1
2024-07-28 20:00:00,494.75,30.76,0.0,1
2024-07-28 21:00:00,417.63,23.72,0.0,1
2024-07-28 22:00:00,377.18,27.13,0.0,1
2024-07-28 23:00:00,341.89,23.62,0.0,1
2024-07-29 00:00:00,481.15,22.99,0.0,0
2024-07-29 01:00:00,420.52,18.1,0.0,0
2024-07-29 02:00:00,465.4,20.98,0.0,0
2024-07-29 03:00:00,449.54,19.86,0.0,0
2024-07-29 04:00:00,542.18,23.64,0.0,0
2024-07-29 05:00:00,564.53,24.92,0.0,0
2024-07-29 06:00:00,609.17,19.67,0.0,0
2024-07-29 07:00:00,708.43,24.98,62.35,0
2024-07-29 08:00:00,786.21,28.56,127.07,0
2024-07-29 09:00:00,839.49,27.24,197.06,0
2024-07-29 10:00:00,845.78,30.28,187.93,0
2024-07-29 11:00:00,939.62,30.56,285.07,0
2024-07-29 12:00:00,935.86,31.33,238.0,0
2024-07-29 13:00:00,897.47,30.61,235.77,0
2024-07-29 14:00:00,858.34,28.89,225.43,0
2024-07-29 15:00:00,842.49,28.9,196.84,0
2024-07-29 16:00:00,858.69,32.07,130.62,0
2024-07-29 17:00:00,753.23,29.89,57.32,0
2024-07-29 18:00:00,689.01,28.54,0.0,0
2024-07-29 19:00:00,616.34,26.76,0.0,0
2024-07-29 20:00:00,601.63,25.71,0.0,0
2024-07-29 21:00:00,520.54,27.12,0.0,0
2024-07-29 22:00:00,457.54,23.15,0.0,0
2024-07-29 23:00:00,444.41,20.1,0.0,0
2024-07-30 00:00:00,437.73,23.41,0.0,0
2024-07-30 01:00:00,445.33,21.01,0.0,0
2024-07-30 02:00:00,417.12,21.31,0.0,0
2024-07-30 03:00:00,499.78,24.63,0.0,0
2024-07-30 04:00:00,555.88,21.88,0.0,0
2024-07-30 05:00:00,564.24,23.29,0.0,0
2024-07-30 06:00:00,610.12,21.39,0.0,0
2024-07-30 07:00:00,703.33,24.51,56.26,0
2024-07-30 08:00:00,749.94,27.47,124.86,0
2024-07-30 09:00:00,775.39,24.43,195.9,0
2024-07-30 10:00:00,867.52,29.15,257.38,0
2024-07-30 11:00:00,894.2,29.99,260.54,0
2024-07-30 12:00:00,938.62,30.66,248.47,0
2024-07-30 13:00:00,963.24,33.15,286.07,0
2024-07-30 14:00:00,870.97,31.92,212.28,0
2024-07-30 15:00:00,884.54,34.03,178.82,0
2024-07-30 16:00:00,802.77,28.59,114.75,0
2024-07-30 17:00:00,790.23,30.06,76.97,0
2024-07-30 18:00:00,707.13,28.92,0.0,0
2024-07-30 19:00:00,609.55,25.4,0.0,0
2024-07-30 20:00:00,598.27,28.16,0.0,0
2024-07-30 21:00:00,571.46,29.6,0.0,0
2024-07-30 22:00:00,440.74,23.71,0.0,0
2024-07-30 23:00:00,448.86,23.72,0.0,0
2024-07-31 00:00:00,456.61,22.01,0.0,0
2024-07-31 01:00:00,400.81,19.92,0.0,0
2024-07-31 02:00:00,414.7,17.53,0.0,0
2024-07-31 03:00:00,451.85,19.93,0.0,0
2024-07-31 04:00:00,432.76,19.06,0.0,0
2024-07-31 05:00:00,609.22,26.05,0.0,0
2024-07-31 06:00:00,641.99,23.44,0.0,0
2024-07-31 07:00:00,680.84,24.19,75.53,0
2024-07-31 08:00:00,750.66,27.95,136.62,0
2024-07-31 09:00:00,771.66,25.23,170.76,0
2024-07-31 10:00:00,863.72,27.14,249.15,0
2024-07-31 11:00:00,940.96,29.85,230.87,0
2024-07-31 12:00:00,960.18,32.56,294.69,0
2024-07-31 13:00:00,879.65,32.01,260.66,0
2024-07-31 14:00:00,911.28,31.67,193.81,0
2024-07-31 15:00:00,836.45,31.16,162.86,0
2024-07-31 16:00:00,798.49,31.31,120.99,0
2024-07-31 17:00:00,741.35,30.11,57.37,0
2024-07-31 18:00:00,683.8,26.61,0.0,0
2024-07-31 19:00:00,647.83,27.56,0.0,0
2024-07-31 20:00:00,537.82,24.03,0.0,0
2024-07-31 21:00:00,506.98,25.04,0.0,0
2024-07-31 22:00:00,465.53,22.71,0.0,0
2024-07-31 23:00:00,498.19,27.72,0.0,0
2024-08-01 00:00:00,446.28,21.69,0.0,0
2024-08-01 01:00:00,359.3,18.46,0.0,0
2024-08-01 02:00:00,435.59,20.83,0.0,0
2024-08-01 03:00:00,454.95,22.31,0.0,0
2024-08-01 04:00:00,549.87,25.11,0.0,0
2024-08-01 05:00:00,556.41,21.38,0.0,0
2024-08-01 06:00:00,603.16,20.43,0.0,0
2024-08-01 07:00:00,696.14,26.44,62.47,0
2024-08-01 08:00:00,696.18,23.34,142.4,0
2024-08-01 09:00:00,754.25,26.52,161.93,0
2024-08-01 10:00:00,850.75,28.08,220.51,0
2024-08-01 11:00:00,877.35,29.49,245.21,0
2024-08-01 12:00:00,901.16,31.81,267.41,0
2024-08-01 13:00:00,921.85,29.56,214.61,0
2024-08-01 14:00:00,857.22,30.55,235.0,0
2024-08-01 15:00:00,885.83,30.9,206.14,0
2024-08-01 16:00:00,847.87,30.73,136.38,0
2024-08-01 17:00:00,701.28,29.83,60.98,0
2024-08-01 18:00:00,697.01,29.47,0.0,0
2024-08-01 19:00:00,629.04,29.08,0.0,0
2024-08-01 20:00:00,496.03,26.88,0.0,0
2024-08-01 21:00:00,479.57,25.71,0.0,0
2024-08-01 22:00:00,450.5,20.43,0.0,0
2024-08-01 23:00:00,483.92,22.66,0.0,0
2024-08-02 00:00:00,449.03,22.65,0.0,0
2024-08-02 01:00:00,441.36,22.65,0.0,0
2024-08-02 02:00:00,422.59,19.63,0.0,0
2024-08-02 03:00:00,499.34,19.87,0.0,0
2024-08-02 04:00:00,559.1,20.54,0.0,0
2024-08-02 05:00:00,569.11,23.55,0.0,0
2024-08-02 06:00:00,605.85,25.59,0.0,0
2024-08-02 07:00:00,638.39,23.91,73.14,0
2024-08-02 08:00:00,811.38,27.83,116.15,0
2024-08-02 09:00:00,815.83,27.56,160.54,0
2024-08-02 10:00:00,860.47,28.27,251.14,0
2024-08-02 11:00:00,839.72,29.13,286.21,0
2024-08-02 12:00:00,899.58,31.84,269.93,0
2024-08-02 13:00:00,900.78,31.5,235.36,0
2024-08-02 14:00:00,934.09,35.57,197.97,0
2024-08-02 15:00:00,822.88,29.14,177.38,0
2024-08-02 16:00:00,787.9,31.38,123.87,0
2024-08-02 17:00:00,717.1,28.49,59.01,0
2024-08-02 18:00:00,698.0,26.78,0.0,0
2024-08-02 19:00:00,627.25,27.29,0.0,0
2024-08-02 20:00:00,578.23,26.29,0.0,0
2024-08-02 21:00:00,541.7,30.56,0.0,0
2024-08-02 22:00:00,384.44,23.15,0.0,0
2024-08-02 23:00:00,395.95,20.22,0.0,0
2024-08-03 00:00:00,279.83,22.15,0.0,1
2024-08-03 01:00:00,285.99,16.96,0.0,1
2024-08-03 02:00:00,396.44,20.75,0.0,1
2024-08-03 03:00:00,367.32,21.14,0.0,1
2024-08-03 04:00:00,480.33,23.19,0.0,1
2024-08-03 05:00:00,485.91,24.35,0.0,1
2024-08-03 06:00:00,488.52,22.43,0.0,1
2024-08-03 07:00:00,583.85,24.34,74.33,1
2024-08-03 08:00:00,668.53,24.4,109.89,1
2024-08-03 09:00:00,716.88,24.97,191.21,1
2024-08-03 10:00:00,729.36,29.05,258.82,1
2024-08-03 11:00:00,748.74,26.92,255.76,1
2024-08-03 12:00:00,738.62,29.43,254.17,1
2024-08-03 13:00:00,781.53,28.77,280.37,1
2024-08-03 14:00:00,812.37,32.03,217.9,1
2024-08-03 15:00:00,766.08,34.37,159.98,1
2024-08-03 16:00:00,639.93,27.66,133.01,1
2024-08-03 17:00:00,598.4,25.76,69.43,1
2024-08-03 18:00:00,572.28,28.18,0.0,1
2024-08-03 19:00:00,502.86,27.26,0.0,1
2024-08-03 20:00:00,448.18,26.37,0.0,1
2024-08-03 21:00:00,371.71,23.75,0.0,1
2024-08-03 22:00:00,362.02,23.03,0.0,1
2024-08-03 23:00:00,336.56,23.13,0.0,1
2024-08-04 00:00:00,291.4,23.6,0.0,1
2024-08-04 01:00:00,250.47,17.11,0.0,1
2024-08-04 02:00:00,301.53,20.11,0.0,1
2024-08-04 03:00:00,371.45,21.45,0.0,1
2024-08-04 04:00:00,380.51,19.68,0.0,1
2024-08-04 05:00:00,469.9,25.77,0.0,1
2024-08-04 06:00:00,507.3,22.08,0.0,1
2024-08-04 07:00:00,568.2,24.47,55.42,1
2024-08-04 08:00:00,671.61,26.96,123.31,1
2024-08-04 09:00:00,689.34,25.96,172.28,1
2024-08-04 10:00:00,691.87,24.65,226.0,1
2024-08-04 11:00:00,764.23,28.53,260.02,1
2024-08-04 12:00:00,835.24,32.24,280.86,1
2024-08-04 13:00:00,758.98,30.0,237.27,1
2024-08-04 14:00:00,754.82,29.15,185.41,1
2024-08-04 15:00:00,744.94,32.53,189.24,1
2024-08-04 16:00:00,685.83,29.52,110.26,1
2024-08-04 17:00:00,599.03,28.36,74.18,1
2024-08-04 18:00:00,569.22,28.65,0.0,1
2024-08-04 19:00:00,542.76,28.68,0.0,1
2024-08-04 20:00:00,462.68,30.61,0.0,1
2024-08-04 21:00:00,367.42,26.21,0.0,1
2024-08-04 22:00:00,331.18,25.67,0.0,1
2024-08-04 23:00:00,270.55,21.3,0.0,1
2024-08-05 00:00:00,408.64,19.38,0.0,0
2024-08-05 01:00:00,382.19,21.05,0.0,0
2024-08-05 02:00:00,429.07,20.97,0.0,0
2024-08-05 03:00:00,461.74,18.77,0.0,0
2024-08-05 04:00:00,521.18,21.08,0.0,0
2024-08-05 05:00:00,568.8,23.02,0.0,0
2024-08-05 06:00:00,644.56,23.98,0.0,0
2024-08-05 07:00:00,709.16,25.47,61.11,0
2024-08-05 08:00:00,757.79,26.34,117.73,0
2024-08-05 09:00:00,796.53,26.04,197.16,0
2024-08-05 10:00:00,901.39,27.23,199.78,0
2024-08-05 11:00:00,882.37,26.9,288.07,0
2024-08-05 12:00:00,998.59,33.66,235.55,0
2024-08-05 13:00:00,886.9,30.61,280.91,0
2024-08-05 14:00:00,874.16,30.31,202.94,0
2024-08-05 15:00:00,795.41,28.73,178.59,0
2024-08-05 16:00:00,839.35,35.96,130.32,0
2024-08-05 17:00:00,770.78,27.15,61.56,0
2024-08-05 18:00:00,660.95,27.4,0.0,0
2024-08-05 19:00:00,675.05,27.88,0.0,0
2024-08-05 20:00:00,538.49,26.96,0.0,0
2024-08-05 21:00:00,496.03,26.38,0.0,0
2024-08-05 22:00:00,486.99,26.87,0.0,0
2024-08-05 23:00:00,437.56,23.23,0.0,0
2024-08-06 00:00:00,415.3,19.22,0.0,0
2024-08-06 01:00:00,421.29,20.32,0.0,0
2024-08-06 02:00:00,429.19,21.28,0.0,0
2024-08-06 03:00:00,504.96,24.97,0.0,0
2024-08-06 04:00:00,477.41,18.54,0.0,0
2024-08-06 05:00:00,570.71,24.53,0.0,0
2024-08-06 06:00:00,613.04,23.52,0.0,0
2024-08-06 07:00:00,737.92,26.05,67.15,0
2024-08-06 08:00:00,708.9,25.46,118.6,0
2024-08-06 09:00:00,834.59,25.27,198.15,0
2024-08-06 10:00:00,861.29,29.67,183.72,0
2024-08-06 11:00:00,878.96,30.51,262.08,0
2024-08-06 12:00:00,937.88,31.94,252.08,0
2024-08-06 13:00:00,934.99,30.47,288.13,0
2024-08-06 14:00:00,895.79,29.46,190.84,0
2024-08-06 15:00:00,827.73,27.38,161.93,0
2024-08-06 16:00:00,843.5,31.63,141.2,0
2024-08-06 17:00:00,709.33,30.05,55.91,0
2024-08-06 18:00:00,649.28,26.23,0.0,0
2024-08-06 19:00:00,584.27,25.88,0.0,0
2024-08-06 20:00:00,577.92,24.73,0.0,0
2024-08-06 21:00:00,463.04,21.4,0.0,0
2024-08-06 22:00:00,463.22,21.53,0.0,0
2024-08-06 23:00:00,418.82,19.86,0.0,0
2024-08-07 00:00:00,382.57,20.41,0.0,0
2024-08-07 01:00:00,384.75,19.26,0.0,0
2024-08-07 02:00:00,446.0,17.31,0.0,0
2024-08-07 03:00:00,487.03,24.78,0.0,0
2024-08-07 04:00:00,540.55,23.74,0.0,0
2024-08-07 05:00:00,533.42,20.47,0.0,0
2024-08-07 06:00:00,628.28,23.61,0.0,0
2024-08-07 07:00:00,701.7,25.11,58.04,0
2024-08-07 08:00:00,759.93,27.95,106.76,0
2024-08-07 09:00:00,769.66,25.23,186.33,0
2024-08-07 10:00:00,882.89,30.25,242.29,0
2024-08-07 11:00:00,852.15,28.01,288.1,0
2024-08-07 12:00:00,852.0,27.23,278.64,0
2024-08-07 13:00:00,888.17,31.85,228.93,0
2024-08-07 14:00:00,902.75,33.15,188.76,0
2024-08-07 15:00:00,920.75,35.57,206.18,0
2024-08-07 16:00:00,812.65,27.5,125.1,0
2024-08-07 17:00:00,738.63,30.5,61.44,0
2024-08-07 18:00:00,726.24,27.25,0.0,0
2024-08-07 19:00:00,607.41,28.43,0.0,0
2024-08-07 20:00:00,553.36,22.63,0.0,0
2024-08-07 21:00:00,458.02,21.75,0.0,0
2024-08-07 22:00:00,420.19,21.52,0.0,0
2024-08-07 23:00:00,410.1,22.19,0.0,0
2024-08-08 00:00:00,397.25,19.86,0.0,0
2024-08-08 01:00:00,440.89,21.96,0.0,0
2024-08-08 02:00:00,468.77,22.52,0.0,0
2024-08-08 03:00:00,453.36,21.84,0.0,0
2024-08-08 04:00:00,519.02,24.38,0.0,0
2024-08-08 05:00:00,552.97,22.76,0.0,0
2024-08-08 06:00:00,602.57,20.54,0.0,0
2024-08-08 07:00:00,715.52,26.9,62.55,0
2024-08-08 08:00:00,718.83,24.26,146.69,0
2024-08-08 09:00:00,834.0,28.58,193.84,0
2024-08-08 10:00:00,940.93,31.12,215.41,0
2024-08-08 11:00:00,879.74,29.92,262.08,0
2024-08-08 12:00:00,857.23,26.81,262.38,0
2024-08-08 13:00:00,891.8,28.46,227.81,0
2024-08-08 14:00:00,890.38,33.11,259.09,0
2024-08-08 15:00:00,857.75,29.96,194.54,0
2024-08-08 16:00:00,781.62,29.96,143.59,0
2024-08-08 17:00:00,802.79,30.52,74.67,0
2024-08-08 18:00:00,702.23,29.36,0.0,0
2024-08-08 19:00:00,605.94,27.32,0.0,0
2024-08-08 20:00:00,535.8,25.05,0.0,0
2024-08-08 21:00:00,481.23,23.55,0.0,0
2024-08-08 22:00:00,507.96,24.68,0.0,0
2024-08-08 23:00:00,405.5,23.04,0.0,0
2024-08-09 00:00:00,388.52,20.52,0.0,0
2024-08-09 01:00:00,419.78,22.7,0.0,0
2024-08-09 02:00:00,427.49,20.11,0.0,0
2024-08-09 03:00:00,440.14,18.83,0.0,0
2024-08-09 04:00:00,457.9,19.52,0.0,0
2024-08-09 05:00:00,536.97,19.87,0.0,0
2024-08-09 06:00:00,620.73,22.32,0.0,0
2024-08-09 07:00:00,701.46,26.54,71.65,0
2024-08-09 08:00:00,754.73,23.76,132.57,0
2024-08-09 09:00:00,834.78,27.04,208.81,0
2024-08-09 10:00:00,836.78,26.55,222.5,0
2024-08-09 11:00:00,882.76,28.38,225.45,0
2024-08-09 12:00:00,812.74,26.68,253.76,0
2024-08-09 13:00:00,880.21,29.75,283.53,0
2024-08-09 14:00:00,898.12,29.98,225.5,0
2024-08-09 15:00:00,843.6,31.28,167.02,0
2024-08-09 16:00:00,783.0,30.14,147.39,0
2024-08-09 17:00:00,773.76,26.51,76.25,0
2024-08-09 18:00:00,745.82,30.03,0.0,0
2024-08-09 19:00:00,630.74,27.08,0.0,0
2024-08-09 20:00:00,586.1,25.76,0.0,0
2024-08-09 21:00:00,443.47,24.05,0.0,0
2024-08-09 22:00:00,425.42,21.83,0.0,0
2024-08-09 23:00:00,417.73,22.27,0.0,0
2024-08-10 00:00:00,292.92,21.88,0.0,1
2024-08-10 01:00:00,265.19,16.94,0.0,1
2024-08-10 02:00:00,234.88,19.18,0.0,1
2024-08-10 03:00:00,347.44,19.92,0.0,1
2024-08-10 04:00:00,408.02,21.44,0.0,1
2024-08-10 05:00:00,509.4,24.11,0.0,1
2024-08-10 06:00:00,472.47,21.22,0.0,1
2024-08-10 07:00:00,539.72,22.97,72.96,1
2024-08-10 08:00:00,555.36,24.24,119.28,1
2024-08-10 09:00:00,663.6,24.95,159.58,1
2024-08-10 10:00:00,746.4,27.07,204.01,1
2024-08-10 11:00:00,761.27,30.34,233.64,1
2024-08-10 12:00:00,808.42,27.48,217.52,1
2024-08-10 13:00:00,776.23,30.95,284.7,1
2024-08-10 14:00:00,725.45,26.86,246.75,1
2024-08-10 15:00:00,677.02,28.97,185.76,1
2024-08-10 16:00:00,676.5,28.93,133.24,1
2024-08-10 17:00:00,603.74,32.15,67.91,1
2024-08-10 18:00:00,569.46,27.21,0.0,1
2024-08-10 19:00:00,467.87,22.15,0.0,1
2024-08-10 20:00:00,426.61,21.26,0.0,1
2024-08-10 21:00:00,353.43,24.03,0.0,1
2024-08-10 22:00:00,350.69,23.99,0.0,1
2024-08-10 23:00:00,325.67,22.48,0.0,1
2024-08-11 00:00:00,302.63,21.16,0.0,1
2024-08-11 01:00:00,291.65,22.65,0.0,1
2024-08-11 02:00:00,237.73,19.07,0.0,1
2024-08-11 03:00:00,368.38,22.11,0.0,1
2024-08-11 04:00:00,360.61,17.56,0.0,1
2024-08-11 05:00:00,412.14,19.81,0.0,1
2024-08-11 06:00:00,489.48,19.04,0.0,1
2024-08-11 07:00:00,563.73,23.31,70.13,1
2024-08-11 08:00:00,597.62,25.06,136.03,1
2024-08-11 09:00:00,639.88,26.67,204.22,1
2024-08-11 10:00:00,702.74,27.78,187.06,1
2024-08-11 11:00:00,801.34,26.83,234.3,1
2024-08-11 12:00:00,789.09,29.1,297.57,1
2024-08-11 13:00:00,747.77,26.99,232.2,1
2024-08-11 14:00:00,777.45,32.88,224.96,1
2024-08-11 15:00:00,708.98,29.37,150.24,1
2024-08-11 16:00:00,694.23,28.5,113.14,1
2024-08-11 17:00:00,638.16,31.87,73.66,1
2024-08-11 18:00:00,546.1,25.17,0.0,1
2024-08-11 19:00:00,461.48,24.2,0.0,1
2024-08-11 20:00:00,458.1,22.96,0.0,1
2024-08-11 21:00:00,394.36,23.72,0.0,1
2024-08-11 22:00:00,373.09,23.52,0.0,1
2024-08-11 23:00:00,303.17,23.1,0.0,1
2024-08-12 00:00:00,485.0,25.85,0.0,0
2024-08-12 01:00:00,401.88,15.71,0.0,0
2024-08-12 02:00:00,442.13,21.26,0.0,0
2024-08-12 03:00:00,490.42,19.1,0.0,0
2024-08-12 04:00:00,469.31,19.54,0.0,0
2024-08-12 05:00:00,555.97,20.27,0.0,0
2024-08-12 06:00:00,618.18,20.72,0.0,0
2024-08-12 07:00:00,735.92,27.12,77.01,0
2024-08-12 08:00:00,755.98,26.73,145.37,0
2024-08-12 09:00:00,857.39,26.38,204.74,0
2024-08-12 10:00:00,843.26,30.24,218.65,0
2024-08-12 11:00:00,885.17,25.55,235.87,0
2024-08-12 12:00:00,897.47,26.71,263.66,0
2024-08-12 13:00:00,895.85,25.51,264.68,0
2024-08-12 14:00:00,819.92,28.64,196.73,0
2024-08-12 15:00:00,821.64,30.19,207.79,0
2024-08-12 16:00:00,833.06,29.58,137.39,0
2024-08-12 17:00:00,693.59,28.88,76.73,0
2024-08-12 18:00:00,607.03,24.72,0.0,0
2024-08-12 19:00:00,615.44,27.94,0.0,0
2024-08-12 20:00:00,560.0,25.52,0.0,0
2024-08-12 21:00:00,550.51,25.21,0.0,0
2024-08-12 22:00:00,409.72,18.76,0.0,0
2024-08-12 23:00:00,412.89,22.13,0.0,0
2024-08-13 00:00:00,389.99,18.22,0.0,0
2024-08-13 01:00:00,411.57,19.3,0.0,0
2024-08-13 02:00:00,447.78,21.0,0.0,0
2024-08-13 03:00:00,456.92,20.28,0.0,0
2024-08-13 04:00:00,440.05,18.89,0.0,0
2024-08-13 05:00:00,539.33,21.4,0.0,0
2024-08-13 06:00:00,629.14,19.36,0.0,0
2024-08-13 07:00:00,715.77,25.93,64.38,0
2024-08-13 08:00:00,737.09,24.52,110.39,0
2024-08-13 09:00:00,853.95,28.46,159.7,0
2024-08-13 10:00:00,808.68,26.37,253.59,0
2024-08-13 11:00:00,861.7,27.41,271.76,0
2024-08-13 12:00:00,880.72,27.73,286.93,0
2024-08-13 13:00:00,897.23,31.51,217.56,0
2024-08-13 14:00:00,860.8,28.51,192.59,0
2024-08-13 15:00:00,847.18,31.05,178.53,0
2024-08-13 16:00:00,749.93,28.49,145.31,0
2024-08-13 17:00:00,701.4,24.51,74.49,0
2024-08-13 18:00:00,629.65,26.29,0.0,0
2024-08-13 19:00:00,591.0,23.86,0.0,0
2024-08-13 20:00:00,584.29,24.99,0.0,0
2024-08-13 21:00:00,464.07,21.25,0.0,0
2024-08-13 22:00:00,440.29,24.28,0.0,0
2024-08-13 23:00:00,415.73,21.21,0.0,0
2024-08-14 00:00:00,380.44,20.12,0.0,0
2024-08-14 01:00:00,434.59,21.29,0.0,0
2024-08-14 02:00:00,440.46,21.74,0.0,0
2024-08-14 03:00:00,500.71,19.94,0.0,0
2024-08-14 04:00:00,518.44,18.94,0.0,0
2024-08-14 05:00:00,527.16,17.73,0.0,0
2024-08-14 06:00:00,627.26,20.94,0.0,0
2024-08-14 07:00:00,664.74,22.28,61.44,0
2024-08-14 08:00:00,751.08,25.02,133.77,0
2024-08-14 09:00:00,786.51,25.41,191.7,0
2024-08-14 10:00:00,879.21,28.68,259.71,0
2024-08-14 11:00:00,900.19,27.12,284.25,0
2024-08-14 12:00:00,910.21,29.02,243.91,0
2024-08-14 13:00:00,936.3,32.01,245.04,0
2024-08-14 14:00:00,901.21,30.49,225.92,0
2024-08-14 15:00:00,850.39,29.52,159.47,0
2024-08-14 16:00:00,750.87,27.94,127.32,0
2024-08-14 17:00:00,765.07,27.08,68.69,0
2024-08-14 18:00:00,701.19,25.61,0.0,0
2024-08-14 19:00:00,592.6,25.02,0.0,0
2024-08-14 20:00:00,553.93,26.32,0.0,0
2024-08-14 21:00:00,504.6,23.07,0.0,0
2024-08-14 22:00:00,436.66,19.61,0.0,0
2024-08-14 23:00:00,449.86,24.81,0.0,0
2024-08-15 00:00:00,378.73,21.0,0.0,0
2024-08-15 01:00:00,404.01,17.04,0.0,0
2024-08-15 02:00:00,428.63,18.8,0.0,0
2024-08-15 03:00:00,477.53,20.08,0.0,0
2024-08-15 04:00:00,546.41,23.77,0.0,0
2024-08-15 05:00:00,530.83,18.94,0.0,0
2024-08-15 06:00:00,666.26,24.14,0.0,0
2024-08-15 07:00:00,715.34,26.19,66.07,0
2024-08-15 08:00:00,722.69,23.43,123.29,0
2024-08-15 09:00:00,791.18,25.43,154.92,0
2024-08-15 10:00:00,780.71,25.12,244.37,0
2024-08-15 11:00:00,866.8,27.82,281.24,0
2024-08-15 12:00:00,906.66,28.95,237.84,0
2024-08-15 13:00:00,910.05,30.84,218.24,0
2024-08-15 14:00:00,929.91,31.87,193.52,0
2024-08-15 15:00:00,815.07,28.02,171.3,0
2024-08-15 16:00:00,763.02,25.08,112.51,0
2024-08-15 17:00:00,753.4,28.18,61.32,0
2024-08-15 18:00:00,736.33,27.78,0.0,0
2024-08-15 19:00:00,616.67,26.48,0.0,0
2024-08-15 20:00:00,514.25,24.04,0.0,0
2024-08-15 21:00:00,516.22,23.64,0.0,0
2024-08-15 22:00:00,525.63,25.22,0.0,0
2024-08-15 23:00:00,417.91,21.92,0.0,0
2024-08-16 00:00:00,415.91,19.49,0.0,0
2024-08-16 01:00:00,424.88,18.74,0.0,0
2024-08-16 02:00:00,444.48,19.23,0.0,0
2024-08-16 03:00:00,491.81,23.01,0.0,0
2024-08-16 04:00:00,481.22,19.87,0.0,0
2024-08-16 05:00:00,556.11,20.99,0.0,0
2024-08-16 06:00:00,622.47,21.1,0.0,0
2024-08-16 07:00:00,729.16,25.47,58.53,0
2024-08-16 08:00:00,793.2,28.48,131.26,0
2024-08-16 09:00:00,799.53,26.76,165.65,0
2024-08-16 10:00:00,859.4,27.23,237.37,0
2024-08-16 11:00:00,896.43,28.17,284.95,0
2024-08-16 12:00:00,850.76,24.13,239.16,0
2024-08-16 13:00:00,881.13,30.89,233.38,0
2024-08-16 14:00:00,867.01,29.83,197.33,0
2024-08-16 15:00:00,867.63,30.25,172.92,0
2024-08-16 16:00:00,740.15,27.47,142.94,0
2024-08-16 17:00:00,672.75,27.33,57.77,0
2024-08-16 18:00:00,700.13,26.24,0.0,0
2024-08-16 19:00:00,640.05,27.9,0.0,0
2024-08-16 20:00:00,553.25,23.81,0.0,0
2024-08-16 21:00:00,506.02,27.44,0.0,0
2024-08-16 22:00:00,474.5,22.93,0.0,0
2024-08-16 23:00:00,398.48,18.48,0.0,0
2024-08-17 00:00:00,238.91,19.85,0.0,1
2024-08-17 01:00:00,305.48,18.31,0.0,1
2024-08-17 02:00:00,320.26,15.05,0.0,1
2024-08-17 03:00:00,356.76,22.81,0.0,1
2024-08-17 04:00:00,385.7,21.52,0.0,1
2024-08-17 05:00:00,397.56,21.97,0.0,1
2024-08-17 06:00:00,517.53,22.27,0.0,1
2024-08-17 07:00:00,542.12,20.38,69.69,1
2024-08-17 08:00:00,609.87,23.47,119.29,1
2024-08-17 09:00:00,727.55,27.42,203.92,1
2024-08-17 10:00:00,666.98,24.84,197.37,1
2024-08-17 11:00:00,687.38,22.91,210.27,1
2024-08-17 12:00:00,741.9,28.32,268.13,1
2024-08-17 13:00:00,756.07,28.99,228.42,1
2024-08-17 14:00:00,751.99,29.71,248.26,1
2024-08-17 15:00:00,739.43,30.73,168.17,1
2024-08-17 16:00:00,671.77,30.04,149.03,1
2024-08-17 17:00:00,594.75,28.49,74.13,1
2024-08-17 18:00:00,615.45,29.33,0.0,1
2024-08-17 19:00:00,515.48,22.7,0.0,1
2024-08-17 20:00:00,438.07,25.45,0.0,1
2024-08-17 21:00:00,363.64,24.4,0.0,1
2024-08-17 22:00:00,338.28,19.46,0.0,1
2024-08-17 23:00:00,231.67,17.9,0.0,1
2024-08-18 00:00:00,256.51,18.49,0.0,1
2024-08-18 01:00:00,250.99,18.16,0.0,1
2024-08-18 02:00:00,285.98,20.82,0.0,1
2024-08-18 03:00:00,314.09,18.25,0.0,1
2024-08-18 04:00:00,341.07,18.27,0.0,1
2024-08-18 05:00:00,424.07,19.55,0.0,1
2024-08-18 06:00:00,521.16,24.05,0.0,1
2024-08-18 07:00:00,546.65,23.04,58.54,1
2024-08-18 08:00:00,610.26,23.95,113.85,1
2024-08-18 09:00:00,669.49,25.38,173.03,1
2024-08-18 10:00:00,767.4,29.39,225.6,1
2024-08-18 11:00:00,732.95,26.35,287.51,1
2024-08-18 12:00:00,813.33,31.27,270.55,1
2024-08-18 13:00:00,783.44,29.56,253.21,1
2024-08-18 14:00:00,757.39,28.99,221.94,1
2024-08-18 15:00:00,797.53,34.14,152.99,1
2024-08-18 16:00:00,617.31,26.53,145.11,1
2024-08-18 17:00:00,591.32,27.14,65.56,1
2024-08-18 18:00:00,567.54,24.35,0.0,1
2024-08-18 19:00:00,496.9,27.51,0.0,1
2024-08-18 20:00:00,386.51,27.69,0.0,1
2024-08-18 21:00:00,397.06,26.36,0.0,1
2024-08-18 22:00:00,352.75,24.26,0.0,1
2024-08-18 23:00:00,225.18,20.38,0.0,1
2024-08-19 00:00:00,424.53,19.12,0.0,0
2024-08-19 01:00:00,388.9,16.01,0.0,0
2024-08-19 02:00:00,467.51,23.25,0.0,0
2024-08-19 03:00:00,455.8,20.29,0.0,0
2024-08-19 04:00:00,456.44,18.86,0.0,0
2024-08-19 05:00:00,554.47,23.3,0.0,0
2024-08-19 06:00:00,573.95,19.73,0.0,0
2024-08-19 07:00:00,715.88,23.7,70.73,0
2024-08-19 08:00:00,734.65,23.83,146.88,0
2024-08-19 09:00:00,795.88,26.75,193.94,0
2024-08-19 10:00:00,815.36,26.55,252.59,0
2024-08-19 11:00:00,871.21,24.81,246.36,0
2024-08-19 12:00:00,923.2,28.66,236.25,0
2024-08-19 13:00:00,933.86,31.11,224.48,0
2024-08-19 14:00:00,876.72,29.12,255.17,0
2024-08-19 15:00:00,854.25,30.56,190.5,0
2024-08-19 16:00:00,733.78,26.42,137.03,0
2024-08-19 17:00:00,722.24,27.66,75.22,0
2024-08-19 18:00:00,637.2,25.43,0.0,0
2024-08-19 19:00:00,572.27,26.97,0.0,0
2024-08-19 20:00:00,568.84,24.24,0.0,0
2024-08-19 21:00:00,483.83,24.26,0.0,0
2024-08-19 22:00:00,495.23,23.85,0.0,0
2024-08-19 23:00:00,449.12,22.03,0.0,0
2024-08-20 00:00:00,416.52,20.26,0.0,0
2024-08-20 01:00:00,409.95,17.22,0.0,0
2024-08-20 02:00:00,401.8,19.04,0.0,0
2024-08-20 03:00:00,486.51,18.15,0.0,0
2024-08-20 04:00:00,491.34,19.03,0.0,0
2024-08-20 05:00:00,553.38,19.76,0.0,0
2024-08-20 06:00:00,579.62,19.58,0.0,0
2024-08-20 07:00:00,616.84,18.84,54.63,0
2024-08-20 08:00:00,739.01,22.71,114.3,0
2024-08-20 09:00:00,804.11,25.73,187.92,0
2024-08-20 10:00:00,791.95,23.85,214.92,0
2024-08-20 11:00:00,833.34,27.61,235.59,0
2024-08-20 12:00:00,890.0,32.18,225.95,0
2024-08-20 13:00:00,932.29,30.92,225.76,0
2024-08-20 14:00:00,881.19,32.33,215.44,0
2024-08-20 15:00:00,829.51,29.66,169.55,0
2024-08-20 16:00:00,843.35,30.71,116.43,0
2024-08-20 17:00:00,685.03,26.13,74.54,0
2024-08-20 18:00:00,634.38,25.26,0.0,0
2024-08-20 19:00:00,527.62,19.86,0.0,0
2024-08-20 20:00:00,604.62,26.42,0.0,0
2024-08-20 21:00:00,566.72,25.83,0.0,0
2024-08-20 22:00:00,449.96,20.44,0.0,0
2024-08-20 23:00:00,426.41,20.0,0.0,0
2024-08-21 00:00:00,366.19,18.07,0.0,0
2024-08-21 01:00:00,453.93,19.84,0.0,0
2024-08-21 02:00:00,445.06,21.16,0.0,0
2024-08-21 03:00:00,483.98,15.59,0.0,0
2024-08-21 04:00:00,501.32,20.4,0.0,0
2024-08-21 05:00:00,539.72,19.82,0.0,0
2024-08-21 06:00:00,657.92,21.63,0.0,0
2024-08-21 07:00:00,700.57,23.53,57.67,0
2024-08-21 08:00:00,771.59,23.53,136.32,0
2024-08-21 09:00:00,797.75,24.99,160.53,0
2024-08-21 10:00:00,811.79,25.98,188.78,0
2024-08-21 11:00:00,872.44,29.38,283.44,0
2024-08-21 12:00:00,893.32,29.08,231.92,0
2024-08-21 13:00:00,869.3,29.18,267.58,0
2024-08-21 14:00:00,809.17,26.37,246.14,0
2024-08-21 15:00:00,851.26,27.98,173.88,0
2024-08-21 16:00:00,786.73,30.03,118.25,0
2024-08-21 17:00:00,730.4,27.52,68.45,0
2024-08-21 18:00:00,684.67,27.73,0.0,0
2024-08-21 19:00:00,620.88,28.73,0.0,0
2024-08-21 20:00:00,596.12,25.98,0.0,0
2024-08-21 21:00:00,458.65,22.8,0.0,0
2024-08-21 22:00:00,437.19,20.39,0.0,0
2024-08-21 23:00:00,420.32,15.26,0.0,0
2024-08-22 00:00:00,389.65,19.1,0.0,0
2024-08-22 01:00:00,357.25,18.29,0.0,0
2024-08-22 02:00:00,444.05,19.55,0.0,0
2024-08-22 03:00:00,463.47,18.63,0.0,0
2024-08-22 04:00:00,471.08,18.8,0.0,0
2024-08-22 05:00:00,559.19,16.67,0.0,0
2024-08-22 06:00:00,603.25,19.39,0.0,0
2024-08-22 07:00:00,654.02,23.43,71.32,0
2024-08-22 08:00:00,750.65,27.2,130.87,0
2024-08-22 09:00:00,818.55,24.87,198.93,0
2024-08-22 10:00:00,850.17,26.92,210.47,0
2024-08-22 11:00:00,871.16,29.21,252.78,0
2024-08-22 12:00:00,843.3,26.48,298.55,0
2024-08-22 13:00:00,873.61,29.33,287.33,0
2024-08-22 14:00:00,834.96,27.29,223.09,0
2024-08-22 15:00:00,823.54,30.33,200.47,0
2024-08-22 16:00:00,740.46,28.4,123.67,0
2024-08-22 17:00:00,759.27,27.9,68.14,0
2024-08-22 18:00:00,671.29,24.7,0.0,0
2024-08-22 19:00:00,581.16,26.48,0.0,0
2024-08-22 20:00:00,582.78,27.94,0.0,0
2024-08-22 21:00:00,440.6,20.46,0.0,0
2024-08-22 22:00:00,426.14,20.59,0.0,0
2024-08-22 23:00:00,405.15,20.7,0.0,0
2024-08-23 00:00:00,397.99,20.87,0.0,0
2024-08-23 01:00:00,440.12,17.68,0.0,0
2024-08-23 02:00:00,446.19,12.96,0.0,0
2024-08-23 03:00:00,453.51,21.51,0.0,0
2024-08-23 04:00:00,489.1,20.82,0.0,0
2024-08-23 05:00:00,568.29,16.6,0.0,0
2024-08-23 06:00:00,557.8,19.91,0.0,0
2024-08-23 07:00:00,687.38,25.47,68.78,0
2024-08-23 08:00:00,801.38,26.52,114.37,0
2024-08-23 09:00:00,815.49,26.8,192.76,0
2024-08-23 10:00:00,835.74,25.77,246.06,0
2024-08-23 11:00:00,919.76,27.33,242.49,0
2024-08-23 12:00:00,883.1,27.69,249.04,0
2024-08-23 13:00:00,882.6,30.71,217.99,0
2024-08-23 14:00:00,834.89,26.87,224.19,0
2024-08-23 15:00:00,781.47,26.84,160.29,0
2024-08-23 16:00:00,831.16,29.98,135.99,0
2024-08-23 17:00:00,736.85,27.07,64.24,0
2024-08-23 18:00:00,716.93,28.88,0.0,0
2024-08-23 19:00:00,614.33,23.58,0.0,0
2024-08-23 20:00:00,524.8,23.52,0.0,0
2024-08-23 21:00:00,439.83,20.49,0.0,0
2024-08-23 22:00:00,436.9,21.14,0.0,0
2024-08-23 23:00:00,373.67,17.13,0.0,0
2024-08-24 00:00:00,265.88,18.18,0.0,1
2024-08-24 01:00:00,317.33,15.78,0.0,1
2024-08-24 02:00:00,301.28,19.87,0.0,1
2024-08-24 03:00:00,343.17,20.08,0.0,1
2024-08-24 04:00:00,380.75,15.69,0.0,1
2024-08-24 05:00:00,474.43,22.61,0.0,1
2024-08-24 06:00:00,523.06,25.98,0.0,1
2024-08-24 07:00:00,499.64,22.28,66.58,1
2024-08-24 08:00:00,613.76,22.2,131.83,1
2024-08-24 09:00:00,750.35,30.42,151.84,1
2024-08-24 10:00:00,697.79,23.34,234.87,1
2024-08-24 11:00:00,727.74,27.06,273.84,1
2024-08-24 12:00:00,733.33,28.17,267.1,1
2024-08-24 13:00:00,795.55,31.0,231.57,1
2024-08-24 14:00:00,748.74,29.2,205.45,1
2024-08-24 15:00:00,691.41,27.31,153.33,1
2024-08-24 16:00:00,684.65,25.91,110.32,1
2024-08-24 17:00:00,571.42,26.33,70.93,1
2024-08-24 18:00:00,564.04,23.97,0.0,1
2024-08-24 19:00:00,477.74,24.87,0.0,1
2024-08-24 20:00:00,357.63,22.35,0.0,1
2024-08-24 21:00:00,326.08,19.2,0.0,1
2024-08-24 22:00:00,365.69,23.49,0.0,1
2024-08-24 23:00:00,267.19,18.95,0.0,1
2024-08-25 00:00:00,238.46,16.47,0.0,1
2024-08-25 01:00:00,264.37,18.17,0.0,1
2024-08-25 02:00:00,270.07,18.47,0.0,1
2024-08-25 03:00:00,360.77,15.01,0.0,1
2024-08-25 04:00:00,396.0,19.67,0.0,1
2024-08-25 05:00:00,384.79,17.7,0.0,1
2024-08-25 06:00:00,504.91,24.26,0.0,1
2024-08-25 07:00:00,581.55,23.09,56.38,1
2024-08-25 08:00:00,583.87,22.53,105.05,1
2024-08-25 09:00:00,625.74,23.14,162.87,1
2024-08-25 10:00:00,679.97,25.62,222.06,1
2024-08-25 11:00:00,762.93,28.09,288.89,1
2024-08-25 12:00:00,763.85,27.61,237.23,1
2024-08-25 13:00:00,733.37,27.73,255.93,1
2024-08-25 14:00:00,737.83,28.45,210.47,1
2024-08-25 15:00:00,729.15,26.96,173.52,1
2024-08-25 16:00:00,625.42,26.98,128.36,1
2024-08-25 17:00:00,509.94,22.7,55.65,1
2024-08-25 18:00:00,569.19,27.78,0.0,1
2024-08-25 19:00:00,477.73,25.23,0.0,1
2024-08-25 20:00:00,380.11,21.79,0.0,1
2024-08-25 21:00:00,413.25,25.84,0.0,1
2024-08-25 22:00:00,337.85,21.01,0.0,1
2024-08-25 23:00:00,214.35,17.73,0.0,1
2024-08-26 00:00:00,389.36,20.57,0.0,0
2024-08-26 01:00:00,456.25,19.15,0.0,0
2024-08-26 02:00:00,431.11,18.97,0.0,0
2024-08-26 03:00:00,460.46,17.5,0.0,0
2024-08-26 04:00:00,526.87,19.75,0.0,0
2024-08-26 05:00:00,539.91,19.12,0.0,0
2024-08-26 06:00:00,637.87,21.8,0.0,0
2024-08-26 07:00:00,650.51,18.08,64.13,0
2024-08-26 08:00:00,736.64,22.32,117.57,0
2024-08-26 09:00:00,812.59,27.92,191.06,0
2024-08-26 10:00:00,819.0,24.15,212.81,0
2024-08-26 11:00:00,833.59,25.51,218.07,0
2024-08-26 12:00:00,866.5,26.62,291.52,0
2024-08-26 13:00:00,819.81,25.58,228.0,0
2024-08-26 14:00:00,791.11,23.77,234.62,0
2024-08-26 15:00:00,809.88,27.55,204.33,0
2024-08-26 16:00:00,754.26,27.79,125.45,0
2024-08-26 17:00:00,705.28,26.61,72.38,0
2024-08-26 18:00:00,649.84,25.39,0.0,0
2024-08-26 19:00:00,603.93,24.56,0.0,0
2024-08-26 20:00:00,576.02,25.23,0.0,0
2024-08-26 21:00:00,462.07,21.51,0.0,0
2024-08-26 22:00:00,455.53,19.54,0.0,0
2024-08-26 23:00:00,421.14,19.09,0.0,0
2024-08-27 00:00:00,411.2,19.86,0.0,0
2024-08-27 01:00:00,420.92,21.03,0.0,0
2024-08-27 02:00:00,427.02,16.78,0.0,0
2024-08-27 03:00:00,472.25,18.4,0.0,0
2024-08-27 04:00:00,524.37,19.38,0.0,0
2024-08-27 05:00:00,566.5,17.51,0.0,0
2024-08-27 06:00:00,606.76,20.57,0.0,0
2024-08-27 07:00:00,653.7,18.81,70.05,0
2024-08-27 08:00:00,728.52,19.49,146.06,0
2024-08-27 09:00:00,776.42,25.06,149.2,0
2024-08-27 10:00:00,812.88,24.76,241.96,0
2024-08-27 11:00:00,863.3,26.97,234.5,0
2024-08-27 12:00:00,895.75,27.33,274.41,0
2024-08-27 13:00:00,875.15,25.91,232.99,0
2024-08-27 14:00:00,846.84,27.94,243.41,0
2024-08-27 15:00:00,757.66,25.39,162.16,0
2024-08-27 16:00:00,807.59,30.14,145.01,0
2024-08-27 17:00:00,667.36,23.86,56.79,0
2024-08-27 18:00:00,614.15,25.14,0.0,0
2024-08-27 19:00:00,539.05,22.24,0.0,0
2024-08-27 20:00:00,549.88,24.17,0.0,0
2024-08-27 21:00:00,503.35,21.07,0.0,0
2024-08-27 22:00:00,422.71,19.49,0.0,0
2024-08-27 23:00:00,424.12,21.2,0.0,0
2024-08-28 00:00:00,415.63,18.61,0.0,0
2024-08-28 01:00:00,359.01,19.08,0.0,0
2024-08-28 02:00:00,440.66,15.91,0.0,0
2024-08-28 03:00:00,465.91,15.24,0.0,0
2024-08-28 04:00:00,501.76,18.76,0.0,0
2024-08-28 05:00:00,523.19,18.7,0.0,0
2024-08-28 06:00:00,595.85,21.63,0.0,0
2024-08-28 07:00:00,669.51,21.42,65.19,0
2024-08-28 08:00:00,774.1,23.29,132.58,0
2024-08-28 09:00:00,772.19,20.92,165.39,0
2024-08-28 10:00:00,852.05,29.15,251.8,0
2024-08-28 11:00:00,820.5,26.08,235.83,0
2024-08-28 12:00:00,843.97,28.6,260.72,0
2024-08-28 13:00:00,886.43,26.03,254.48,0
2024-08-28 14:00:00,834.26,28.49,241.7,0
2024-08-28 15:00:00,784.29,25.1,210.2,0
2024-08-28 16:00:00,814.14,28.11,111.85,0
2024-08-28 17:00:00,668.42,25.7,70.04,0
2024-08-28 18:00:00,691.66,25.44,0.0,0
2024-08-28 19:00:00,597.56,25.57,0.0,0
2024-08-28 20:00:00,475.4,20.41,0.0,0
2024-08-28 21:00:00,454.53,20.21,0.0,0
2024-08-28 22:00:00,421.65,21.29,0.0,0
2024-08-28 23:00:00,453.21,23.54,0.0,0
2024-08-29 00:00:00,364.93,18.11,0.0,0
2024-08-29 01:00:00,349.75,19.07,0.0,0
2024-08-29 02:00:00,406.22,17.51,0.0,0
2024-08-29 03:00:00,442.41,21.77,0.0,0
2024-08-29 04:00:00,516.15,14.9,0.0,0
2024-08-29 05:00:00,512.3,19.37,0.0,0
2024-08-29 06:00:00,578.11,16.97,0.0,0
2024-08-29 07:00:00,652.2,16.41,67.62,0
2024-08-29 08:00:00,727.84,23.31,149.7,0
2024-08-29 09:00:00,790.61,24.29,160.74,0
2024-08-29 10:00:00,836.72,24.65,250.23,0
2024-08-29 11:00:00,824.67,26.04,245.45,0
2024-08-29 12:00:00,930.86,33.25,269.74,0
2024-08-29 13:00:00,780.28,27.03,260.04,0
2024-08-29 14:00:00,866.79,28.74,222.6,0
2024-08-29 15:00:00,796.41,26.25,148.68,0
2024-08-29 16:00:00,751.82,27.64,131.62,0
2024-08-29 17:00:00,717.45,25.78,73.4,0
2024-08-29 18:00:00,673.31,24.4,0.0,0
2024-08-29 19:00:00,612.86,27.65,0.0,0
2024-08-29 20:00:00,527.12,25.07,0.0,0
2024-08-29 21:00:00,479.7,21.7,0.0,0
2024-08-29 22:00:00,397.29,15.61,0.0,0
2024-08-29 23:00:00,374.93,18.46,0.0,0
2024-08-30 00:00:00,466.93,23.64,0.0,0
2024-08-30 01:00:00,395.67,17.27,0.0,0
2024-08-30 02:00:00,377.48,19.77,0.0,0
2024-08-30 03:00:00,419.81,20.62,0.0,0
2024-08-30 04:00:00,490.74,18.67,0.0,0
2024-08-30 05:00:00,556.38,17.34,0.0,0
2024-08-30 06:00:00,567.66,15.19,0.0,0
2024-08-30 07:00:00,689.36,22.64,55.21,0
2024-08-30 08:00:00,742.57,20.93,136.14,0
2024-08-30 09:00:00,830.69,24.21,183.5,0
2024-08-30 10:00:00,807.1,22.56,237.65,0
2024-08-30 11:00:00,861.51,25.57,226.45,0
2024-08-30 12:00:00,816.25,26.96,256.29,0
2024-08-30 13:00:00,924.96,27.93,278.27,0
2024-08-30 14:00:00,812.13,25.33,251.69,0
2024-08-30 15:00:00,815.93,29.78,165.97,0
2024-08-30 16:00:00,750.59,25.7,139.33,0
2024-08-30 17:00:00,717.03,22.75,74.44,0
2024-08-30 18:00:00,703.63,24.84,0.0,0
2024-08-30 19:00:00,590.61,23.92,0.0,0
2024-08-30 20:00:00,553.77,22.88,0.0,0
2024-08-30 21:00:00,499.57,23.99,0.0,0
2024-08-30 22:00:00,396.73,19.59,0.0,0
2024-08-30 23:00:00,431.59,18.79,0.0,0
2024-08-31 00:00:00,265.82,15.86,0.0,1
2024-08-31 01:00:00,317.31,19.21,0.0,1
2024-08-31 02:00:00,321.58,17.77,0.0,1
2024-08-31 03:00:00,346.63,16.73,0.0,1
2024-08-31 04:00:00,443.12,14.26,0.0,1
2024-08-31 05:00:00,501.57,21.75,0.0,1
2024-08-31 06:00:00,461.18,17.44,0.0,1
2024-08-31 07:00:00,510.77,19.92,54.68,1
2024-08-31 08:00:00,564.55,23.12,139.43,1
2024-08-31 09:00:00,690.54,21.3,169.51,1
2024-08-31 10:00:00,661.34,21.91,194.21,1
2024-08-31 11:00:00,718.43,21.69,269.46,1
2024-08-31 12:00:00,743.18,28.17,283.11,1
2024-08-31 13:00:00,773.03,26.14,288.8,1
2024-08-31 14:00:00,768.24,33.25,227.7,1
2024-08-31 15:00:00,644.03,25.24,154.89,1
2024-08-31 16:00:00,623.65,24.89,109.37,1
2024-08-31 17:00:00,566.51,24.8,74.67,1
2024-08-31 18:00:00,548.76,25.39,0.0,1
2024-08-31 19:00:00,454.48,22.75,0.0,1
2024-08-31 20:00:00,431.93,23.62,0.0,1
2024-08-31 21:00:00,322.78,19.15,0.0,1
2024-08-31 22:00:00,278.8,17.14,0.0,1
2024-08-31 23:00:00,279.55,15.27,0.0,1
2024-09-01 00:00:00,356.54,13.46,0.0,1
2024-09-01 01:00:00,288.74,16.37,0.0,1
2024-09-01 02:00:00,250.86,16.63,0.0,1
2024-09-01 03:00:00,324.14,16.14,0.0,1
2024-09-01 04:00:00,386.35,20.39,0.0,1
2024-09-01 05:00:00,485.93,21.16,0.0,1
2024-09-01 06:00:00,496.38,19.07,0.0,1
2024-09-01 07:00:00,495.18,17.35,64.28,1
2024-09-01 08:00:00,651.48,21.1,124.01,1
2024-09-01 09:00:00,643.95,22.33,157.9,1
2024-09-01 10:00:00,718.58,23.42,229.43,1
2024-09-01 11:00:00,688.07,24.38,244.89,1
2024-09-01 12:00:00,672.64,25.26,299.02,1
2024-09-01 13:00:00,700.9,26.29,221.14,1
2024-09-01 14:00:00,631.59,25.96,239.58,1
2024-09-01 15:00:00,749.04,27.48,160.17,1
2024-09-01 16:00:00,658.23,27.29,138.05,1
2024-09-01 17:00:00,548.15,23.95,77.39,1
2024-09-01 18:00:00,564.1,27.28,0.0,1
2024-09-01 19:00:00,448.67,21.57,0.0,1
2024-09-01 20:00:00,385.53,19.0,0.0,1
2024-09-01 21:00:00,385.85,21.7,0.0,1
2024-09-01 22:00:00,280.56,18.1,0.0,1
2024-09-01 23:00:00,258.25,19.34,0.0,1
2024-09-02 00:00:00,451.37,12.93,0.0,0
2024-09-02 01:00:00,427.13,20.03,0.0,0
2024-09-02 02:00:00,413.46,18.41,0.0,0
2024-09-02 03:00:00,530.62,14.24,0.0,0
2024-09-02 04:00:00,501.23,14.78,0.0,0
2024-09-02 05:00:00,544.53,21.88,0.0,0
2024-09-02 06:00:00,591.41,18.1,0.0,0
2024-09-02 07:00:00,625.97,19.11,76.2,0
2024-09-02 08:00:00,697.01,17.54,132.06,0
2024-09-02 09:00:00,747.22,22.66,192.88,0
2024-09-02 10:00:00,804.35,24.11,241.07,0
2024-09-02 11:00:00,910.82,27.04,237.22,0
2024-09-02 12:00:00,825.88,23.6,247.03,0
2024-09-02 13:00:00,811.81,23.86,234.95,0
2024-09-02 14:00:00,882.19,27.97,247.42,0
2024-09-02 15:00:00,804.28,28.91,193.95,0
2024-09-02 16:00:00,715.26,23.26,140.56,0
2024-09-02 17:00:00,743.86,27.77,65.06,0
2024-09-02 18:00:00,669.91,24.65,0.0,0
2024-09-02 19:00:00,634.23,25.55,0.0,0
2024-09-02 20:00:00,500.62,21.93,0.0,0
2024-09-02 21:00:00,476.16,15.73,0.0,0
2024-09-02 22:00:00,407.8,19.27,0.0,0
2024-09-02 23:00:00,398.22,20.65,0.0,0
2024-09-03 00:00:00,432.23,15.78,0.0,0
2024-09-03 01:00:00,390.11,16.3,0.0,0
2024-09-03 02:00:00,428.25,16.55,0.0,0
2024-09-03 03:00:00,509.73,11.27,0.0,0
2024-09-03 04:00:00,482.38,20.91,0.0,0
2024-09-03 05:00:00,566.75,16.56,0.0,0
2024-09-03 06:00:00,618.14,20.41,0.0,0
2024-09-03 07:00:00,606.45,20.43,54.69,0
2024-09-03 08:00:00,751.11,24.42,141.46,0
2024-09-03 09:00:00,762.18,24.01,172.04,0
2024-09-03 10:00:00,839.96,23.93,218.07,0
2024-09-03 11:00:00,793.56,23.65,276.36,0
2024-09-03 12:00:00,869.37,27.83,284.9,0
2024-09-03 13:00:00,832.09,22.99,203.78,0
2024-09-03 14:00:00,856.5,28.19,224.52,0
2024-09-03 15:00:00,805.83,24.53,204.13,0
2024-09-03 16:00:00,749.41,28.74,140.33,0
2024-09-03 17:00:00,750.67,25.76,71.39,0
2024-09-03 18:00:00,670.03,25.69,0.0,0
2024-09-03 19:00:00,615.83,23.36,0.0,0
2024-09-03 20:00:00,505.83,18.4,0.0,0
2024-09-03 21:00:00,447.16,18.89,0.0,0
2024-09-03 22:00:00,402.16,20.75,0.0,0
2024-09-03 23:00:00,379.73,18.7,0.0,0
2024-09-04 00:00:00,437.38,19.76,0.0,0
2024-09-04 01:00:00,424.36,17.71,0.0,0
2024-09-04 02:00:00,423.31,14.8,0.0,0
2024-09-04 03:00:00,395.01,15.31,0.0,0
2024-09-04 04:00:00,478.6,17.61,0.0,0
2024-09-04 05:00:00,565.36,13.57,0.0,0
2024-09-04 06:00:00,619.55,22.58,0.0,0
2024-09-04 07:00:00,678.2,21.32,57.97,0
2024-09-04 08:00:00,763.77,24.19,137.12,0
2024-09-04 09:00:00,764.83,19.87,196.72,0
2024-09-04 10:00:00,851.56,26.72,206.69,0
2024-09-04 11:00:00,845.48,29.73,272.81,0
2024-09-04 12:00:00,825.68,23.42,242.41,0
2024-09-04 13:00:00,931.84,28.1,281.57,0
2024-09-04 14:00:00,849.91,26.73,211.47,0
2024-09-04 15:00:00,785.35,23.47,179.46,0
2024-09-04 16:00:00,779.47,27.05,144.87,0
2024-09-04 17:00:00,731.5,26.94,62.53,0
2024-09-04 18:00:00,570.72,23.03,0.0,0
2024-09-04 19:00:00,595.83,25.36,0.0,0
2024-09-04 20:00:00,483.04,18.4,0.0,0
2024-09-04 21:00:00,476.13,17.45,0.0,0
2024-09-04 22:00:00,423.04,19.51,0.0,0
2024-09-04 23:00:00,348.13,18.25,0.0,0
2024-09-05 00:00:00,412.78,15.8,0.0,0
2024-09-05 01:00:00,370.22,18.35,0.0,0
2024-09-05 02:00:00,380.15,17.62,0.0,0
2024-09-05 03:00:00,422.2,18.45,0.0,0
2024-09-05 04:00:00,503.72,16.98,0.0,0
2024-09-05 05:00:00,572.01,19.23,0.0,0
2024-09-05 06:00:00,593.77,18.17,0.0,0
2024-09-05 07:00:00,711.31,24.37,60.8,0
2024-09-05 08:00:00,711.18,19.94,125.16,0
2024-09-05 09:00:00,814.61,27.07,196.8,0
2024-09-05 10:00:00,831.93,24.13,240.03,0
2024-09-05 11:00:00,756.17,22.35,256.49,0
2024-09-05 12:00:00,889.05,28.63,286.95,0
2024-09-05 13:00:00,833.48,26.64,260.42,0
2024-09-05 14:00:00,884.91,28.26,206.47,0
2024-09-05 15:00:00,826.12,28.84,159.26,0
2024-09-05 16:00:00,766.44,26.57,135.03,0
2024-09-05 17:00:00,653.25,23.91,72.2,0
2024-09-05 18:00:00,685.54,26.01,0.0,0
2024-09-05 19:00:00,592.48,22.86,0.0,0
2024-09-05 20:00:00,543.25,22.93,0.0,0
2024-09-05 21:00:00,438.66,15.96,0.0,0
2024-09-05 22:00:00,407.0,19.95,0.0,0
2024-09-05 23:00:00,404.93,16.75,0.0,0
2024-09-06 00:00:00,386.27,20.36,0.0,0
2024-09-06 01:00:00,399.65,17.8,0.0,0
2024-09-06 02:00:00,364.11,16.87,0.0,0
2024-09-06 03:00:00,431.09,17.53,0.0,0
2024-09-06 04:00:00,554.32,15.06,0.0,0
2024-09-06 05:00:00,570.2,21.1,0.0,0
2024-09-06 06:00:00,632.86,22.87,0.0,0
2024-09-06 07:00:00,710.18,20.88,65.6,0
2024-09-06 08:00:00,687.28,24.57,138.82,0
2024-09-06 09:00:00,736.46,21.54,173.53,0
2024-09-06 10:00:00,786.1,22.29,202.37,0
2024-09-06 11:00:00,864.69,25.0,205.11,0
2024-09-06 12:00:00,887.76,26.59,265.79,0
2024-09-06 13:00:00,825.82,25.43,284.17,0
2024-09-06 14:00:00,872.78,27.46,182.8,0
2024-09-06 15:00:00,799.63,26.83,172.43,0
2024-09-06 16:00:00,767.49,23.72,107.41,0
2024-09-06 17:00:00,685.55,25.96,75.23,0
2024-09-06 18:00:00,653.06,25.61,0.0,0
2024-09-06 19:00:00,566.22,23.02,0.0,0
2024-09-06 20:00:00,563.32,23.69,0.0,0
2024-09-06 21:00:00,428.93,17.66,0.0,0
2024-09-06 22:00:00,423.96,19.82,0.0,0
2024-09-06 23:00:00,424.38,15.51,0.0,0
2024-09-07 00:00:00,307.1,14.65,0.0,1
2024-09-07 01:00:00,317.79,15.12,0.0,1
2024-09-07 02:00:00,328.8,14.33,0.0,1
2024-09-07 03:00:00,335.27,15.29,0.0,1
2024-09-07 04:00:00,366.73,16.45,0.0,1
2024-09-07 05:00:00,422.38,19.35,0.0,1
2024-09-07 06:00:00,466.93,18.07,0.0,1
2024-09-07 07:00:00,520.63,16.75,63.43,1
2024-09-07 08:00:00,615.39,23.49,130.96,1
2024-09-07 09:00:00,591.8,20.83,153.6,1
2024-09-07 10:00:00,705.82,23.59,209.79,1
2024-09-07 11:00:00,734.11,25.64,255.12,1
2024-09-07 12:00:00,764.45,25.94,276.28,1
2024-09-07 13:00:00,755.48,28.23,211.08,1
2024-09-07 14:00:00,681.44,27.17,258.54,1
2024-09-07 15:00:00,655.64,24.32,191.33,1
2024-09-07 16:00:00,673.98,29.9,107.54,1
2024-09-07 17:00:00,601.69,25.14,62.41,1
2024-09-07 18:00:00,462.41,23.42,0.0,1
2024-09-07 19:00:00,473.6,24.43,0.0,1
2024-09-07 20:00:00,409.94,21.71,0.0,1
2024-09-07 21:00:00,329.2,20.72,0.0,1
2024-09-07 22:00:00,345.61,23.7,0.0,1
2024-09-07 23:00:00,259.89,17.13,0.0,1
2024-09-08 00:00:00,261.08,16.07,0.0,1
2024-09-08 01:00:00,272.23,16.44,0.0,1
2024-09-08 02:00:00,270.79,18.18,0.0,1
2024-09-08 03:00:00,383.76,13.19,0.0,1
2024-09-08 04:00:00,393.9,12.77,0.0,1
2024-09-08 05:00:00,402.43,16.32,0.0,1
2024-09-08 06:00:00,531.54,15.27,0.0,1
2024-09-08 07:00:00,544.68,18.89,63.7,1
2024-09-08 08:00:00,553.85,22.04,127.15,1
2024-09-08 09:00:00,607.76,20.55,181.73,1
2024-09-08 10:00:00,666.07,20.68,254.98,1
2024-09-08 11:00:00,728.36,24.71,250.27,1
2024-09-08 12:00:00,713.62,27.09,274.12,1
2024-09-08 13:00:00,726.88,22.47,265.91,1
2024-09-08 14:00:00,750.58,27.67,242.47,1
2024-09-08 15:00:00,708.45,27.5,190.97,1
2024-09-08 16:00:00,686.64,27.27,134.11,1
2024-09-08 17:00:00,613.13,27.01,70.45,1
2024-09-08 18:00:00,570.59,27.94,0.0,1
2024-09-08 19:00:00,483.33,21.62,0.0,1
2024-09-08 20:00:00,420.06,21.25,0.0,1
2024-09-08 21:00:00,306.61,18.91,0.0,1
2024-09-08 22:00:00,308.0,18.54,0.0,1
2024-09-08 23:00:00,275.85,20.56,0.0,1
2024-09-09 00:00:00,434.26,13.83,0.0,0
2024-09-09 01:00:00,435.71,14.3,0.0,0
2024-09-09 02:00:00,378.29,18.61,0.0,0
2024-09-09 03:00:00,436.18,18.06,0.0,0
2024-09-09 04:00:00,508.65,15.8,0.0,0
2024-09-09 05:00:00,527.6,19.03,0.0,0
2024-09-09 06:00:00,598.23,19.04,0.0,0
2024-09-09 07:00:00,697.52,22.56,72.34,0
2024-09-09 08:00:00,709.27,21.0,138.98,0
2024-09-09 09:00:00,789.03,24.2,211.84,0
2024-09-09 10:00:00,894.17,28.64,191.16,0
2024-09-09 11:00:00,860.87,25.59,264.05,0
2024-09-09 12:00:00,857.85,25.28,292.23,0
2024-09-09 13:00:00,840.52,27.13,282.22,0
2024-09-09 14:00:00,841.22,25.12,216.47,0
2024-09-09 15:00:00,854.27,30.46,148.94,0
2024-09-09 16:00:00,787.54,25.54,143.47,0
2024-09-09 17:00:00,691.37,23.84,75.33,0
2024-09-09 18:00:00,571.42,21.68,0.0,0
2024-09-09 19:00:00,549.16,24.34,0.0,0
2024-09-09 20:00:00,544.28,22.59,0.0,0
2024-09-09 21:00:00,429.98,18.57,0.0,0
2024-09-09 22:00:00,432.78,19.51,0.0,0
2024-09-09 23:00:00,426.66,14.3,0.0,0
2024-09-10 00:00:00,388.7,16.71,0.0,0
2024-09-10 01:00:00,396.92,16.75,0.0,0
2024-09-10 02:00:00,396.04,19.09,0.0,0
2024-09-10 03:00:00,475.17,14.3,0.0,0
2024-09-10 04:00:00,507.52,13.79,0.0,0
2024-09-10 05:00:00,545.46,15.35,0.0,0
2024-09-10 06:00:00,596.91,15.5,0.0,0
2024-09-10 07:00:00,666.62,22.05,61.49,0
2024-09-10 08:00:00,760.76,23.77,137.73,0
2024-09-10 09:00:00,764.25,22.61,183.11,0
2024-09-10 10:00:00,854.95,25.62,236.65,0
2024-09-10 11:00:00,876.4,24.48,276.74,0
2024-09-10 12:00:00,869.5,24.81,273.79,0
2024-09-10 13:00:00,854.91,24.84,239.35,0
2024-09-10 14:00:00,831.9,25.05,195.43,0
2024-09-10 15:00:00,787.13,22.41,189.0,0
2024-09-10 16:00:00,757.55,25.53,134.34,0
2024-09-10 17:00:00,717.66,24.13,66.74,0
2024-09-10 18:00:00,661.99,24.66,0.0,0
2024-09-10 19:00:00,560.78,22.15,0.0,0
2024-09-10 20:00:00,525.87,20.35,0.0,0
2024-09-10 21:00:00,444.5,17.64,0.0,0
2024-09-10 22:00:00,407.32,18.32,0.0,0
2024-09-10 23:00:00,381.05,18.61,0.0,0
2024-09-11 00:00:00,425.41,13.87,0.0,0
2024-09-11 01:00:00,433.37,15.84,0.0,0
2024-09-11 02:00:00,449.45,15.96,0.0,0
2024-09-11 03:00:00,485.17,14.22,0.0,0
2024-09-11 04:00:00,525.15,14.98,0.0,0
2024-09-11 05:00:00,565.87,17.42,0.0,0
2024-09-11 06:00:00,599.02,15.72,0.0,0
2024-09-11 07:00:00,622.84,19.9,66.93,0
2024-09-11 08:00:00,719.52,18.7,131.14,0
2024-09-11 09:00:00,767.28,23.91,173.94,0
2024-09-11 10:00:00,832.61,27.67,196.52,0
2024-09-11 11:00:00,771.32,22.3,216.63,0
2024-09-11 12:00:00,873.17,25.89,239.68,0
2024-09-11 13:00:00,791.31,23.87,234.01,0
2024-09-11 14:00:00,830.17,27.57,185.84,0
2024-09-11 15:00:00,784.02,22.79,187.71,0
2024-09-11 16:00:00,775.86,25.78,112.52,0
2024-09-11 17:00:00,658.27,22.28,56.18,0
2024-09-11 18:00:00,622.41,22.58,0.0,0
2024-09-11 19:00:00,523.65,19.72,0.0,0
2024-09-11 20:00:00,507.64,22.14,0.0,0
2024-09-11 21:00:00,450.01,17.52,0.0,0
2024-09-11 22:00:00,405.2,19.09,0.0,0
2024-09-11 23:00:00,398.04,16.27,0.0,0
2024-09-12 00:00:00,365.91,15.75,0.0,0
2024-09-12 01:00:00,437.42,15.77,0.0,0
2024-09-12 02:00:00,461.72,13.78,0.0,0
2024-09-12 03:00:00,479.43,15.9,0.0,0
2024-09-12 04:00:00,522.63,19.04,0.0,0
2024-09-12 05:00:00,535.46,15.21,0.0,0
2024-09-12 06:00:00,592.54,20.15,0.0,0
2024-09-12 07:00:00,624.47,22.01,68.2,0
2024-09-12 08:00:00,765.25,18.67,146.1,0
2024-09-12 09:00:00,724.58,18.69,211.91,0
2024-09-12 10:00:00,833.27,23.41,189.78,0
2024-09-12 11:00:00,789.7,22.75,270.84,0
2024-09-12 12:00:00,908.64,28.37,261.65,0
2024-09-12 13:00:00,891.68,25.21,205.29,0
2024-09-12 14:00:00,808.71,23.7,195.37,0
2024-09-12 15:00:00,744.56,22.84,205.26,0
2024-09-12 16:00:00,764.69,26.82,127.12,0
2024-09-12 17:00:00,623.09,22.7,60.64,0
2024-09-12 18:00:00,627.99,22.89,0.0,0
2024-09-12 19:00:00,603.88,23.51,0.0,0
2024-09-12 20:00:00,492.48,19.34,0.0,0
2024-09-12 21:00:00,440.68,18.92,0.0,0
2024-09-12 22:00:00,422.26,17.77,0.0,0
2024-09-12 23:00:00,403.29,18.14,0.0,0
2024-09-13 00:00:00,348.79,16.97,0.0,0
2024-09-13 01:00:00,420.53,14.85,0.0,0
2024-09-13 02:00:00,495.22,15.25,0.0,0
2024-09-13 03:00:00,439.73,14.55,0.0,0
2024-09-13 04:00:00,529.52,12.83,0.0,0
2024-09-13 05:00:00,585.78,17.1,0.0,0
2024-09-13 06:00:00,641.65,21.4,0.0,0
2024-09-13 07:00:00,628.34,17.06,68.1,0
2024-09-13 08:00:00,690.89,18.57,141.83,0
2024-09-13 09:00:00,738.1,19.67,182.4,0
2024-09-13 10:00:00,795.2,24.07,215.46,0
2024-09-13 11:00:00,836.85,24.55,250.42,0
2024-09-13 12:00:00,834.33,24.13,217.29,0
2024-09-13 13:00:00,827.14,23.11,265.03,0
2024-09-13 14:00:00,807.54,25.3,208.26,0
2024-09-13 15:00:00,727.71,21.82,204.99,0
2024-09-13 16:00:00,746.34,24.74,132.35,0
2024-09-13 17:00:00,748.63,25.4,60.39,0
2024-09-13 18:00:00,603.23,20.12,0.0,0
2024-09-13 19:00:00,523.44,18.35,0.0,0
2024-09-13 20:00:00,551.64,23.28,0.0,0
2024-09-13 21:00:00,438.6,17.6,0.0,0
2024-09-13 22:00:00,472.42,19.89,0.0,0
2024-09-13 23:00:00,403.95,16.28,0.0,0
2024-09-14 00:00:00,304.73,15.28,0.0,1
2024-09-14 01:00:00,268.15,15.98,0.0,1
2024-09-14 02:00:00,347.73,13.16,0.0,1
2024-09-14 03:00:00,351.78,15.37,0.0,1
2024-09-14 04:00:00,390.19,14.84,0.0,1
2024-09-14 05:00:00,438.13,13.76,0.0,1
2024-09-14 06:00:00,445.13,18.11,0.0,1
2024-09-14 07:00:00,519.94,18.11,59.06,1
2024-09-14 08:00:00,591.91,19.62,127.7,1
2024-09-14 09:00:00,606.31,18.81,187.41,1
2024-09-14 10:00:00,716.54,25.62,185.71,1
2024-09-14 11:00:00,724.45,25.22,257.52,1
2024-09-14 12:00:00,744.37,26.19,284.97,1
2024-09-14 13:00:00,709.69,24.15,265.95,1
2024-09-14 14:00:00,668.4,21.47,241.18,1
2024-09-14 15:00:00,775.55,28.67,180.39,1
2024-09-14 16:00:00,629.2,24.14,136.88,1
2024-09-14 17:00:00,567.6,21.97,65.62,1
2024-09-14 18:00:00,523.61,23.27,0.0,1
2024-09-14 19:00:00,457.28,23.56,0.0,1
2024-09-14 20:00:00,411.22,19.89,0.0,1
2024-09-14 21:00:00,343.26,21.2,0.0,1
2024-09-14 22:00:00,329.16,19.6,0.0,1
2024-09-14 23:00:00,296.02,14.24,0.0,1
2024-09-15 00:00:00,275.34,14.07,0.0,1
2024-09-15 01:00:00,287.66,16.83,0.0,1
2024-09-15 02:00:00,345.99,9.32,0.0,1
2024-09-15 03:00:00,365.82,14.62,0.0,1
2024-09-15 04:00:00,384.63,12.55,0.0,1
2024-09-15 05:00:00,427.71,15.26,0.0,1
2024-09-15 06:00:00,437.75,16.65,0.0,1
2024-09-15 07:00:00,585.04,17.73,59.98,1
2024-09-15 08:00:00,525.04,18.64,147.4,1
2024-09-15 09:00:00,610.1,18.84,179.75,1
2024-09-15 10:00:00,750.06,26.83,215.96,1
2024-09-15 11:00:00,769.24,27.01,229.33,1
2024-09-15 12:00:00,718.78,21.75,255.2,1
2024-09-15 13:00:00,742.63,27.74,247.75,1
2024-09-15 14:00:00,726.43,23.94,231.13,1
2024-09-15 15:00:00,692.57,24.83,194.86,1
2024-09-15 16:00:00,624.78,23.95,107.42,1
2024-09-15 17:00:00,557.38,21.96,70.25,1
2024-09-15 18:00:00,514.52,24.21,0.0,1
2024-09-15 19:00:00,418.39,21.29,0.0,1
2024-09-15 20:00:00,398.84,18.79,0.0,1
2024-09-15 21:00:00,372.98,15.84,0.0,1
2024-09-15 22:00:00,290.13,15.46,0.0,1
2024-09-15 23:00:00,313.72,12.93,0.0,1
2024-09-16 00:00:00,403.94,15.25,0.0,0
2024-09-16 01:00:00,442.69,12.33,0.0,0
2024-09-16 02:00:00,448.18,14.02,0.0,0
2024-09-16 03:00:00,467.61,17.46,0.0,0
2024-09-16 04:00:00,465.1,17.62,0.0,0
2024-09-16 05:00:00,527.54,15.95,0.0,0
2024-09-16 06:00:00,622.12,16.88,0.0,0
2024-09-16 07:00:00,660.39,22.02,66.03,0
2024-09-16 08:00:00,674.37,20.59,122.9,0
2024-09-16 09:00:00,731.21,20.19,210.09,0
2024-09-16 10:00:00,756.97,19.2,257.25,0
2024-09-16 11:00:00,870.83,23.88,227.05,0
2024-09-16 12:00:00,878.54,25.54,282.62,0
2024-09-16 13:00:00,853.07,23.12,233.08,0
2024-09-16 14:00:00,845.06,25.14,217.21,0
2024-09-16 15:00:00,801.64,23.66,149.65,0
2024-09-16 16:00:00,717.95,23.52,112.41,0
2024-09-16 17:00:00,627.93,18.11,68.02,0
2024-09-16 18:00:00,591.35,21.61,0.0,0
2024-09-16 19:00:00,570.84,22.79,0.0,0
2024-09-16 20:00:00,500.01,18.29,0.0,0
2024-09-16 21:00:00,445.59,18.36,0.0,0
2024-09-16 22:00:00,464.17,15.54,0.0,0
2024-09-16 23:00:00,370.89,16.74,0.0,0
2024-09-17 00:00:00,426.52,14.6,0.0,0
2024-09-17 01:00:00,409.07,12.65,0.0,0
2024-09-17 02:00:00,418.88,17.03,0.0,0
2024-09-17 03:00:00,473.19,16.39,0.0,0
2024-09-17 04:00:00,516.42,13.82,0.0,0
2024-09-17 05:00:00,553.8,16.82,0.0,0
2024-09-17 06:00:00,556.64,17.94,0.0,0
2024-09-17 07:00:00,603.69,19.35,72.23,0
2024-09-17 08:00:00,714.19,15.97,109.99,0
2024-09-17 09:00:00,811.71,22.67,160.08,0
2024-09-17 10:00:00,755.53,20.72,215.0,0
2024-09-17 11:00:00,845.56,22.18,249.24,0
2024-09-17 12:00:00,890.76,28.97,241.76,0
2024-09-17 13:00:00,807.74,24.8,249.25,0
2024-09-17 14:00:00,780.81,23.59,209.59,0
2024-09-17 15:00:00,739.62,19.78,192.57,0
2024-09-17 16:00:00,754.6,26.47,112.27,0
2024-09-17 17:00:00,621.01,20.21,61.3,0
2024-09-17 18:00:00,556.2,19.85,0.0,0
2024-09-17 19:00:00,527.0,19.99,0.0,0
2024-09-17 20:00:00,526.79,22.19,0.0,0
2024-09-17 21:00:00,454.56,19.61,0.0,0
2024-09-17 22:00:00,408.8,16.55,0.0,0
2024-09-17 23:00:00,407.43,16.44,0.0,0
2024-09-18 00:00:00,449.62,13.64,0.0,0
2024-09-18 01:00:00,430.48,14.62,0.0,0
2024-09-18 02:00:00,440.61,14.32,0.0,0
2024-09-18 03:00:00,479.01,16.28,0.0,0
2024-09-18 04:00:00,468.27,16.77,0.0,0
2024-09-18 05:00:00,536.4,16.62,0.0,0
2024-09-18 06:00:00,595.53,15.94,0.0,0
2024-09-18 07:00:00,614.42,19.36,55.24,0
2024-09-18 08:00:00,679.35,18.98,139.14,0
2024-09-18 09:00:00,672.54,18.3,163.63,0
2024-09-18 10:00:00,829.63,20.86,215.08,0
2024-09-18 11:00:00,798.48,22.87,287.01,0
2024-09-18 12:00:00,892.85,25.32,251.14,0
2024-09-18 13:00:00,830.45,23.63,219.71,0
2024-09-18 14:00:00,804.83,21.75,238.29,0
2024-09-18 15:00:00,770.32,24.11,155.02,0
2024-09-18 16:00:00,742.46,23.73,139.37,0
2024-09-18 17:00:00,698.79,23.08,75.86,0
2024-09-18 18:00:00,651.7,23.51,0.0,0
2024-09-18 19:00:00,592.61,22.5,0.0,0
2024-09-18 20:00:00,470.99,17.98,0.0,0
2024-09-18 21:00:00,440.15,16.64,0.0,0
2024-09-18 22:00:00,401.06,14.59,0.0,0
2024-09-18 23:00:00,409.59,17.03,0.0,0
2024-09-19 00:00:00,411.64,17.54,0.0,0
2024-09-19 01:00:00,472.07,13.51,0.0,0
2024-09-19 02:00:00,459.51,13.49,0.0,0
2024-09-19 03:00:00,428.63,17.08,0.0,0
2024-09-19 04:00:00,461.02,15.66,0.0,0
2024-09-19 05:00:00,571.16,16.31,0.0,0
2024-09-19 06:00:00,574.16,14.09,0.0,0
2024-09-19 07:00:00,633.63,19.04,72.42,0
2024-09-19 08:00:00,683.23,17.12,122.81,0
2024-09-19 09:00:00,719.69,18.0,184.56,0
2024-09-19 10:00:00,781.91,20.78,229.97,0
2024-09-19 11:00:00,810.02,21.34,280.5,0
2024-09-19 12:00:00,768.23,22.86,287.92,0
2024-09-19 13:00:00,802.77,20.92,217.02,0
2024-09-19 14:00:00,776.39,25.89,201.37,0
2024-09-19 15:00:00,820.32,26.06,187.8,0
2024-09-19 16:00:00,680.22,19.41,112.72,0
2024-09-19 17:00:00,642.51,24.47,75.76,0
2024-09-19 18:00:00,578.18,19.85,0.0,0
2024-09-19 19:00:00,553.81,21.98,0.0,0
2024-09-19 20:00:00,518.15,18.84,0.0,0
2024-09-19 21:00:00,446.11,17.74,0.0,0
2024-09-19 22:00:00,434.36,16.1,0.0,0
2024-09-19 23:00:00,417.71,17.86,0.0,0
2024-09-20 00:00:00,437.9,11.97,0.0,0
2024-09-20 01:00:00,434.02,15.17,0.0,0
2024-09-20 02:00:00,444.07,15.98,0.0,0
2024-09-20 03:00:00,432.59,15.38,0.0,0
2024-09-20 04:00:00,527.81,19.1,0.0,0
2024-09-20 05:00:00,530.87,14.19,0.0,0
2024-09-20 06:00:00,604.87,18.19,0.0,0
2024-09-20 07:00:00,601.11,17.27,61.44,0
2024-09-20 08:00:00,727.49,21.25,108.69,0
2024-09-20 09:00:00,788.55,20.06,162.13,0
2024-09-20 10:00:00,772.92,20.5,242.69,0
2024-09-20 11:00:00,836.05,24.93,217.98,0
2024-09-20 12:00:00,836.52,22.13,289.01,0
2024-09-20 13:00:00,792.79,20.78,235.69,0
2024-09-20 14:00:00,846.12,22.75,191.0,0
2024-09-20 15:00:00,794.7,24.85,205.7,0
2024-09-20 16:00:00,750.93,25.89,111.76,0
2024-09-20 17:00:00,663.63,22.54,59.04,0
2024-09-20 18:00:00,615.83,23.92,0.0,0
2024-09-20 19:00:00,518.97,17.36,0.0,0
2024-09-20 20:00:00,472.31,17.89,0.0,0
2024-09-20 21:00:00,437.31,16.91,0.0,0
2024-09-20 22:00:00,409.84,16.05,0.0,0
2024-09-20 23:00:00,465.17,15.41,0.0,0
2024-09-21 00:00:00,257.9,15.63,0.0,1
2024-09-21 01:00:00,321.84,12.86,0.0,1
2024-09-21 02:00:00,343.0,13.86,0.0,1
2024-09-21 03:00:00,377.7,13.66,0.0,1
2024-09-21 04:00:00,414.53,12.4,0.0,1
2024-09-21 05:00:00,434.02,14.82,0.0,1
2024-09-21 06:00:00,493.33,15.8,0.0,1
2024-09-21 07:00:00,528.84,16.96,76.8,1
2024-09-21 08:00:00,559.99,18.65,106.96,1
2024-09-21 09:00:00,582.66,20.03,201.04,1
2024-09-21 10:00:00,643.69,20.22,217.85,1
2024-09-21 11:00:00,691.16,24.66,255.38,1
2024-09-21 12:00:00,669.06,20.57,262.6,1
2024-09-21 13:00:00,693.72,21.97,233.85,1
2024-09-21 14:00:00,753.6,29.14,208.2,1
2024-09-21 15:00:00,679.3,21.34,202.31,1
2024-09-21 16:00:00,568.62,20.21,127.52,1
2024-09-21 17:00:00,587.0,23.59,59.23,1
2024-09-21 18:00:00,478.36,16.93,0.0,1
2024-09-21 19:00:00,454.7,19.41,0.0,1
2024-09-21 20:00:00,423.15,22.87,0.0,1
2024-09-21 21:00:00,331.38,14.2,0.0,1
2024-09-21 22:00:00,302.53,12.12,0.0,1
2024-09-21 23:00:00,334.11,12.05,0.0,1
2024-09-22 00:00:00,268.27,15.85,0.0,1
2024-09-22 01:00:00,264.25,15.81,0.0,1
2024-09-22 02:00:00,311.5,12.36,0.0,1
2024-09-22 03:00:00,353.38,14.92,0.0,1
2024-09-22 04:00:00,409.34,16.84,0.0,1
2024-09-22 05:00:00,402.26,18.42,0.0,1
2024-09-22 06:00:00,500.83,15.39,0.0,1
2024-09-22 07:00:00,564.32,12.49,77.12,1
2024-09-22 08:00:00,540.33,16.74,112.49,1
2024-09-22 09:00:00,628.05,18.83,208.59,1
2024-09-22 10:00:00,629.51,20.37,243.78,1
2024-09-22 11:00:00,689.18,21.55,242.45,1
2024-09-22 12:00:00,720.99,24.95,283.95,1
2024-09-22 13:00:00,753.15,25.76,217.29,1
2024-09-22 14:00:00,657.17,23.04,199.23,1
2024-09-22 15:00:00,685.31,25.41,164.04,1
2024-09-22 16:00:00,593.31,23.43,113.27,1
2024-09-22 17:00:00,539.48,22.05,72.53,1
2024-09-22 18:00:00,416.1,22.7,0.0,1
2024-09-22 19:00:00,478.78,19.82,0.0,1
2024-09-22 20:00:00,418.77,22.5,0.0,1
2024-09-22 21:00:00,337.25,14.21,0.0,1
2024-09-22 22:00:00,290.13,14.85,0.0,1
2024-09-22 23:00:00,288.46,14.6,0.0,1
2024-09-23 00:00:00,430.57,14.74,0.0,0
2024-09-23 01:00:00,360.58,15.89,0.0,0
2024-09-23 02:00:00,451.88,13.14,0.0,0
2024-09-23 03:00:00,557.72,10.51,0.0,0
2024-09-23 04:00:00,476.23,15.54,0.0,0
2024-09-23 05:00:00,548.63,16.16,0.0,0
2024-09-23 06:00:00,697.05,11.8,0.0,0
2024-09-23 07:00:00,658.72,16.89,66.36,0
2024-09-23 08:00:00,713.08,15.01,117.73,0
2024-09-23 09:00:00,735.6,18.15,189.1,0
2024-09-23 10:00:00,751.99,18.88,232.28,0
2024-09-23 11:00:00,859.08,23.34,223.98,0
2024-09-23 12:00:00,817.52,22.75,229.8,0
2024-09-23 13:00:00,748.66,20.45,288.53,0
2024-09-23 14:00:00,812.89,24.95,248.6,0
2024-09-23 15:00:00,718.74,20.15,198.57,0
2024-09-23 16:00:00,724.74,23.18,134.18,0
2024-09-23 17:00:00,646.23,20.09,70.86,0
2024-09-23 18:00:00,629.49,19.96,0.0,0
2024-09-23 19:00:00,570.51,20.49,0.0,0
2024-09-23 20:00:00,498.88,19.23,0.0,0
2024-09-23 21:00:00,454.17,19.57,0.0,0
2024-09-23 22:00:00,405.1,15.52,0.0,0
2024-09-23 23:00:00,359.64,15.26,0.0,0
2024-09-24 00:00:00,435.01,12.78,0.0,0
2024-09-24 01:00:00,451.46,13.52,0.0,0
2024-09-24 02:00:00,445.42,13.87,0.0,0
2024-09-24 03:00:00,475.6,12.96,0.0,0
2024-09-24 04:00:00,571.12,10.05,0.0,0
2024-09-24 05:00:00,555.01,15.11,0.0,0
2024-09-24 06:00:00,639.98,16.22,0.0,0
2024-09-24 07:00:00,689.25,15.33,74.92,0
2024-09-24 08:00:00,729.8,15.42,124.85,0
2024-09-24 09:00:00,782.7,22.23,193.01,0
2024-09-24 10:00:00,755.65,21.47,182.07,0
2024-09-24 11:00:00,820.41,21.06,254.49,0
2024-09-24 12:00:00,809.84,20.04,280.89,0
2024-09-24 13:00:00,820.08,21.17,235.11,0
2024-09-24 14:00:00,841.44,25.59,240.77,0
2024-09-24 15:00:00,783.66,23.09,180.69,0
2024-09-24 16:00:00,779.68,21.22,128.28,0
2024-09-24 17:00:00,675.28,22.54,67.08,0
2024-09-24 18:00:00,611.99,18.86,0.0,0
2024-09-24 19:00:00,559.29,22.28,0.0,0
2024-09-24 20:00:00,526.69,20.69,0.0,0
2024-09-24 21:00:00,484.46,15.76,0.0,0
2024-09-24 22:00:00,453.61,14.23,0.0,0
2024-09-24 23:00:00,516.39,9.22,0.0,0
2024-09-25 00:00:00,432.96,10.49,0.0,0
2024-09-25 01:00:00,451.85,10.28,0.0,0
2024-09-25 02:00:00,461.53,13.06,0.0,0
2024-09-25 03:00:00,517.55,12.3,0.0,0
2024-09-25 04:00:00,556.82,10.77,0.0,0
2024-09-25 05:00:00,603.49,13.69,0.0,0
2024-09-25 06:00:00,580.48,16.3,0.0,0
2024-09-25 07:00:00,607.76,17.55,75.1,0
2024-09-25 08:00:00,727.83,13.99,138.45,0
2024-09-25 09:00:00,727.74,18.82,158.82,0
2024-09-25 10:00:00,771.57,17.52,211.86,0
2024-09-25 11:00:00,823.76,23.13,270.02,0
2024-09-25 12:00:00,828.35,23.69,221.54,0
2024-09-25 13:00:00,799.52,20.82,220.17,0
2024-09-25 14:00:00,786.47,21.25,201.07,0
2024-09-25 15:00:00,750.74,21.69,158.19,0
2024-09-25 16:00:00,678.81,17.61,122.12,0
2024-09-25 17:00:00,661.62,21.99,65.97,0
2024-09-25 18:00:00,618.83,19.74,0.0,0
2024-09-25 19:00:00,563.3,21.02,0.0,0
2024-09-25 20:00:00,560.52,15.59,0.0,0
2024-09-25 21:00:00,470.05,15.25,0.0,0
2024-09-25 22:00:00,450.28,12.27,0.0,0
2024-09-25 23:00:00,511.15,12.24,0.0,0
2024-09-26 00:00:00,461.42,10.89,0.0,0
2024-09-26 01:00:00,444.09,14.75,0.0,0
2024-09-26 02:00:00,489.71,11.19,0.0,0
2024-09-26 03:00:00,504.11,13.0,0.0,0
2024-09-26 04:00:00,548.45,12.49,0.0,0
2024-09-26 05:00:00,565.57,11.51,0.0,0
2024-09-26 06:00:00,621.7,14.75,0.0,0
2024-09-26 07:00:00,603.74,17.49,54.85,0
2024-09-26 08:00:00,703.94,15.17,147.96,0
2024-09-26 09:00:00,728.26,20.5,182.37,0
2024-09-26 10:00:00,766.0,18.39,226.68,0
2024-09-26 11:00:00,803.09,20.16,258.48,0
2024-09-26 12:00:00,841.8,22.98,229.62,0
2024-09-26 13:00:00,811.25,21.09,224.98,0
2024-09-26 14:00:00,784.64,22.66,189.25,0
2024-09-26 15:00:00,752.76,21.79,186.96,0
2024-09-26 16:00:00,744.76,22.17,124.61,0
2024-09-26 17:00:00,674.86,16.36,56.86,0
2024-09-26 18:00:00,567.07,16.43,0.0,0
2024-09-26 19:00:00,511.08,20.11,0.0,0
2024-09-26 20:00:00,478.43,19.66,0.0,0
2024-09-26 21:00:00,500.0,14.47,0.0,0
2024-09-26 22:00:00,471.19,14.6,0.0,0
2024-09-26 23:00:00,397.3,14.64,0.0,0
2024-09-27 00:00:00,423.28,14.44,0.0,0
2024-09-27 01:00:00,527.69,8.5,0.0,0
2024-09-27 02:00:00,491.06,10.61,0.0,0
2024-09-27 03:00:00,535.23,11.89,0.0,0
2024-09-27 04:00:00,540.37,14.46,0.0,0
2024-09-27 05:00:00,513.93,18.85,0.0,0
2024-09-27 06:00:00,610.97,14.43,0.0,0
2024-09-27 07:00:00,679.88,13.28,56.36,0
2024-09-27 08:00:00,684.49,18.19,139.46,0
2024-09-27 09:00:00,777.53,21.32,175.37,0
2024-09-27 10:00:00,784.42,20.1,231.67,0
2024-09-27 11:00:00,710.84,19.11,232.13,0
2024-09-27 12:00:00,803.48,23.63,249.19,0
2024-09-27 13:00:00,773.91,23.54,209.45,0
2024-09-27 14:00:00,780.91,20.33,251.89,0
2024-09-27 15:00:00,777.2,22.98,198.09,0
2024-09-27 16:00:00,744.16,23.71,115.51,0
2024-09-27 17:00:00,660.62,23.28,69.06,0
2024-09-27 18:00:00,614.36,19.75,0.0,0
2024-09-27 19:00:00,546.53,17.96,0.0,0
2024-09-27 20:00:00,467.0,19.84,0.0,0
2024-09-27 21:00:00,445.23,13.67,0.0,0
2024-09-27 22:00:00,429.18,15.76,0.0,0
2024-09-27 23:00:00,500.53,11.11,0.0,0
2024-09-28 00:00:00,332.68,14.98,0.0,1
2024-09-28 01:00:00,342.55,11.84,0.0,1
2024-09-28 02:00:00,301.36,14.72,0.0,1
2024-09-28 03:00:00,387.41,13.33,0.0,1
2024-09-28 04:00:00,424.64,10.4,0.0,1
2024-09-28 05:00:00,404.1,16.49,0.0,1
2024-09-28 06:00:00,408.56,17.78,0.0,1
2024-09-28 07:00:00,517.81,17.65,66.67,1
2024-09-28 08:00:00,567.67,15.66,108.8,1
2024-09-28 09:00:00,605.2,17.86,187.2,1
2024-09-28 10:00:00,595.44,19.97,241.49,1
2024-09-28 11:00:00,670.52,19.31,232.28,1
2024-09-28 12:00:00,668.18,24.9,248.4,1
2024-09-28 13:00:00,723.38,22.3,260.63,1
2024-09-28 14:00:00,658.51,16.77,233.02,1
2024-09-28 15:00:00,641.35,22.69,186.79,1
2024-09-28 16:00:00,602.22,20.81,136.9,1
2024-09-28 17:00:00,512.98,20.57,61.1,1
2024-09-28 18:00:00,471.25,18.94,0.0,1
2024-09-28 19:00:00,449.0,20.09,0.0,1
2024-09-28 20:00:00,296.85,19.42,0.0,1
2024-09-28 21:00:00,322.87,16.45,0.0,1
2024-09-28 22:00:00,326.2,14.0,0.0,1
2024-09-28 23:00:00,306.28,13.56,0.0,1
2024-09-29 00:00:00,349.56,12.69,0.0,1
2024-09-29 01:00:00,313.28,10.54,0.0,1
2024-09-29 02:00:00,319.91,13.14,0.0,1
2024-09-29 03:00:00,320.0,13.07,0.0,1
2024-09-29 04:00:00,420.47,15.73,0.0,1
2024-09-29 05:00:00,422.55,15.95,0.0,1
2024-09-29 06:00:00,497.98,13.11,0.0,1
2024-09-29 07:00:00,517.21,17.32,54.71,1
2024-09-29 08:00:00,605.15,15.08,110.57,1
2024-09-29 09:00:00,626.74,19.66,172.88,1
2024-09-29 10:00:00,703.85,18.44,213.16,1
2024-09-29 11:00:00,669.2,18.47,278.52,1
2024-09-29 12:00:00,687.05,21.87,234.98,1
2024-09-29 13:00:00,654.57,16.46,237.6,1
2024-09-29 14:00:00,628.14,18.48,220.3,1
2024-09-29 15:00:00,598.4,21.45,168.01,1
2024-09-29 16:00:00,595.72,21.47,130.02,1
2024-09-29 17:00:00,549.1,19.77,65.44,1
2024-09-29 18:00:00,461.48,16.32,0.0,1
2024-09-29 19:00:00,401.69,16.64,0.0,1
2024-09-29 20:00:00,400.3,17.76,0.0,1
2024-09-29 21:00:00,294.44,16.85,0.0,1
2024-09-29 22:00:00,270.65,14.45,0.0,1
2024-09-29 23:00:00,260.43,15.76,0.0,1
2024-09-30 00:00:00,389.1,13.24,0.0,0
2024-09-30 01:00:00,471.98,10.45,0.0,0
2024-09-30 02:00:00,465.65,11.21,0.0,0
2024-09-30 03:00:00,521.7,9.14,0.0,0
2024-09-30 04:00:00,566.55,12.23,0.0,0
2024-09-30 05:00:00,536.33,15.46,0.0,0
2024-09-30 06:00:00,622.93,15.64,0.0,0
2024-09-30 07:00:00,672.39,18.28,67.96,0
2024-09-30 08:00:00,686.93,16.17,119.46,0
2024-09-30 09:00:00,767.45,20.76,177.2,0
2024-09-30 10:00:00,756.03,18.89,238.32,0
2024-09-30 11:00:00,848.81,23.25,233.59,0
2024-09-30 12:00:00,771.32,21.06,281.62,0
2024-09-30 13:00:00,782.23,23.02,229.45,0
2024-09-30 14:00:00,810.66,24.72,259.57,0
2024-09-30 15:00:00,731.37,21.22,177.21,0
2024-09-30 16:00:00,702.49,21.54,131.95,0
2024-09-30 17:00:00,675.15,22.89,70.59,0
2024-09-30 18:00:00,608.08,19.01,0.0,0
2024-09-30 19:00:00,543.78,15.43,0.0,0
2024-09-30 20:00:00,490.0,21.06,0.0,0
2024-09-30 21:00:00,464.39,14.54,0.0,0
2024-09-30 22:00:00,421.65,14.59,0.0,0
2024-09-30 23:00:00,387.96,15.55,0.0,0
2024-10-01 00:00:00,409.45,11.02,0.0,0
2024-10-01 01:00:00,471.31,9.72,0.0,0
2024-10-01 02:00:00,451.81,12.08,0.0,0
2024-10-01 03:00:00,561.2,8.15,0.0,0
2024-10-01 04:00:00,507.18,11.66,0.0,0
2024-10-01 05:00:00,559.44,13.52,0.0,0
2024-10-01 06:00:00,670.03,13.53,0.0,0
2024-10-01 07:00:00,666.39,12.19,71.26,0
2024-10-01 08:00:00,691.67,19.76,147.22,0
2024-10-01 09:00:00,691.73,18.07,173.07,0
2024-10-01 10:00:00,758.81,21.93,224.88,0
2024-10-01 11:00:00,827.72,19.58,237.1,0
2024-10-01 12:00:00,795.67,19.14,250.78,0
2024-10-01 13:00:00,815.9,21.94,220.33,0
2024-10-01 14:00:00,742.18,21.14,201.27,0
2024-10-01 15:00:00,740.83,19.04,163.04,0
2024-10-01 16:00:00,767.33,23.84,127.53,0
2024-10-01 17:00:00,669.11,18.86,69.4,0
2024-10-01 18:00:00,622.82,15.39,0.0,0
2024-10-01 19:00:00,525.2,20.52,0.0,0
2024-10-01 20:00:00,512.22,15.56,0.0,0
2024-10-01 21:00:00,494.67,14.06,0.0,0
2024-10-01 22:00:00,436.55,10.54,0.0,0
2024-10-01 23:00:00,373.62,16.52,0.0,0
2024-10-02 00:00:00,487.65,9.46,0.0,0
2024-10-02 01:00:00,472.2,11.65,0.0,0
2024-10-02 02:00:00,416.18,13.19,0.0,0
2024-10-02 03:00:00,514.67,12.38,0.0,0
2024-10-02 04:00:00,543.23,11.92,0.0,0
2024-10-02 05:00:00,633.5,9.43,0.0,0
2024-10-02 06:00:00,621.69,12.25,0.0,0
2024-10-02 07:00:00,673.43,15.45,70.9,0
2024-10-02 08:00:00,733.19,14.79,118.07,0
2024-10-02 09:00:00,713.29,18.07,174.69,0
2024-10-02 10:00:00,775.93,20.23,222.39,0
2024-10-02 11:00:00,795.22,21.83,240.09,0
2024-10-02 12:00:00,823.71,18.24,249.67,0
2024-10-02 13:00:00,846.05,25.59,263.09,0
2024-10-02 14:00:00,779.15,22.9,252.21,0
2024-10-02 15:00:00,735.43,21.19,155.06,0
2024-10-02 16:00:00,731.91,22.87,123.0,0
2024-10-02 17:00:00,716.91,24.63,61.39,0
2024-10-02 18:00:00,566.73,15.99,0.0,0
2024-10-02 19:00:00,582.35,17.21,0.0,0
2024-10-02 20:00:00,551.64,11.61,0.0,0
2024-10-02 21:00:00,475.68,15.46,0.0,0
2024-10-02 22:00:00,438.41,14.6,0.0,0
2024-10-02 23:00:00,439.79,12.75,0.0,0
2024-10-03 00:00:00,451.09,10.52,0.0,0
2024-10-03 01:00:00,519.95,7.23,0.0,0
2024-10-03 02:00:00,467.53,11.91,0.0,0
2024-10-03 03:00:00,495.35,14.24,0.0,0
2024-10-03 04:00:00,542.68,10.65,0.0,0
2024-10-03 05:00:00,578.09,13.5,0.0,0
2024-10-03 06:00:00,634.67,10.52,0.0,0
2024-10-03 07:00:00,684.38,15.78,64.57,0
2024-10-03 08:00:00,685.43,15.37,122.12,0
2024-10-03 09:00:00,734.01,15.93,149.8,0
2024-10-03 10:00:00,753.94,17.14,235.46,0
2024-10-03 11:00:00,773.41,18.91,206.64,0
2024-10-03 12:00:00,830.61,21.25,286.61,0
2024-10-03 13:00:00,768.92,18.36,223.36,0
2024-10-03 14:00:00,811.7,20.37,210.48,0
2024-10-03 15:00:00,730.02,20.91,160.15,0
2024-10-03 16:00:00,687.15,18.29,148.71,0
2024-10-03 17:00:00,665.25,23.29,75.83,0
2024-10-03 18:00:00,601.0,16.95,0.0,0
2024-10-03 19:00:00,546.69,16.11,0.0,0
2024-10-03 20:00:00,514.1,14.2,0.0,0
2024-10-03 21:00:00,472.91,18.46,0.0,0
2024-10-03 22:00:00,422.78,14.77,0.0,0
2024-10-03 23:00:00,473.97,10.75,0.0,0
2024-10-04 00:00:00,402.42,13.84,0.0,0
2024-10-04 01:00:00,454.38,11.53,0.0,0
2024-10-04 02:00:00,442.22,11.47,0.0,0
2024-10-04 03:00:00,497.66,10.44,0.0,0
2024-10-04 04:00:00,556.7,10.12,0.0,0
2024-10-04 05:00:00,622.67,13.09,0.0,0
2024-10-04 06:00:00,638.88,12.36,0.0,0
2024-10-04 07:00:00,676.06,18.29,72.18,0
2024-10-04 08:00:00,731.36,13.42,123.55,0
2024-10-04 09:00:00,734.95,20.32,150.91,0
2024-10-04 10:00:00,794.0,18.23,251.73,0
2024-10-04 11:00:00,804.98,20.09,279.21,0
2024-10-04 12:00:00,803.43,21.95,236.84,0
2024-10-04 13:00:00,800.18,19.52,231.78,0
2024-10-04 14:00:00,792.71,22.68,240.28,0
2024-10-04 15:00:00,698.01,15.37,160.38,0
2024-10-04 16:00:00,711.84,18.84,144.2,0
2024-10-04 17:00:00,662.73,17.64,56.08,0
2024-10-04 18:00:00,646.48,15.95,0.0,0
2024-10-04 19:00:00,550.61,16.82,0.0,0
2024-10-04 20:00:00,486.53,16.73,0.0,0
2024-10-04 21:00:00,478.8,16.06,0.0,0
2024-10-04 22:00:00,468.69,13.94,0.0,0
2024-10-04 23:00:00,496.9,11.09,0.0,0
2024-10-05 00:00:00,317.33,12.16,0.0,1
2024-10-05 01:00:00,331.01,11.17,0.0,1
2024-10-05 02:00:00,322.71,12.62,0.0,1
2024-10-05 03:00:00,387.29,12.47,0.0,1
2024-10-05 04:00:00,386.51,11.48,0.0,1
2024-10-05 05:00:00,503.46,10.42,0.0,1
2024-10-05 06:00:00,535.28,11.94,0.0,1
2024-10-05 07:00:00,572.85,13.35,67.18,1
2024-10-05 08:00:00,592.28,15.12,121.42,1
2024-10-05 09:00:00,643.97,17.58,200.0,1
2024-10-05 10:00:00,671.79,19.68,214.76,1
2024-10-05 11:00:00,649.82,19.18,243.39,1
2024-10-05 12:00:00,666.37,20.11,281.26,1
2024-10-05 13:00:00,659.83,20.86,277.5,1
2024-10-05 14:00:00,664.15,19.72,200.65,1
2024-10-05 15:00:00,583.68,18.73,191.6,1
2024-10-05 16:00:00,601.41,16.57,139.02,1
2024-10-05 17:00:00,545.91,17.89,60.46,1
2024-10-05 18:00:00,449.97,19.19,0.0,1
2024-10-05 19:00:00,427.24,15.64,0.0,1
2024-10-05 20:00:00,387.69,15.27,0.0,1
2024-10-05 21:00:00,366.81,15.39,0.0,1
2024-10-05 22:00:00,364.14,14.29,0.0,1
2024-10-05 23:00:00,304.15,10.05,0.0,1
2024-10-06 00:00:00,299.99,13.21,0.0,1
2024-10-06 01:00:00,310.5,12.97,0.0,1
2024-10-06 02:00:00,348.96,8.28,0.0,1
2024-10-06 03:00:00,395.81,9.06,0.0,1
2024-10-06 04:00:00,414.76,13.59,0.0,1
2024-10-06 05:00:00,464.14,11.71,0.0,1
2024-10-06 06:00:00,515.36,8.6,0.0,1
2024-10-06 07:00:00,649.13,11.45,73.0,1
2024-10-06 08:00:00,596.22,15.04,131.54,1
2024-10-06 09:00:00,639.12,14.51,178.28,1
2024-10-06 10:00:00,613.61,17.21,199.01,1
2024-10-06 11:00:00,671.12,19.14,232.93,1
2024-10-06 12:00:00,703.86,22.8,261.61,1
2024-10-06 13:00:00,623.88,19.79,205.07,1
2024-10-06 14:00:00,653.32,22.69,251.41,1
2024-10-06 15:00:00,673.58,23.23,198.97,1
2024-10-06 16:00:00,656.0,22.74,134.64,1
2024-10-06 17:00:00,537.41,19.65,72.32,1
2024-10-06 18:00:00,526.43,14.12,0.0,1
2024-10-06 19:00:00,406.77,17.76,0.0,1
2024-10-06 20:00:00,361.45,17.64,0.0,1
2024-10-06 21:00:00,385.0,14.09,0.0,1
2024-10-06 22:00:00,343.06,16.53,0.0,1
2024-10-06 23:00:00,342.08,13.73,0.0,1
2024-10-07 00:00:00,411.92,12.14,0.0,0
2024-10-07 01:00:00,438.36,12.68,0.0,0
2024-10-07 02:00:00,483.71,11.0,0.0,0
2024-10-07 03:00:00,556.89,5.52,0.0,0
2024-10-07 04:00:00,569.63,10.01,0.0,0
2024-10-07 05:00:00,586.81,14.19,0.0,0
2024-10-07 06:00:00,672.87,11.22,0.0,0
2024-10-07 07:00:00,717.97,13.59,74.15,0
2024-10-07 08:00:00,719.31,13.25,130.27,0
2024-10-07 09:00:00,709.29,20.2,199.53,0
2024-10-07 10:00:00,794.14,21.2,229.16,0
2024-10-07 11:00:00,829.25,17.1,247.37,0
2024-10-07 12:00:00,787.68,19.96,268.54,0
2024-10-07 13:00:00,798.4,18.8,208.32,0
2024-10-07 14:00:00,806.25,21.57,215.96,0
2024-10-07 15:00:00,758.05,21.18,158.49,0
2024-10-07 16:00:00,713.06,21.29,115.77,0
2024-10-07 17:00:00,624.03,19.53,62.24,0
2024-10-07 18:00:00,580.02,23.71,0.0,0
2024-10-07 19:00:00,534.7,14.57,0.0,0
2024-10-07 20:00:00,531.1,11.91,0.0,0
2024-10-07 21:00:00,513.46,13.26,0.0,0
2024-10-07 22:00:00,487.22,9.7,0.0,0
2024-10-07 23:00:00,465.69,8.81,0.0,0
2024-10-08 00:00:00,449.76,8.8,0.0,0
2024-10-08 01:00:00,498.68,8.46,0.0,0
2024-10-08 02:00:00,538.56,8.22,0.0,0
2024-10-08 03:00:00,531.81,11.34,0.0,0
2024-10-08 04:00:00,577.29,9.79,0.0,0
2024-10-08 05:00:00,559.0,11.23,0.0,0
2024-10-08 06:00:00,607.03,14.42,0.0,0
2024-10-08 07:00:00,737.42,12.3,71.08,0
2024-10-08 08:00:00,742.05,14.6,109.54,0
2024-10-08 09:00:00,691.44,17.15,201.99,0
2024-10-08 10:00:00,794.36,13.75,234.15,0
2024-10-08 11:00:00,823.32,13.89,249.39,0
2024-10-08 12:00:00,782.46,20.15,223.76,0
2024-10-08 13:00:00,744.88,20.94,208.26,0
2024-10-08 14:00:00,818.25,24.26,226.62,0
2024-10-08 15:00:00,724.48,20.27,152.82,0
2024-10-08 16:00:00,691.39,21.1,142.73,0
2024-10-08 17:00:00,625.63,18.27,73.99,0
2024-10-08 18:00:00,578.89,18.22,0.0,0
2024-10-08 19:00:00,545.59,19.76,0.0,0
2024-10-08 20:00:00,529.09,10.88,0.0,0
2024-10-08 21:00:00,466.45,14.66,0.0,0
2024-10-08 22:00:00,373.86,16.9,0.0,0
2024-10-08 23:00:00,453.02,12.16,0.0,0
2024-10-09 00:00:00,349.66,13.89,0.0,0
2024-10-09 01:00:00,471.23,8.83,0.0,0
2024-10-09 02:00:00,511.19,9.86,0.0,0
2024-10-09 03:00:00,490.5,10.16,0.0,0
2024-10-09 04:00:00,616.34,6.16,0.0,0
2024-10-09 05:00:00,646.62,9.05,0.0,0
2024-10-09 06:00:00,575.01,10.23,0.0,0
2024-10-09 07:00:00,655.25,15.27,75.93,0
2024-10-09 08:00:00,621.44,16.67,134.24,0
2024-10-09 09:00:00,729.82,16.86,172.42,0
2024-10-09 10:00:00,763.73,19.07,244.82,0
2024-10-09 11:00:00,712.42,18.13,276.88,0
2024-10-09 12:00:00,864.69,21.66,273.62,0
2024-10-09 13:00:00,798.03,19.77,286.99,0
2024-10-09 14:00:00,752.36,20.04,201.86,0
2024-10-09 15:00:00,770.27,19.22,195.67,0
2024-10-09 16:00:00,661.33,20.62,144.41,0
2024-10-09 17:00:00,604.88,17.62,61.36,0
2024-10-09 18:00:00,536.27,19.38,0.0,0
2024-10-09 19:00:00,613.74,13.95,0.0,0
2024-10-09 20:00:00,541.06,12.72,0.0,0
2024-10-09 21:00:00,485.03,15.0,0.0,0
2024-10-09 22:00:00,471.86,12.25,0.0,0
2024-10-09 23:00:00,476.37,10.48,0.0,0
2024-10-10 00:00:00,440.29,12.17,0.0,0
2024-10-10 01:00:00,486.87,8.67,0.0,0
2024-10-10 02:00:00,496.33,9.32,0.0,0
2024-10-10 03:00:00,476.51,12.69,0.0,0
2024-10-10 04:00:00,524.19,13.46,0.0,0
2024-10-10 05:00:00,571.82,14.33,0.0,0
2024-10-10 06:00:00,646.24,11.65,0.0,0
2024-10-10 07:00:00,615.98,15.88,57.8,0
2024-10-10 08:00:00,698.19,12.82,111.89,0
2024-10-10 09:00:00,786.53,14.2,170.06,0
2024-10-10 10:00:00,800.38,12.52,195.41,0
2024-10-10 11:00:00,823.78,21.6,271.67,0
2024-10-10 12:00:00,759.51,17.32,265.09,0
2024-10-10 13:00:00,749.28,19.29,234.07,0
2024-10-10 14:00:00,733.16,17.9,191.63,0
2024-10-10 15:00:00,745.22,20.94,170.1,0
2024-10-10 16:00:00,666.32,18.3,112.24,0
2024-10-10 17:00:00,687.69,15.64,66.61,0
2024-10-10 18:00:00,585.48,18.1,0.0,0
2024-10-10 19:00:00,623.03,13.14,0.0,0
2024-10-10 20:00:00,539.7,13.04,0.0,0
2024-10-10 21:00:00,466.18,9.21,0.0,0
2024-10-10 22:00:00,519.51,9.37,0.0,0
2024-10-10 23:00:00,413.7,11.54,0.0,0
2024-10-11 00:00:00,503.26,6.25,0.0,0
2024-10-11 01:00:00,480.27,6.72,0.0,0
2024-10-11 02:00:00,545.31,9.51,0.0,0
2024-10-11 03:00:00,568.64,8.59,0.0,0
2024-10-11 04:00:00,499.82,14.16,0.0,0
2024-10-11 05:00:00,558.63,14.64,0.0,0
2024-10-11 06:00:00,663.37,10.27,0.0,0
2024-10-11 07:00:00,690.05,14.33,56.03,0
2024-10-11 08:00:00,700.64,16.01,146.05,0
2024-10-11 09:00:00,729.71,14.61,182.9,0
2024-10-11 10:00:00,775.08,14.02,185.96,0
2024-10-11 11:00:00,773.28,18.02,211.45,0
2024-10-11 12:00:00,815.8,18.49,236.88,0
2024-10-11 13:00:00,788.56,18.47,238.54,0
2024-10-11 14:00:00,757.81,20.39,237.93,0
2024-10-11 15:00:00,739.25,17.84,188.78,0
2024-10-11 16:00:00,684.97,16.54,145.94,0
2024-10-11 17:00:00,656.66,18.26,59.33,0
2024-10-11 18:00:00,645.36,17.78,0.0,0
2024-10-11 19:00:00,564.76,13.45,0.0,0
2024-10-11 20:00:00,516.38,16.37,0.0,0
2024-10-11 21:00:00,503.2,9.67,0.0,0
2024-10-11 22:00:00,475.45,10.85,0.0,0
2024-10-11 23:00:00,462.97,10.46,0.0,0
2024-10-12 00:00:00,348.15,8.7,0.0,1
2024-10-12 01:00:00,424.95,8.34,0.0,1
2024-10-12 02:00:00,328.67,13.05,0.0,1
2024-10-12 03:00:00,435.53,7.77,0.0,1
2024-10-12 04:00:00,343.19,14.86,0.0,1
2024-10-12 05:00:00,482.61,11.64,0.0,1
2024-10-12 06:00:00,548.67,11.99,0.0,1
2024-10-12 07:00:00,538.95,13.96,56.75,1
2024-10-12 08:00:00,510.88,19.36,125.96,1
2024-10-12 09:00:00,644.35,13.61,203.56,1
2024-10-12 10:00:00,668.01,14.56,255.64,1
2024-10-12 11:00:00,687.99,16.33,279.36,1
2024-10-12 12:00:00,717.25,18.7,257.58,1
2024-10-12 13:00:00,666.87,15.68,231.67,1
2024-10-12 14:00:00,625.28,19.35,209.82,1
2024-10-12 15:00:00,617.45,22.52,202.94,1
2024-10-12 16:00:00,574.32,18.94,121.49,1
2024-10-12 17:00:00,531.21,17.25,68.21,1
2024-10-12 18:00:00,470.68,15.57,0.0,1
2024-10-12 19:00:00,433.76,17.39,0.0,1
2024-10-12 20:00:00,425.11,12.65,0.0,1
2024-10-12 21:00:00,332.64,16.7,0.0,1
2024-10-12 22:00:00,287.53,15.67,0.0,1
2024-10-12 23:00:00,321.95,11.28,0.0,1
2024-10-13 00:00:00,281.81,9.74,0.0,1
2024-10-13 01:00:00,339.42,11.33,0.0,1
2024-10-13 02:00:00,354.58,11.29,0.0,1
2024-10-13 03:00:00,426.73,7.66,0.0,1
2024-10-13 04:00:00,465.46,8.71,0.0,1
2024-10-13 05:00:00,518.71,7.92,0.0,1
2024-10-13 06:00:00,513.08,12.42,0.0,1
2024-10-13 07:00:00,551.61,14.14,65.04,1
2024-10-13 08:00:00,590.91,11.4,136.83,1
2024-10-13 09:00:00,622.01,14.48,168.29,1
2024-10-13 10:00:00,675.43,13.9,259.78,1
2024-10-13 11:00:00,656.43,15.84,284.59,1
2024-10-13 12:00:00,696.8,19.53,261.07,1
2024-10-13 13:00:00,642.12,17.46,206.48,1
2024-10-13 14:00:00,643.57,18.5,190.37,1
2024-10-13 15:00:00,627.61,15.67,148.87,1
2024-10-13 16:00:00,586.68,18.8,131.24,1
2024-10-13 17:00:00,538.84,17.54,76.56,1
2024-10-13 18:00:00,505.95,15.14,0.0,1
2024-10-13 19:00:00,385.45,15.01,0.0,1
2024-10-13 20:00:00,425.27,14.46,0.0,1
2024-10-13 21:00:00,425.02,11.17,0.0,1
2024-10-13 22:00:00,368.29,8.65,0.0,1
2024-10-13 23:00:00,311.0,14.17,0.0,1
2024-10-14 00:00:00,454.78,8.3,0.0,0
2024-10-14 01:00:00,429.42,8.87,0.0,0
2024-10-14 02:00:00,459.19,10.91,0.0,0
2024-10-14 03:00:00,443.87,16.12,0.0,0
2024-10-14 04:00:00,580.4,7.07,0.0,0
2024-10-14 05:00:00,571.7,11.26,0.0,0
2024-10-14 06:00:00,641.9,9.98,0.0,0
2024-10-14 07:00:00,696.29,11.52,59.22,0
2024-10-14 08:00:00,716.23,12.45,148.82,0
2024-10-14 09:00:00,785.66,12.93,183.93,0
2024-10-14 10:00:00,787.15,16.31,214.02,0
2024-10-14 11:00:00,867.91,14.48,206.58,0
2024-10-14 12:00:00,829.3,20.12,248.35,0
2024-10-14 13:00:00,787.58,18.83,275.98,0
2024-10-14 14:00:00,755.07,19.74,219.47,0
2024-10-14 15:00:00,730.87,17.79,186.94,0
2024-10-14 16:00:00,693.29,17.49,128.43,0
2024-10-14 17:00:00,618.96,18.0,73.05,0
2024-10-14 18:00:00,638.95,14.06,0.0,0
2024-10-14 19:00:00,528.58,14.47,0.0,0
2024-10-14 20:00:00,532.16,12.17,0.0,0
2024-10-14 21:00:00,524.31,10.82,0.0,0
2024-10-14 22:00:00,507.88,7.17,0.0,0
2024-10-14 23:00:00,431.29,13.04,0.0,0
2024-10-15 00:00:00,476.72,7.98,0.0,0
2024-10-15 01:00:00,434.09,11.18,0.0,0
2024-10-15 02:00:00,507.9,10.82,0.0,0
2024-10-15 03:00:00,530.28,6.29,0.0,0
2024-10-15 04:00:00,596.16,7.18,0.0,0
2024-10-15 05:00:00,565.86,15.27,0.0,0
2024-10-15 06:00:00,589.4,14.69,0.0,0
2024-10-15 07:00:00,690.3,12.33,76.73,0
2024-10-15 08:00:00,695.25,14.2,107.28,0
2024-10-15 09:00:00,799.01,13.72,150.73,0
2024-10-15 10:00:00,734.22,17.05,257.65,0
2024-10-15 11:00:00,778.96,15.79,227.53,0
2024-10-15 12:00:00,789.87,13.95,280.07,0
2024-10-15 13:00:00,760.51,15.87,228.8,0
2024-10-15 14:00:00,800.27,18.73,192.1,0
2024-10-15 15:00:00,752.45,16.25,205.72,0
2024-10-15 16:00:00,684.69,17.88,139.26,0
2024-10-15 17:00:00,644.62,15.07,77.08,0
2024-10-15 18:00:00,636.47,14.62,0.0,0
2024-10-15 19:00:00,520.76,16.69,0.0,0
2024-10-15 20:00:00,538.02,14.18,0.0,0
2024-10-15 21:00:00,473.03,12.37,0.0,0
2024-10-15 22:00:00,441.24,12.94,0.0,0
2024-10-15 23:00:00,474.65,11.11,0.0,0
2024-10-16 00:00:00,461.15,12.04,0.0,0
2024-10-16 01:00:00,504.43,7.73,0.0,0
2024-10-16 02:00:00,484.33,7.62,0.0,0
2024-10-16 03:00:00,546.91,6.05,0.0,0
2024-10-16 04:00:00,580.99,8.29,0.0,0
2024-10-16 05:00:00,568.25,11.88,0.0,0
2024-10-16 06:00:00,658.46,13.58,0.0,0
2024-10-16 07:00:00,610.63,14.11,61.94,0
2024-10-16 08:00:00,741.6,9.89,120.92,0
2024-10-16 09:00:00,719.26,16.94,172.89,0
2024-10-16 10:00:00,739.06,12.3,239.0,0
2024-10-16 11:00:00,746.41,18.81,266.56,0
2024-10-16 12:00:00,804.87,17.08,222.33,0
2024-10-16 13:00:00,791.11,19.72,288.66,0
2024-10-16 14:00:00,814.37,15.82,245.66,0
2024-10-16 15:00:00,786.59,20.65,173.3,0
2024-10-16 16:00:00,722.01,14.88,113.23,0
2024-10-16 17:00:00,662.79,15.68,69.3,0
2024-10-16 18:00:00,621.79,13.99,0.0,0
2024-10-16 19:00:00,529.19,11.27,0.0,0
2024-10-16 20:00:00,488.43,13.67,0.0,0
2024-10-16 21:00:00,463.1,15.8,0.0,0
2024-10-16 22:00:00,439.04,16.32,0.0,0
2024-10-16 23:00:00,472.65,10.14,0.0,0
2024-10-17 00:00:00,425.88,11.18,0.0,0
2024-10-17 01:00:00,501.13,8.91,0.0,0
2024-10-17 02:00:00,531.11,9.27,0.0,0
2024-10-17 03:00:00,564.4,7.76,0.0,0
2024-10-17 04:00:00,591.37,9.34,0.0,0
2024-10-17 05:00:00,586.09,10.82,0.0,0
2024-10-17 06:00:00,690.7,9.62,0.0,0
2024-10-17 07:00:00,697.13,11.83,71.56,0
2024-10-17 08:00:00,741.19,13.16,133.75,0
2024-10-17 09:00:00,748.32,16.22,180.78,0
2024-10-17 10:00:00,793.72,13.65,231.81,0
2024-10-17 11:00:00,764.59,16.71,241.73,0
2024-10-17 12:00:00,812.26,21.43,278.52,0
2024-10-17 13:00:00,822.2,20.43,234.54,0
2024-10-17 14:00:00,771.92,20.98,193.26,0
2024-10-17 15:00:00,745.31,18.16,197.87,0
2024-10-17 16:00:00,700.92,18.25,127.15,0
2024-10-17 17:00:00,632.46,18.82,62.54,0
2024-10-17 18:00:00,623.7,18.9,0.0,0
2024-10-17 19:00:00,592.67,10.67,0.0,0
2024-10-17 20:00:00,591.28,10.65,0.0,0
2024-10-17 21:00:00,483.41,14.6,0.0,0
2024-10-17 22:00:00,484.16,10.22,0.0,0
2024-10-17 23:00:00,460.64,8.4,0.0,0
2024-10-18 00:00:00,495.45,6.23,0.0,0
2024-10-18 01:00:00,490.39,7.13,0.0,0
2024-10-18 02:00:00,502.65,5.27,0.0,0
2024-10-18 03:00:00,488.88,12.43,0.0,0
2024-10-18 04:00:00,552.92,8.7,0.0,0
2024-10-18 05:00:00,628.67,9.42,0.0,0
2024-10-18 06:00:00,675.16,11.75,0.0,0
2024-10-18 07:00:00,644.05,13.7,69.19,0
2024-10-18 08:00:00,753.16,14.96,138.79,0
2024-10-18 09:00:00,733.06,16.51,175.67,0
2024-10-18 10:00:00,765.72,14.31,191.08,0
2024-10-18 11:00:00,812.0,16.01,244.52,0
2024-10-18 12:00:00,778.25,18.94,240.47,0
2024-10-18 13:00:00,782.66,16.85,258.68,0
2024-10-18 14:00:00,743.73,18.06,229.55,0
2024-10-18 15:00:00,708.01,18.7,193.92,0
2024-10-18 16:00:00,707.84,18.97,118.25,0
2024-10-18 17:00:00,674.07,13.05,69.28,0
2024-10-18 18:00:00,554.06,17.0,0.0,0
2024-10-18 19:00:00,583.02,13.9,0.0,0
2024-10-18 20:00:00,484.98,14.49,0.0,0
2024-10-18 21:00:00,456.42,13.33,0.0,0
2024-10-18 22:00:00,478.72,13.79,0.0,0
2024-10-18 23:00:00,414.46,12.24,0.0,0
2024-10-19 00:00:00,269.76,11.23,0.0,1
2024-10-19 01:00:00,353.11,10.93,0.0,1
2024-10-19 02:00:00,374.67,8.45,0.0,1
2024-10-19 03:00:00,412.09,8.1,0.0,1
2024-10-19 04:00:00,429.29,10.29,0.0,1
2024-10-19 05:00:00,486.05,10.8,0.0,1
2024-10-19 06:00:00,523.67,9.75,0.0,1
2024-10-19 07:00:00,604.81,12.39,62.56,1
2024-10-19 08:00:00,575.1,12.8,119.02,1
2024-10-19 09:00:00,667.98,12.46,163.96,1
2024-10-19 10:00:00,649.75,17.95,243.66,1
2024-10-19 11:00:00,649.04,16.52,235.68,1
2024-10-19 12:00:00,667.38,21.3,247.8,1
2024-10-19 13:00:00,714.13,14.45,207.74,1
2024-10-19 14:00:00,620.87,16.76,241.7,1
2024-10-19 15:00:00,588.61,17.76,208.39,1
2024-10-19 16:00:00,596.93,19.47,120.59,1
2024-10-19 17:00:00,520.59,17.2,60.4,1
2024-10-19 18:00:00,435.17,15.99,0.0,1
2024-10-19 19:00:00,512.82,11.91,0.0,1
2024-10-19 20:00:00,421.19,10.56,0.0,1
2024-10-19 21:00:00,366.3,12.22,0.0,1
2024-10-19 22:00:00,396.78,7.64,0.0,1
2024-10-19 23:00:00,379.74,8.27,0.0,1
2024-10-20 00:00:00,395.64,9.34,0.0,1
2024-10-20 01:00:00,346.59,5.87,0.0,1
2024-10-20 02:00:00,378.67,10.88,0.0,1
2024-10-20 03:00:00,414.3,10.29,0.0,1
2024-10-20 04:00:00,484.63,5.19,0.0,1
2024-10-20 05:00:00,535.25,7.27,0.0,1
2024-10-20 06:00:00,607.4,5.6,0.0,1
2024-10-20 07:00:00,559.14,9.81,76.66,1
2024-10-20 08:00:00,641.75,14.2,132.6,1
2024-10-20 09:00:00,611.12,13.13,193.49,1
2024-10-20 10:00:00,623.94,16.09,241.99,1
2024-10-20 11:00:00,695.06,13.16,233.73,1
2024-10-20 12:00:00,714.05,18.59,288.28,1
2024-10-20 13:00:00,661.62,16.39,214.95,1
2024-10-20 14:00:00,635.5,17.69,207.99,1
2024-10-20 15:00:00,644.12,17.31,166.9,1
2024-10-20 16:00:00,587.95,14.45,107.91,1
2024-10-20 17:00:00,523.34,13.9,55.69,1
2024-10-20 18:00:00,458.54,17.1,0.0,1
2024-10-20 19:00:00,474.92,14.76,0.0,1
2024-10-20 20:00:00,394.1,14.77,0.0,1
2024-10-20 21:00:00,426.62,12.02,0.0,1
2024-10-20 22:00:00,380.72,10.45,0.0,1
2024-10-20 23:00:00,373.9,5.68,0.0,1
2024-10-21 00:00:00,485.34,7.59,0.0,0
2024-10-21 01:00:00,469.68,7.58,0.0,0
2024-10-21 02:00:00,456.38,11.37,0.0,0
2024-10-21 03:00:00,640.47,9.01,0.0,0
2024-10-21 04:00:00,573.4,11.21,0.0,0
2024-10-21 05:00:00,628.52,10.12,0.0,0
2024-10-21 06:00:00,659.0,8.54,0.0,0
2024-10-21 07:00:00,736.95,11.4,75.94,0
2024-10-21 08:00:00,758.11,12.94,131.51,0
2024-10-21 09:00:00,829.66,11.88,179.46,0
2024-10-21 10:00:00,837.07,14.2,254.73,0
2024-10-21 11:00:00,760.32,15.59,245.45,0
2024-10-21 12:00:00,772.31,20.01,213.67,0
2024-10-21 13:00:00,796.76,13.13,204.68,0
2024-10-21 14:00:00,748.37,19.88,218.37,0
2024-10-21 15:00:00,755.3,15.42,179.35,0
2024-10-21 16:00:00,705.32,14.05,137.15,0
2024-10-21 17:00:00,687.18,18.36,54.42,0
2024-10-21 18:00:00,643.33,16.43,0.0,0
2024-10-21 19:00:00,545.4,16.27,0.0,0
2024-10-21 20:00:00,568.22,14.07,0.0,0
2024-10-21 21:00:00,502.88,15.29,0.0,0
2024-10-21 22:00:00,464.71,11.08,0.0,0
2024-10-21 23:00:00,430.42,8.62,0.0,0
2024-10-22 00:00:00,468.36,8.62,0.0,0
2024-10-22 01:00:00,451.49,9.92,0.0,0
2024-10-22 02:00:00,534.91,5.7,0.0,0
2024-10-22 03:00:00,559.51,6.13,0.0,0
2024-10-22 04:00:00,588.42,7.32,0.0,0
2024-10-22 05:00:00,676.14,4.52,0.0,0
2024-10-22 06:00:00,629.29,10.04,0.0,0
2024-10-22 07:00:00,750.08,7.2,56.5,0
2024-10-22 08:00:00,725.32,12.37,139.44,0
2024-10-22 09:00:00,753.54,15.29,177.7,0
2024-10-22 10:00:00,819.04,13.81,217.88,0
2024-10-22 11:00:00,754.11,19.15,213.78,0
2024-10-22 12:00:00,816.24,13.67,295.45,0
2024-10-22 13:00:00,784.98,19.48,252.88,0
2024-10-22 14:00:00,746.48,18.61,245.59,0
2024-10-22 15:00:00,787.31,13.66,210.76,0
2024-10-22 16:00:00,702.14,22.02,143.38,0
2024-10-22 17:00:00,641.17,15.67,54.9,0
2024-10-22 18:00:00,612.17,13.01,0.0,0
2024-10-22 19:00:00,628.11,10.74,0.0,0
2024-10-22 20:00:00,529.46,11.82,0.0,0
2024-10-22 21:00:00,522.94,10.71,0.0,0
2024-10-22 22:00:00,536.5,9.97,0.0,0
2024-10-22 23:00:00,483.62,8.13,0.0,0
2024-10-23 00:00:00,497.81,9.0,0.0,0
2024-10-23 01:00:00,544.02,6.46,0.0,0
2024-10-23 02:00:00,580.55,3.19,0.0,0
2024-10-23 03:00:00,548.81,6.93,0.0,0
2024-10-23 04:00:00,646.08,3.0,0.0,0
2024-10-23 05:00:00,583.7,9.23,0.0,0
2024-10-23 06:00:00,664.46,7.6,0.0,0
2024-10-23 07:00:00,685.69,11.1,69.98,0
2024-10-23 08:00:00,769.11,14.69,108.4,0
2024-10-23 09:00:00,766.51,11.46,152.41,0
2024-10-23 10:00:00,745.67,16.69,256.64,0
2024-10-23 11:00:00,779.77,14.73,288.48,0
2024-10-23 12:00:00,812.99,19.9,261.74,0
2024-10-23 13:00:00,795.13,16.16,238.43,0
2024-10-23 14:00:00,806.56,15.38,238.15,0
2024-10-23 15:00:00,740.87,18.27,195.62,0
2024-10-23 16:00:00,670.28,15.52,119.47,0
2024-10-23 17:00:00,652.43,13.92,63.63,0
2024-10-23 18:00:00,658.06,13.61,0.0,0
2024-10-23 19:00:00,570.48,13.27,0.0,0
2024-10-23 20:00:00,542.22,14.75,0.0,0
2024-10-23 21:00:00,545.83,6.9,0.0,0
2024-10-23 22:00:00,466.51,9.61,0.0,0
2024-10-23 23:00:00,461.46,9.78,0.0,0
2024-10-24 00:00:00,456.6,7.92,0.0,0
2024-10-24 01:00:00,456.14,9.65,0.0,0
2024-10-24 02:00:00,524.67,6.71,0.0,0
2024-10-24 03:00:00,564.73,6.66,0.0,0
2024-10-24 04:00:00,533.07,8.72,0.0,0
2024-10-24 05:00:00,622.54,8.53,0.0,0
2024-10-24 06:00:00,659.51,8.58,0.0,0
2024-10-24 07:00:00,679.54,11.6,74.18,0
2024-10-24 08:00:00,757.74,10.56,148.89,0
2024-10-24 09:00:00,768.31,11.93,161.68,0
2024-10-24 10:00:00,834.69,13.31,259.65,0
2024-10-24 11:00:00,803.93,18.1,259.88,0
2024-10-24 12:00:00,892.03,9.75,255.49,0
2024-10-24 13:00:00,765.97,17.48,218.61,0
2024-10-24 14:00:00,739.83,16.93,194.45,0
2024-10-24 15:00:00,770.16,13.33,166.0,0
2024-10-24 16:00:00,688.12,16.81,138.88,0
2024-10-24 17:00:00,633.04,16.35,60.87,0
2024-10-24 18:00:00,575.18,15.54,0.0,0
2024-10-24 19:00:00,628.66,7.85,0.0,0
2024-10-24 20:00:00,503.94,14.6,0.0,0
2024-10-24 21:00:00,544.85,9.09,0.0,0
2024-10-24 22:00:00,496.06,10.74,0.0,0
2024-10-24 23:00:00,496.24,9.81,0.0,0
2024-10-25 00:00:00,472.71,5.58,0.0,0
2024-10-25 01:00:00,495.29,8.16,0.0,0
2024-10-25 02:00:00,509.68,5.89,0.0,0
2024-10-25 03:00:00,561.15,2.69,0.0,0
2024-10-25 04:00:00,552.59,9.67,0.0,0
2024-10-25 05:00:00,669.17,6.58,0.0,0
2024-10-25 06:00:00,676.14,7.46,0.0,0
2024-10-25 07:00:00,755.26,9.56,70.2,0
2024-10-25 08:00:00,751.63,12.21,141.09,0
2024-10-25 09:00:00,763.13,12.84,185.49,0
2024-10-25 10:00:00,809.6,15.26,237.45,0
2024-10-25 11:00:00,839.11,12.52,260.28,0
2024-10-25 12:00:00,791.59,14.51,253.59,0
2024-10-25 13:00:00,837.04,16.26,275.08,0
2024-10-25 14:00:00,784.29,20.46,196.97,0
2024-10-25 15:00:00,739.23,16.27,202.87,0
2024-10-25 16:00:00,660.26,18.16,128.36,0
2024-10-25 17:00:00,688.48,15.28,60.27,0
2024-10-25 18:00:00,640.96,13.2,0.0,0
2024-10-25 19:00:00,599.32,12.46,0.0,0
2024-10-25 20:00:00,534.04,11.33,0.0,0
2024-10-25 21:00:00,523.66,11.58,0.0,0
2024-10-25 22:00:00,490.46,11.91,0.0,0
2024-10-25 23:00:00,461.61,8.85,0.0,0
2024-10-26 00:00:00,309.47,9.51,0.0,1
2024-10-26 01:00:00,414.28,4.71,0.0,1
2024-10-26 02:00:00,371.09,5.64,0.0,1
2024-10-26 03:00:00,450.5,5.19,0.0,1
2024-10-26 04:00:00,451.17,7.77,0.0,1
2024-10-26 05:00:00,546.57,7.21,0.0,1
2024-10-26 06:00:00,525.92,10.43,0.0,1
2024-10-26 07:00:00,636.34,8.31,70.98,1
2024-10-26 08:00:00,611.62,11.55,111.65,1
2024-10-26 09:00:00,665.08,14.13,174.15,1
2024-10-26 10:00:00,766.36,9.84,214.65,1
2024-10-26 11:00:00,638.94,19.25,232.48,1
2024-10-26 12:00:00,695.0,15.23,222.96,1
2024-10-26 13:00:00,779.44,12.25,226.15,1
2024-10-26 14:00:00,647.04,16.78,243.35,1
2024-10-26 15:00:00,619.34,16.36,182.42,1
2024-10-26 16:00:00,603.38,15.63,105.89,1
2024-10-26 17:00:00,522.95,16.98,64.73,1
2024-10-26 18:00:00,442.71,15.46,0.0,1
2024-10-26 19:00:00,482.98,13.36,0.0,1
2024-10-26 20:00:00,366.26,12.37,0.0,1
2024-10-26 21:00:00,388.52,9.96,0.0,1
2024-10-26 22:00:00,371.81,12.52,0.0,1
2024-10-26 23:00:00,388.18,4.97,0.0,1
2024-10-27 00:00:00,350.47,7.22,0.0,1
2024-10-27 01:00:00,403.1,6.57,0.0,1
2024-10-27 02:00:00,366.55,7.9,0.0,1
2024-10-27 03:00:00,420.5,4.75,0.0,1
2024-10-27 04:00:00,512.34,3.45,0.0,1
2024-10-27 05:00:00,503.18,8.05,0.0,1
2024-10-27 06:00:00,515.59,9.33,0.0,1
2024-10-27 07:00:00,578.14,12.95,68.03,1
2024-10-27 08:00:00,664.32,8.73,109.71,1
2024-10-27 09:00:00,623.7,14.87,189.25,1
2024-10-27 10:00:00,630.97,18.5,237.41,1
2024-10-27 11:00:00,704.45,14.05,259.19,1
2024-10-27 12:00:00,739.58,13.02,280.68,1
2024-10-27 13:00:00,673.26,15.29,242.43,1
2024-10-27 14:00:00,666.6,16.3,248.32,1
2024-10-27 15:00:00,623.28,17.23,160.11,1
2024-10-27 16:00:00,617.81,14.42,139.85,1
2024-10-27 17:00:00,513.59,17.92,63.71,1
2024-10-27 18:00:00,501.79,11.54,0.0,1
2024-10-27 19:00:00,485.82,9.09,0.0,1
2024-10-27 20:00:00,413.74,13.48,0.0,1
2024-10-27 21:00:00,489.78,5.43,0.0,1
2024-10-27 22:00:00,371.08,8.36,0.0,1
2024-10-27 23:00:00,327.24,13.97,0.0,1
2024-10-28 00:00:00,484.6,6.72,0.0,0
2024-10-28 01:00:00,529.55,4.0,0.0,0
2024-10-28 02:00:00,565.09,5.96,0.0,0
2024-10-28 03:00:00,576.26,6.14,0.0,0
2024-10-28 04:00:00,558.32,7.07,0.0,0
2024-10-28 05:00:00,605.29,8.86,0.0,0
2024-10-28 06:00:00,726.45,6.5,0.0,0
2024-10-28 07:00:00,683.76,13.16,74.97,0
2024-10-28 08:00:00,715.64,11.56,133.37,0
2024-10-28 09:00:00,742.73,13.82,188.95,0
2024-10-28 10:00:00,827.61,12.32,250.28,0
2024-10-28 11:00:00,806.22,17.18,281.25,0
2024-10-28 12:00:00,811.55,14.89,265.36,0
2024-10-28 13:00:00,850.48,16.46,203.53,0
2024-10-28 14:00:00,811.73,14.21,215.46,0
2024-10-28 15:00:00,756.24,13.91,172.56,0
2024-10-28 16:00:00,671.8,16.78,128.8,0
2024-10-28 17:00:00,650.17,13.72,62.22,0
2024-10-28 18:00:00,649.72,11.87,0.0,0
2024-10-28 19:00:00,585.2,11.08,0.0,0
2024-10-28 20:00:00,577.12,12.47,0.0,0
2024-10-28 21:00:00,570.02,8.52,0.0,0
2024-10-28 22:00:00,519.23,8.34,0.0,0
2024-10-28 23:00:00,461.65,7.57,0.0,0
2024-10-29 00:00:00,516.05,2.71,0.0,0
2024-10-29 01:00:00,567.13,3.11,0.0,0
2024-10-29 02:00:00,507.2,6.55,0.0,0
2024-10-29 03:00:00,600.87,4.58,0.0,0
2024-10-29 04:00:00,585.24,8.66,0.0,0
2024-10-29 05:00:00,616.75,9.28,0.0,0
2024-10-29 06:00:00,644.25,9.82,0.0,0
2024-10-29 07:00:00,677.16,13.23,55.13,0
2024-10-29 08:00:00,757.61,10.71,146.2,0
2024-10-29 09:00:00,792.52,13.47,160.03,0
2024-10-29 10:00:00,788.95,12.21,233.19,0
2024-10-29 11:00:00,779.81,19.32,215.93,0
2024-10-29 12:00:00,792.89,19.18,210.74,0
2024-10-29 13:00:00,812.42,15.73,259.47,0
2024-10-29 14:00:00,743.97,16.65,249.73,0
2024-10-29 15:00:00,692.79,18.43,202.94,0
2024-10-29 16:00:00,727.69,14.92,115.86,0
2024-10-29 17:00:00,642.8,13.1,74.27,0
2024-10-29 18:00:00,640.85,15.13,0.0,0
2024-10-29 19:00:00,581.03,12.33,0.0,0
2024-10-29 20:00:00,508.86,11.25,0.0,0
2024-10-29 21:00:00,527.4,7.92,0.0,0
2024-10-29 22:00:00,546.83,4.94,0.0,0
2024-10-29 23:00:00,475.33,7.82,0.0,0
2024-10-30 00:00:00,478.84,8.17,0.0,0
2024-10-30 01:00:00,531.27,5.41,0.0,0
2024-10-30 02:00:00,496.15,8.56,0.0,0
2024-10-30 03:00:00,550.66,4.45,0.0,0
2024-10-30 04:00:00,610.06,4.25,0.0,0
2024-10-30 05:00:00,673.44,7.02,0.0,0
2024-10-30 06:00:00,721.92,8.02,0.0,0
2024-10-30 07:00:00,651.94,10.93,61.27,0
2024-10-30 08:00:00,795.91,9.14,134.4,0
2024-10-30 09:00:00,760.51,14.72,191.11,0
2024-10-30 10:00:00,785.1,17.12,238.79,0
2024-10-30 11:00:00,797.99,14.14,242.06,0
2024-10-30 12:00:00,740.63,17.52,267.59,0
2024-10-30 13:00:00,833.77,13.4,242.81,0
2024-10-30 14:00:00,731.31,17.84,228.16,0
2024-10-30 15:00:00,690.61,17.61,158.88,0
2024-10-30 16:00:00,659.61,16.74,146.71,0
2024-10-30 17:00:00,684.88,14.19,64.32,0
2024-10-30 18:00:00,690.71,7.28,0.0,0
2024-10-30 19:00:00,620.83,10.7,0.0,0
2024-10-30 20:00:00,582.38,9.43,0.0,0
2024-10-30 21:00:00,533.7,7.44,0.0,0
2024-10-30 22:00:00,500.72,8.43,0.0,0
2024-10-30 23:00:00,490.9,6.31,0.0,0
2024-10-31 00:00:00,509.59,4.52,0.0,0
2024-10-31 01:00:00,507.16,3.55,0.0,0
2024-10-31 02:00:00,555.92,4.06,0.0,0
2024-10-31 03:00:00,566.38,7.91,0.0,0
2024-10-31 04:00:00,591.16,4.84,0.0,0
2024-10-31 05:00:00,680.98,5.93,0.0,0
2024-10-31 06:00:00,692.03,7.08,0.0,0
2024-10-31 07:00:00,719.01,9.88,74.05,0
2024-10-31 08:00:00,703.45,11.41,137.06,0
2024-10-31 09:00:00,799.25,5.7,173.02,0
2024-10-31 10:00:00,786.43,15.04,245.37,0
2024-10-31 11:00:00,803.9,16.9,210.77,0
2024-10-31 12:00:00,815.97,12.72,263.01,0
2024-10-31 13:00:00,861.14,13.38,215.89,0
2024-10-31 14:00:00,805.64,14.59,240.38,0
2024-10-31 15:00:00,740.59,13.81,192.2,0
2024-10-31 16:00:00,708.05,15.27,147.33,0
2024-10-31 17:00:00,772.32,10.14,71.64,0
2024-10-31 18:00:00,621.35,10.76,0.0,0
2024-10-31 19:00:00,572.77,14.87,0.0,0
2024-10-31 20:00:00,565.55,8.64,0.0,0
2024-10-31 21:00:00,519.38,11.69,0.0,0
2024-10-31 22:00:00,531.43,8.71,0.0,0
2024-10-31 23:00:00,523.76,3.34,0.0,0
2024-11-01 00:00:00,515.53,7.24,0.0,0
2024-11-01 01:00:00,569.96,5.24,0.0,0
2024-11-01 02:00:00,544.52,4.39,0.0,0
2024-11-01 03:00:00,578.56,5.96,0.0,0
2024-11-01 04:00:00,576.01,6.92,0.0,0
2024-11-01 05:00:00,626.88,8.18,0.0,0
2024-11-01 06:00:00,653.98,10.16,0.0,0
2024-11-01 07:00:00,733.43,9.83,61.28,0
2024-11-01 08:00:00,814.59,7.55,112.98,0
2024-11-01 09:00:00,792.17,10.65,159.84,0
2024-11-01 10:00:00,798.44,18.69,237.65,0
2024-11-01 11:00:00,838.55,15.29,266.85,0
2024-11-01 12:00:00,814.9,19.37,253.07,0
2024-11-01 13:00:00,761.04,17.92,205.65,0
2024-11-01 14:00:00,760.04,15.79,188.06,0
2024-11-01 15:00:00,723.75,15.74,189.24,0
2024-11-01 16:00:00,738.12,14.56,114.91,0
2024-11-01 17:00:00,677.83,10.36,56.18,0
2024-11-01 18:00:00,648.52,12.84,0.0,0
2024-11-01 19:00:00,541.02,14.02,0.0,0
2024-11-01 20:00:00,589.54,9.1,0.0,0
2024-11-01 21:00:00,520.67,9.83,0.0,0
2024-11-01 22:00:00,525.07,9.51,0.0,0
2024-11-01 23:00:00,545.86,4.95,0.0,0
2024-11-02 00:00:00,427.06,4.88,0.0,1
2024-11-02 01:00:00,450.85,3.25,0.0,1
2024-11-02 02:00:00,435.68,3.47,0.0,1
2024-11-02 03:00:00,442.51,2.71,0.0,1
2024-11-02 04:00:00,473.85,3.98,0.0,1
2024-11-02 05:00:00,441.89,9.42,0.0,1
2024-11-02 06:00:00,555.07,5.78,0.0,1
2024-11-02 07:00:00,602.75,9.07,75.85,1
2024-11-02 08:00:00,634.92,9.11,116.08,1
2024-11-02 09:00:00,639.26,13.77,154.26,1
2024-11-02 10:00:00,673.16,15.24,220.02,1
2024-11-02 11:00:00,671.8,15.38,227.29,1
2024-11-02 12:00:00,661.39,15.06,217.74,1
2024-11-02 13:00:00,687.03,14.48,233.91,1
2024-11-02 14:00:00,663.44,12.73,207.25,1
2024-11-02 15:00:00,602.96,18.83,166.22,1
2024-11-02 16:00:00,644.32,12.93,138.28,1
2024-11-02 17:00:00,535.23,14.98,64.07,1
2024-11-02 18:00:00,536.94,14.73,0.0,1
2024-11-02 19:00:00,521.05,10.3,0.0,1
2024-11-02 20:00:00,403.61,12.19,0.0,1
2024-11-02 21:00:00,367.31,10.35,0.0,1
2024-11-02 22:00:00,354.78,11.07,0.0,1
2024-11-02 23:00:00,419.25,5.64,0.0,1
2024-11-03 00:00:00,397.5,3.02,0.0,1
2024-11-03 01:00:00,428.66,4.09,0.0,1
2024-11-03 02:00:00,443.56,5.34,0.0,1
2024-11-03 03:00:00,427.09,5.21,0.0,1
2024-11-03 04:00:00,475.0,4.81,0.0,1
2024-11-03 05:00:00,580.33,2.57,0.0,1
2024-11-03 06:00:00,560.12,8.37,0.0,1
2024-11-03 07:00:00,548.84,12.58,74.22,1
2024-11-03 08:00:00,622.64,10.86,116.85,1
2024-11-03 09:00:00,655.27,12.44,203.29,1
2024-11-03 10:00:00,638.37,13.57,194.42,1
2024-11-03 11:00:00,709.76,14.26,237.93,1
2024-11-03 12:00:00,666.83,16.12,215.57,1
2024-11-03 13:00:00,608.12,15.55,214.5,1
2024-11-03 14:00:00,669.6,14.3,253.97,1
2024-11-03 15:00:00,631.24,13.16,203.39,1
2024-11-03 16:00:00,644.63,13.76,122.95,1
2024-11-03 17:00:00,536.22,14.09,65.57,1
2024-11-03 18:00:00,494.61,11.79,0.0,1
2024-11-03 19:00:00,482.44,11.85,0.0,1
2024-11-03 20:00:00,415.44,10.8,0.0,1
2024-11-03 21:00:00,376.1,10.3,0.0,1
2024-11-03 22:00:00,379.61,9.99,0.0,1
2024-11-03 23:00:00,355.33,6.55,0.0,1
2024-11-04 00:00:00,495.62,2.79,0.0,0
2024-11-04 01:00:00,567.76,4.22,0.0,0
2024-11-04 02:00:00,553.0,4.83,0.0,0
2024-11-04 03:00:00,599.58,1.24,0.0,0
2024-11-04 04:00:00,578.04,8.19,0.0,0
2024-11-04 05:00:00,655.99,6.49,0.0,0
2024-11-04 06:00:00,704.3,8.0,0.0,0
2024-11-04 07:00:00,681.09,11.18,74.52,0
2024-11-04 08:00:00,784.35,8.48,119.65,0
2024-11-04 09:00:00,766.93,12.18,170.98,0
2024-11-04 10:00:00,808.27,12.02,251.91,0
2024-11-04 11:00:00,828.13,12.91,249.14,0
2024-11-04 12:00:00,834.57,12.53,239.96,0
2024-11-04 13:00:00,792.56,17.9,246.87,0
2024-11-04 14:00:00,805.49,13.99,207.25,0
2024-11-04 15:00:00,704.03,15.97,160.18,0
2024-11-04 16:00:00,722.85,10.32,119.14,0
2024-11-04 17:00:00,646.16,15.64,63.29,0
2024-11-04 18:00:00,662.27,14.34,0.0,0
2024-11-04 19:00:00,574.65,11.23,0.0,0
2024-11-04 20:00:00,561.93,9.29,0.0,0
2024-11-04 21:00:00,512.71,9.25,0.0,0
2024-11-04 22:00:00,454.76,11.82,0.0,0
2024-11-04 23:00:00,544.49,2.68,0.0,0
2024-11-05 00:00:00,527.12,6.79,0.0,0
2024-11-05 01:00:00,549.19,2.9,0.0,0
2024-11-05 02:00:00,521.55,4.52,0.0,0
2024-11-05 03:00:00,645.11,4.23,0.0,0
2024-11-05 04:00:00,618.28,4.37,0.0,0
2024-11-05 05:00:00,633.81,6.0,0.0,0
2024-11-05 06:00:00,747.43,4.79,0.0,0
2024-11-05 07:00:00,696.84,10.32,72.35,0
2024-11-05 08:00:00,841.9,5.97,138.1,0
2024-11-05 09:00:00,760.36,11.93,208.86,0
2024-11-05 10:00:00,854.93,11.4,186.5,0
2024-11-05 11:00:00,850.72,10.75,250.13,0
2024-11-05 12:00:00,849.37,14.29,239.26,0
2024-11-05 13:00:00,888.02,11.27,230.02,0
2024-11-05 14:00:00,758.54,14.63,191.65,0
2024-11-05 15:00:00,817.92,11.54,169.82,0
2024-11-05 16:00:00,676.7,14.81,124.71,0
2024-11-05 17:00:00,673.16,11.24,61.1,0
2024-11-05 18:00:00,628.38,11.15,0.0,0
2024-11-05 19:00:00,606.45,11.44,0.0,0
2024-11-05 20:00:00,580.72,8.01,0.0,0
2024-11-05 21:00:00,532.94,8.15,0.0,0
2024-11-05 22:00:00,550.17,4.03,0.0,0
2024-11-05 23:00:00,508.78,7.28,0.0,0
2024-11-06 00:00:00,490.99,8.57,0.0,0
2024-11-06 01:00:00,492.9,10.13,0.0,0
2024-11-06 02:00:00,586.75,4.55,0.0,0
2024-11-06 03:00:00,556.85,6.12,0.0,0
2024-11-06 04:00:00,632.16,1.48,0.0,0
2024-11-06 05:00:00,635.15,8.84,0.0,0
2024-11-06 06:00:00,647.14,8.42,0.0,0
2024-11-06 07:00:00,723.69,7.11,55.12,0
2024-11-06 08:00:00,766.52,11.85,144.41,0
2024-11-06 09:00:00,796.74,10.16,179.85,0
2024-11-06 10:00:00,793.44,10.96,255.79,0
2024-11-06 11:00:00,777.35,13.86,261.85,0
2024-11-06 12:00:00,845.46,11.58,244.15,0
2024-11-06 13:00:00,819.28,16.25,216.66,0
2024-11-06 14:00:00,838.81,12.26,202.88,0
2024-11-06 15:00:00,783.17,12.1,182.68,0
2024-11-06 16:00:00,791.39,11.88,109.08,0
2024-11-06 17:00:00,664.87,14.43,70.59,0
2024-11-06 18:00:00,650.15,10.64,0.0,0
2024-11-06 19:00:00,564.35,7.97,0.0,0
2024-11-06 20:00:00,567.21,8.16,0.0,0
2024-11-06 21:00:00,559.74,8.01,0.0,0
2024-11-06 22:00:00,580.79,4.51,0.0,0
2024-11-06 23:00:00,510.72,3.53,0.0,0
2024-11-07 00:00:00,480.72,9.08,0.0,0
2024-11-07 01:00:00,566.59,2.64,0.0,0
2024-11-07 02:00:00,551.63,3.54,0.0,0
2024-11-07 03:00:00,525.23,3.63,0.0,0
2024-11-07 04:00:00,626.0,4.02,0.0,0
2024-11-07 05:00:00,658.29,6.9,0.0,0
2024-11-07 06:00:00,650.44,8.59,0.0,0
2024-11-07 07:00:00,732.56,7.28,57.8,0
2024-11-07 08:00:00,763.93,6.72,112.16,0
2024-11-07 09:00:00,706.83,13.03,205.47,0
2024-11-07 10:00:00,843.88,11.5,185.78,0
2024-11-07 11:00:00,791.22,16.19,273.92,0
2024-11-07 12:00:00,909.64,9.03,262.71,0
2024-11-07 13:00:00,830.5,14.41,271.07,0
2024-11-07 14:00:00,744.63,18.03,192.75,0
2024-11-07 15:00:00,766.2,13.31,164.44,0
2024-11-07 16:00:00,743.45,13.07,134.09,0
2024-11-07 17:00:00,702.76,13.32,61.76,0
2024-11-07 18:00:00,662.33,10.57,0.0,0
2024-11-07 19:00:00,637.27,9.86,0.0,0
2024-11-07 20:00:00,567.43,8.52,0.0,0
2024-11-07 21:00:00,527.23,6.64,0.0,0
2024-11-07 22:00:00,493.69,9.15,0.0,0
2024-11-07 23:00:00,506.17,6.58,0.0,0
2024-11-08 00:00:00,478.14,5.18,0.0,0
2024-11-08 01:00:00,475.41,5.8,0.0,0
2024-11-08 02:00:00,563.15,3.48,0.0,0
2024-11-08 03:00:00,582.09,2.63,0.0,0
2024-11-08 04:00:00,621.1,3.48,0.0,0
2024-11-08 05:00:00,644.45,5.48,0.0,0
2024-11-08 06:00:00,754.09,4.39,0.0,0
2024-11-08 07:00:00,776.14,6.72,68.05,0
2024-11-08 08:00:00,749.28,7.98,135.77,0
2024-11-08 09:00:00,742.56,14.55,152.37,0
2024-11-08 10:00:00,894.82,5.96,239.32,0
2024-11-08 11:00:00,846.36,12.19,255.16,0
2024-11-08 12:00:00,791.04,16.79,265.59,0
2024-11-08 13:00:00,783.9,14.08,268.81,0
2024-11-08 14:00:00,760.96,15.52,242.86,0
2024-11-08 15:00:00,748.1,14.04,192.89,0
2024-11-08 16:00:00,746.86,12.01,111.11,0
2024-11-08 17:00:00,773.73,8.06,59.78,0
2024-11-08 18:00:00,623.61,11.92,0.0,0
2024-11-08 19:00:00,595.04,8.75,0.0,0
2024-11-08 20:00:00,583.18,7.41,0.0,0
2024-11-08 21:00:00,577.18,6.72,0.0,0
2024-11-08 22:00:00,450.61,10.0,0.0,0
2024-11-08 23:00:00,500.3,10.29,0.0,0
2024-11-09 00:00:00,386.32,4.94,0.0,1
2024-11-09 01:00:00,397.72,3.07,0.0,1
2024-11-09 02:00:00,412.0,1.48,0.0,1
2024-11-09 03:00:00,466.84,4.94,0.0,1
2024-11-09 04:00:00,455.03,8.07,0.0,1
2024-11-09 05:00:00,544.47,4.8,0.0,1
2024-11-09 06:00:00,601.73,1.58,0.0,1
2024-11-09 07:00:00,594.99,8.88,72.39,1
2024-11-09 08:00:00,619.8,10.8,138.23,1
2024-11-09 09:00:00,709.35,6.96,207.83,1
2024-11-09 10:00:00,679.6,11.69,234.39,1
2024-11-09 11:00:00,662.12,13.27,283.5,1
2024-11-09 12:00:00,778.04,13.02,236.69,1
2024-11-09 13:00:00,678.29,12.08,256.22,1
2024-11-09 14:00:00,659.09,15.87,234.34,1
2024-11-09 15:00:00,608.56,12.86,204.08,1
2024-11-09 16:00:00,588.14,10.19,139.81,1
2024-11-09 17:00:00,611.51,8.27,72.23,1
2024-11-09 18:00:00,505.81,13.85,0.0,1
2024-11-09 19:00:00,506.17,11.36,0.0,1
2024-11-09 20:00:00,459.9,9.01,0.0,1
2024-11-09 21:00:00,428.25,6.66,0.0,1
2024-11-09 22:00:00,390.3,5.28,0.0,1
2024-11-09 23:00:00,452.83,3.15,0.0,1
2024-11-10 00:00:00,428.58,3.46,0.0,1
2024-11-10 01:00:00,419.78,-0.41,0.0,1
2024-11-10 02:00:00,445.9,2.18,0.0,1
2024-11-10 03:00:00,470.12,3.21,0.0,1
2024-11-10 04:00:00,475.89,5.55,0.0,1
2024-11-10 05:00:00,557.12,5.04,0.0,1
2024-11-10 06:00:00,583.32,7.75,0.0,1
2024-11-10 07:00:00,586.39,10.06,59.61,1
2024-11-10 08:00:00,625.24,10.77,134.0,1
2024-11-10 09:00:00,709.97,10.89,211.6,1
2024-11-10 10:00:00,724.72,11.18,202.57,1
2024-11-10 11:00:00,732.68,10.23,202.87,1
2024-11-10 12:00:00,654.6,14.47,263.47,1
2024-11-10 13:00:00,673.32,16.85,204.1,1
2024-11-10 14:00:00,687.24,14.34,248.76,1
2024-11-10 15:00:00,539.35,17.32,193.26,1
2024-11-10 16:00:00,646.94,9.94,142.32,1
2024-11-10 17:00:00,582.5,9.88,66.58,1
2024-11-10 18:00:00,505.8,12.87,0.0,1
2024-11-10 19:00:00,460.75,10.48,0.0,1
2024-11-10 20:00:00,423.45,11.28,0.0,1
2024-11-10 21:00:00,460.06,7.33,0.0,1
2024-11-10 22:00:00,411.42,4.42,0.0,1
2024-11-10 23:00:00,424.01,4.69,0.0,1
2024-11-11 00:00:00,528.97,1.09,0.0,0
2024-11-11 01:00:00,571.82,1.4,0.0,0
2024-11-11 02:00:00,532.56,5.43,0.0,0
2024-11-11 03:00:00,573.39,5.4,0.0,0
2024-11-11 04:00:00,611.39,4.88,0.0,0
2024-11-11 05:00:00,709.23,1.51,0.0,0
2024-11-11 06:00:00,643.15,5.27,0.0,0
2024-11-11 07:00:00,728.88,4.74,62.53,0
2024-11-11 08:00:00,762.07,10.84,115.05,0
2024-11-11 09:00:00,764.24,8.61,195.63,0
2024-11-11 10:00:00,831.83,8.81,195.33,0
2024-11-11 11:00:00,831.05,12.08,253.44,0
2024-11-11 12:00:00,823.97,11.53,284.19,0
2024-11-11 13:00:00,773.1,16.28,259.34,0
2024-11-11 14:00:00,819.86,12.01,240.62,0
2024-11-11 15:00:00,821.51,10.51,197.58,0
2024-11-11 16:00:00,750.97,8.51,137.28,0
2024-11-11 17:00:00,677.82,11.96,73.43,0
2024-11-11 18:00:00,643.13,9.86,0.0,0
2024-11-11 19:00:00,578.51,6.92,0.0,0
2024-11-11 20:00:00,554.93,10.86,0.0,0
2024-11-11 21:00:00,556.72,8.52,0.0,0
2024-11-11 22:00:00,552.95,5.93,0.0,0
2024-11-11 23:00:00,468.29,7.68,0.0,0
2024-11-12 00:00:00,475.65,5.31,0.0,0
2024-11-12 01:00:00,549.0,1.84,0.0,0
2024-11-12 02:00:00,595.21,1.23,0.0,0
2024-11-12 03:00:00,571.28,5.12,0.0,0
2024-11-12 04:00:00,619.5,4.77,0.0,0
2024-11-12 05:00:00,685.64,5.11,0.0,0
2024-11-12 06:00:00,700.35,4.12,0.0,0
2024-11-12 07:00:00,723.94,8.23,73.56,0
2024-11-12 08:00:00,832.87,6.8,137.63,0
2024-11-12 09:00:00,802.5,9.4,153.62,0
2024-11-12 10:00:00,764.48,13.7,225.73,0
2024-11-12 11:00:00,831.21,10.52,207.96,0
2024-11-12 12:00:00,841.6,9.49,264.68,0
2024-11-12 13:00:00,851.77,11.03,207.04,0
2024-11-12 14:00:00,757.82,15.3,187.65,0
2024-11-12 15:00:00,771.7,13.65,170.1,0
2024-11-12 16:00:00,717.77,12.38,149.6,0
2024-11-12 17:00:00,650.4,10.83,68.32,0
2024-11-12 18:00:00,649.85,11.78,0.0,0
2024-11-12 19:00:00,632.89,7.91,0.0,0
2024-11-12 20:00:00,583.73,8.92,0.0,0
2024-11-12 21:00:00,546.22,5.55,0.0,0
2024-11-12 22:00:00,527.16,4.02,0.0,0
2024-11-12 23:00:00,541.85,3.5,0.0,0
2024-11-13 00:00:00,567.38,3.06,0.0,0
2024-11-13 01:00:00,534.97,3.21,0.0,0
2024-11-13 02:00:00,561.3,3.61,0.0,0
2024-11-13 03:00:00,651.2,-4.07,0.0,0
2024-11-13 04:00:00,599.46,2.19,0.0,0
2024-11-13 05:00:00,694.21,3.82,0.0,0
2024-11-13 06:00:00,696.21,8.65,0.0,0
2024-11-13 07:00:00,782.67,4.69,66.58,0
2024-11-13 08:00:00,770.8,8.47,147.11,0
2024-11-13 09:00:00,792.11,12.42,191.67,0
2024-11-13 10:00:00,875.41,8.01,232.42,0
2024-11-13 11:00:00,869.05,12.46,219.4,0
2024-11-13 12:00:00,876.06,10.87,233.81,0
2024-11-13 13:00:00,835.18,11.96,229.85,0
2024-11-13 14:00:00,785.16,11.53,258.1,0
2024-11-13 15:00:00,790.25,11.51,154.18,0
2024-11-13 16:00:00,687.27,17.91,140.3,0
2024-11-13 17:00:00,695.85,13.36,62.99,0
2024-11-13 18:00:00,665.41,12.84,0.0,0
2024-11-13 19:00:00,601.68,10.42,0.0,0
2024-11-13 20:00:00,663.25,4.93,0.0,0
2024-11-13 21:00:00,498.24,7.64,0.0,0
2024-11-13 22:00:00,519.42,7.79,0.0,0
2024-11-13 23:00:00,517.88,2.9,0.0,0
2024-11-14 00:00:00,456.6,5.57,0.0,0
2024-11-14 01:00:00,516.26,4.55,0.0,0
2024-11-14 02:00:00,483.61,6.68,0.0,0
2024-11-14 03:00:00,591.48,2.31,0.0,0
2024-11-14 04:00:00,646.41,1.45,0.0,0
2024-11-14 05:00:00,699.07,3.71,0.0,0
2024-11-14 06:00:00,638.88,8.34,0.0,0
2024-11-14 07:00:00,804.27,3.02,54.42,0
2024-11-14 08:00:00,824.1,3.83,134.01,0
2024-11-14 09:00:00,832.7,9.44,187.54,0
2024-11-14 10:00:00,826.55,9.59,250.29,0
2024-11-14 11:00:00,804.65,11.52,230.65,0
2024-11-14 12:00:00,787.64,14.19,278.09,0
2024-11-14 13:00:00,803.93,11.7,235.11,0
2024-11-14 14:00:00,852.89,9.23,242.41,0
2024-11-14 15:00:00,769.44,16.89,187.45,0
2024-11-14 16:00:00,742.8,10.31,111.45,0
2024-11-14 17:00:00,733.6,9.39,60.43,0
2024-11-14 18:00:00,595.12,12.68,0.0,0
2024-11-14 19:00:00,627.78,8.5,0.0,0
2024-11-14 20:00:00,598.27,7.84,0.0,0
2024-11-14 21:00:00,505.94,7.64,0.0,0
2024-11-14 22:00:00,505.31,7.64,0.0,0
2024-11-14 23:00:00,547.02,3.77,0.0,0
2024-11-15 00:00:00,421.5,6.52,0.0,0
2024-11-15 01:00:00,613.16,-1.3,0.0,0
2024-11-15 02:00:00,552.39,4.32,0.0,0
2024-11-15 03:00:00,623.53,1.3,0.0,0
2024-11-15 04:00:00,587.48,6.22,0.0,0
2024-11-15 05:00:00,619.63,4.55,0.0,0
2024-11-15 06:00:00,733.76,3.96,0.0,0
2024-11-15 07:00:00,731.33,7.84,77.19,0
2024-11-15 08:00:00,764.89,9.59,131.95,0
2024-11-15 09:00:00,824.78,10.38,195.75,0
2024-11-15 10:00:00,869.8,8.25,210.07,0
2024-11-15 11:00:00,897.49,10.37,249.85,0
2024-11-15 12:00:00,842.57,12.13,213.2,0
2024-11-15 13:00:00,810.38,12.55,270.74,0
2024-11-15 14:00:00,785.45,14.3,213.99,0
2024-11-15 15:00:00,825.76,8.61,167.57,0
2024-11-15 16:00:00,757.35,12.8,112.85,0
2024-11-15 17:00:00,667.48,10.76,68.17,0
2024-11-15 18:00:00,673.93,8.63,0.0,0
2024-11-15 19:00:00,672.33,7.61,0.0,0
2024-11-15 20:00:00,580.23,7.38,0.0,0
2024-11-15 21:00:00,648.76,-0.69,0.0,0
2024-11-15 22:00:00,560.09,3.9,0.0,0
2024-11-15 23:00:00,565.53,2.52,0.0,0
2024-11-16 00:00:00,375.99,4.38,0.0,1
2024-11-16 01:00:00,414.67,1.2,0.0,1
2024-11-16 02:00:00,445.19,2.21,0.0,1
2024-11-16 03:00:00,401.31,5.9,0.0,1
2024-11-16 04:00:00,480.26,5.3,0.0,1
2024-11-16 05:00:00,535.46,5.91,0.0,1
2024-11-16 06:00:00,643.2,4.14,0.0,1
2024-11-16 07:00:00,627.5,7.43,67.49,1
2024-11-16 08:00:00,683.9,7.17,130.68,1
2024-11-16 09:00:00,725.1,8.54,168.98,1
2024-11-16 10:00:00,679.48,10.96,199.98,1
2024-11-16 11:00:00,729.23,9.98,248.44,1
2024-11-16 12:00:00,751.06,14.96,280.74,1
2024-11-16 13:00:00,709.7,12.15,222.55,1
2024-11-16 14:00:00,702.34,13.88,234.84,1
2024-11-16 15:00:00,651.69,15.38,200.99,1
2024-11-16 16:00:00,562.7,14.03,121.58,1
2024-11-16 17:00:00,615.94,8.36,75.54,1
2024-11-16 18:00:00,533.36,11.03,0.0,1
2024-11-16 19:00:00,490.12,10.64,0.0,1
2024-11-16 20:00:00,426.9,9.42,0.0,1
2024-11-16 21:00:00,429.45,4.12,0.0,1
2024-11-16 22:00:00,416.62,3.83,0.0,1
2024-11-16 23:00:00,383.42,6.09,0.0,1
2024-11-17 00:00:00,453.37,1.63,0.0,1
2024-11-17 01:00:00,471.75,2.05,0.0,1
2024-11-17 02:00:00,445.4,5.63,0.0,1
2024-11-17 03:00:00,494.54,2.55,0.0,1
2024-11-17 04:00:00,497.94,1.7,0.0,1
2024-11-17 05:00:00,556.13,2.19,0.0,1
2024-11-17 06:00:00,588.8,5.64,0.0,1
2024-11-17 07:00:00,640.76,3.52,62.84,1
2024-11-17 08:00:00,684.58,6.98,142.66,1
2024-11-17 09:00:00,705.04,9.44,163.35,1
2024-11-17 10:00:00,700.84,12.58,214.44,1
2024-11-17 11:00:00,735.31,12.35,210.24,1
2024-11-17 12:00:00,713.57,10.38,267.16,1
2024-11-17 13:00:00,709.85,14.67,204.35,1
2024-11-17 14:00:00,677.01,11.88,214.93,1
2024-11-17 15:00:00,659.52,9.84,150.19,1
2024-11-17 16:00:00,638.65,11.47,148.78,1
2024-11-17 17:00:00,583.25,13.89,60.69,1
2024-11-17 18:00:00,549.1,10.31,0.0,1
2024-11-17 19:00:00,500.77,8.8,0.0,1
2024-11-17 20:00:00,440.22,10.75,0.0,1
2024-11-17 21:00:00,468.76,3.32,0.0,1
2024-11-17 22:00:00,414.57,2.41,0.0,1
2024-11-17 23:00:00,408.63,0.71,0.0,1
2024-11-18 00:00:00,520.68,3.73,0.0,0
2024-11-18 01:00:00,540.58,2.82,0.0,0
2024-11-18 02:00:00,533.03,5.41,0.0,0
2024-11-18 03:00:00,605.71,2.98,0.0,0
2024-11-18 04:00:00,632.8,2.18,0.0,0
2024-11-18 05:00:00,684.43,3.79,0.0,0
2024-11-18 06:00:00,705.84,5.05,0.0,0
2024-11-18 07:00:00,830.53,2.68,54.9,0
2024-11-18 08:00:00,734.62,12.74,144.7,0
2024-11-18 09:00:00,863.41,9.65,203.05,0
2024-11-18 10:00:00,839.61,10.24,231.06,0
2024-11-18 11:00:00,826.99,12.09,217.08,0
2024-11-18 12:00:00,806.83,13.07,257.95,0
2024-11-18 13:00:00,798.43,11.87,261.82,0
2024-11-18 14:00:00,797.85,11.06,216.07,0
2024-11-18 15:00:00,745.95,13.35,195.55,0
2024-11-18 16:00:00,745.66,12.42,131.95,0
2024-11-18 17:00:00,706.26,9.24,69.9,0
2024-11-18 18:00:00,638.1,12.66,0.0,0
2024-11-18 19:00:00,648.28,9.2,0.0,0
2024-11-18 20:00:00,570.01,8.78,0.0,0
2024-11-18 21:00:00,582.46,8.81,0.0,0
2024-11-18 22:00:00,508.77,4.86,0.0,0
2024-11-18 23:00:00,518.87,4.42,0.0,0
2024-11-19 00:00:00,502.0,4.45,0.0,0
2024-11-19 01:00:00,581.4,0.88,0.0,0
2024-11-19 02:00:00,508.1,2.27,0.0,0
2024-11-19 03:00:00,556.67,2.58,0.0,0
2024-11-19 04:00:00,648.12,0.92,0.0,0
2024-11-19 05:00:00,664.4,8.26,0.0,0
2024-11-19 06:00:00,747.17,1.85,0.0,0
2024-11-19 07:00:00,745.26,3.27,62.1,0
2024-11-19 08:00:00,732.17,9.79,108.4,0
2024-11-19 09:00:00,844.42,9.88,153.68,0
2024-11-19 10:00:00,841.58,7.61,203.72,0
2024-11-19 11:00:00,810.49,11.91,285.6,0
2024-11-19 12:00:00,852.66,14.43,221.5,0
2024-11-19 13:00:00,859.15,11.93,232.59,0
2024-11-19 14:00:00,791.46,17.36,235.61,0
2024-11-19 15:00:00,792.23,8.54,200.22,0
2024-11-19 16:00:00,693.07,12.88,144.77,0
2024-11-19 17:00:00,684.79,13.03,76.48,0
2024-11-19 18:00:00,653.93,11.44,0.0,0
2024-11-19 19:00:00,636.88,8.05,0.0,0
2024-11-19 20:00:00,631.14,6.58,0.0,0
2024-11-19 21:00:00,507.67,6.76,0.0,0
2024-11-19 22:00:00,545.35,6.29,0.0,0
2024-11-19 23:00:00,491.08,4.83,0.0,0
2024-11-20 00:00:00,533.82,4.76,0.0,0
2024-11-20 01:00:00,553.55,0.14,0.0,0
2024-11-20 02:00:00,550.93,1.55,0.0,0
2024-11-20 03:00:00,600.36,0.3,0.0,0
2024-11-20 04:00:00,604.81,1.9,0.0,0
2024-11-20 05:00:00,654.23,5.5,0.0,0
2024-11-20 06:00:00,693.45,4.72,0.0,0
2024-11-20 07:00:00,722.16,10.93,68.49,0
2024-11-20 08:00:00,802.06,7.39,145.46,0
2024-11-20 09:00:00,859.42,8.42,201.11,0
2024-11-20 10:00:00,845.17,9.72,232.61,0
2024-11-20 11:00:00,873.53,9.27,261.12,0
2024-11-20 12:00:00,882.79,11.22,232.57,0
2024-11-20 13:00:00,796.57,14.09,283.28,0
2024-11-20 14:00:00,773.65,12.23,192.74,0
2024-11-20 15:00:00,803.93,10.25,160.19,0
2024-11-20 16:00:00,729.57,9.49,115.53,0
2024-11-20 17:00:00,776.69,9.64,70.44,0
2024-11-20 18:00:00,699.84,9.65,0.0,0
2024-11-20 19:00:00,655.45,10.69,0.0,0
2024-11-20 20:00:00,618.3,4.33,0.0,0
2024-11-20 21:00:00,581.61,5.07,0.0,0
2024-11-20 22:00:00,527.35,4.8,0.0,0
2024-11-20 23:00:00,590.85,-0.2,0.0,0
2024-11-21 00:00:00,521.04,0.86,0.0,0
2024-11-21 01:00:00,496.59,0.66,0.0,0
2024-11-21 02:00:00,564.41,0.26,0.0,0
2024-11-21 03:00:00,558.11,2.41,0.0,0
2024-11-21 04:00:00,674.92,2.2,0.0,0
2024-11-21 05:00:00,731.55,2.21,0.0,0
2024-11-21 06:00:00,672.83,5.21,0.0,0
2024-11-21 07:00:00,753.99,9.01,55.5,0
2024-11-21 08:00:00,782.46,10.13,135.39,0
2024-11-21 09:00:00,819.15,4.3,185.48,0
2024-11-21 10:00:00,818.37,10.51,203.75,0
2024-11-21 11:00:00,838.34,10.03,263.67,0
2024-11-21 12:00:00,863.75,11.49,232.16,0
2024-11-21 13:00:00,813.59,10.89,283.35,0
2024-11-21 14:00:00,809.84,12.09,219.0,0
2024-11-21 15:00:00,764.41,11.99,204.35,0
2024-11-21 16:00:00,771.57,10.03,136.8,0
2024-11-21 17:00:00,720.37,8.6,71.62,0
2024-11-21 18:00:00,662.05,8.46,0.0,0
2024-11-21 19:00:00,616.74,8.62,0.0,0
2024-11-21 20:00:00,630.38,8.05,0.0,0
2024-11-21 21:00:00,535.49,7.27,0.0,0
2024-11-21 22:00:00,527.11,3.37,0.0,0
2024-11-21 23:00:00,542.54,3.89,0.0,0
2024-11-22 00:00:00,513.43,4.3,0.0,0
2024-11-22 01:00:00,489.38,4.21,0.0,0
2024-11-22 02:00:00,626.72,1.59,0.0,0
2024-11-22 03:00:00,595.44,1.43,0.0,0
2024-11-22 04:00:00,622.99,2.76,0.0,0
2024-11-22 05:00:00,703.54,0.87,0.0,0
2024-11-22 06:00:00,765.09,3.82,0.0,0
2024-11-22 07:00:00,700.78,6.9,55.24,0
2024-11-22 08:00:00,787.02,7.99,111.28,0
2024-11-22 09:00:00,879.03,7.46,158.01,0
2024-11-22 10:00:00,840.03,9.64,195.75,0
2024-11-22 11:00:00,836.4,8.59,262.91,0
2024-11-22 12:00:00,820.13,12.44,219.84,0
2024-11-22 13:00:00,844.58,11.38,207.94,0
2024-11-22 14:00:00,854.96,11.15,221.16,0
2024-11-22 15:00:00,784.84,10.81,189.57,0
2024-11-22 16:00:00,771.59,10.91,131.36,0
2024-11-22 17:00:00,682.44,9.34,69.86,0
2024-11-22 18:00:00,618.71,10.52,0.0,0
2024-11-22 19:00:00,624.09,7.21,0.0,0
2024-11-22 20:00:00,597.05,9.89,0.0,0
2024-11-22 21:00:00,536.9,8.34,0.0,0
2024-11-22 22:00:00,569.83,2.42,0.0,0
2024-11-22 23:00:00,540.69,3.31,0.0,0
2024-11-23 00:00:00,458.49,0.92,0.0,1
2024-11-23 01:00:00,420.83,1.07,0.0,1
2024-11-23 02:00:00,428.39,5.56,0.0,1
2024-11-23 03:00:00,466.7,1.11,0.0,1
2024-11-23 04:00:00,560.12,2.95,0.0,1
2024-11-23 05:00:00,527.2,4.1,0.0,1
2024-11-23 06:00:00,597.39,2.05,0.0,1
2024-11-23 07:00:00,669.99,3.55,63.31,1
2024-11-23 08:00:00,700.56,4.14,133.67,1
2024-11-23 09:00:00,728.81,6.08,199.93,1
2024-11-23 10:00:00,785.33,3.36,210.56,1
2024-11-23 11:00:00,694.12,11.18,212.62,1
2024-11-23 12:00:00,730.39,14.99,241.84,1
2024-11-23 13:00:00,738.71,11.68,219.11,1
2024-11-23 14:00:00,759.95,8.72,219.16,1
2024-11-23 15:00:00,667.21,10.1,166.44,1
2024-11-23 16:00:00,650.73,9.97,109.67,1
2024-11-23 17:00:00,616.14,8.06,59.64,1
2024-11-23 18:00:00,560.44,10.78,0.0,1
2024-11-23 19:00:00,522.54,9.47,0.0,1
2024-11-23 20:00:00,502.38,4.24,0.0,1
2024-11-23 21:00:00,393.51,6.71,0.0,1
2024-11-23 22:00:00,440.19,7.11,0.0,1
2024-11-23 23:00:00,392.46,6.83,0.0,1
2024-11-24 00:00:00,346.68,7.81,0.0,1
2024-11-24 01:00:00,459.21,-0.22,0.0,1
2024-11-24 02:00:00,358.43,7.06,0.0,1
2024-11-24 03:00:00,516.24,0.87,0.0,1
2024-11-24 04:00:00,494.27,0.9,0.0,1
2024-11-24 05:00:00,547.42,3.53,0.0,1
2024-11-24 06:00:00,618.65,2.75,0.0,1
2024-11-24 07:00:00,658.59,5.91,64.38,1
2024-11-24 08:00:00,704.96,3.77,126.64,1
2024-11-24 09:00:00,725.02,7.23,209.64,1
2024-11-24 10:00:00,697.68,11.48,252.12,1
2024-11-24 11:00:00,734.06,9.83,281.04,1
2024-11-24 12:00:00,731.9,11.02,276.4,1
2024-11-24 13:00:00,706.55,12.19,268.4,1
2024-11-24 14:00:00,633.52,13.75,201.96,1
2024-11-24 15:00:00,682.92,7.93,175.68,1
2024-11-24 16:00:00,627.02,11.91,115.62,1
2024-11-24 17:00:00,591.44,9.41,76.02,1
2024-11-24 18:00:00,543.67,9.24,0.0,1
2024-11-24 19:00:00,481.91,9.82,0.0,1
2024-11-24 20:00:00,478.19,4.02,0.0,1
2024-11-24 21:00:00,455.34,3.09,0.0,1
2024-11-24 22:00:00,458.73,0.04,0.0,1
2024-11-24 23:00:00,429.18,1.78,0.0,1
2024-11-25 00:00:00,523.85,4.6,0.0,0
2024-11-25 01:00:00,550.33,1.2,0.0,0
2024-11-25 02:00:00,575.18,-1.41,0.0,0
2024-11-25 03:00:00,578.96,0.47,0.0,0
2024-11-25 04:00:00,735.32,-1.04,0.0,0
2024-11-25 05:00:00,675.17,0.48,0.0,0
2024-11-25 06:00:00,701.58,4.55,0.0,0
2024-11-25 07:00:00,798.43,2.63,71.28,0
2024-11-25 08:00:00,784.09,8.49,149.11,0
2024-11-25 09:00:00,840.25,7.42,207.9,0
2024-11-25 10:00:00,832.75,8.94,185.19,0
2024-11-25 11:00:00,866.69,9.25,259.69,0
2024-11-25 12:00:00,840.1,12.14,221.87,0
2024-11-25 13:00:00,818.75,12.66,206.35,0
2024-11-25 14:00:00,819.96,11.94,186.29,0
2024-11-25 15:00:00,805.54,12.23,156.02,0
2024-11-25 16:00:00,757.71,10.17,109.73,0
2024-11-25 17:00:00,702.5,10.89,70.91,0
2024-11-25 18:00:00,705.79,8.09,0.0,0
2024-11-25 19:00:00,656.61,7.57,0.0,0
2024-11-25 20:00:00,642.42,5.72,0.0,0
2024-11-25 21:00:00,534.08,4.06,0.0,0
2024-11-25 22:00:00,585.53,2.39,0.0,0
2024-11-25 23:00:00,545.18,3.67,0.0,0
2024-11-26 00:00:00,493.67,4.42,0.0,0
2024-11-26 01:00:00,536.71,3.64,0.0,0
2024-11-26 02:00:00,626.93,-1.39,0.0,0
2024-11-26 03:00:00,559.09,3.88,0.0,0
2024-11-26 04:00:00,659.46,1.16,0.0,0
2024-11-26 05:00:00,692.09,3.79,0.0,0
2024-11-26 06:00:00,715.08,1.81,0.0,0
2024-11-26 07:00:00,757.04,5.12,67.25,0
2024-11-26 08:00:00,799.98,6.75,120.49,0
2024-11-26 09:00:00,837.0,4.45,184.58,0
2024-11-26 10:00:00,812.79,9.84,237.73,0
2024-11-26 11:00:00,826.26,12.35,264.8,0
2024-11-26 12:00:00,878.96,10.11,278.97,0
2024-11-26 13:00:00,832.51,13.68,259.88,0
2024-11-26 14:00:00,804.19,10.75,191.87,0
2024-11-26 15:00:00,791.16,12.66,179.98,0
2024-11-26 16:00:00,778.9,6.02,139.19,0
2024-11-26 17:00:00,626.51,14.5,68.69,0
2024-11-26 18:00:00,634.64,11.62,0.0,0
2024-11-26 19:00:00,667.79,6.85,0.0,0
2024-11-26 20:00:00,654.57,2.18,0.0,0
2024-11-26 21:00:00,564.45,5.41,0.0,0
2024-11-26 22:00:00,568.98,0.74,0.0,0
2024-11-26 23:00:00,522.26,3.48,0.0,0
2024-11-27 00:00:00,537.89,2.48,0.0,0
2024-11-27 01:00:00,547.33,-0.72,0.0,0
2024-11-27 02:00:00,545.78,3.23,0.0,0
2024-11-27 03:00:00,585.48,2.77,0.0,0
2024-11-27 04:00:00,590.11,3.61,0.0,0
2024-11-27 05:00:00,662.56,2.47,0.0,0
2024-11-27 06:00:00,763.68,0.66,0.0,0
2024-11-27 07:00:00,745.49,6.65,71.87,0
2024-11-27 08:00:00,797.79,5.45,136.11,0
2024-11-27 09:00:00,833.59,4.5,158.34,0
2024-11-27 10:00:00,860.69,11.19,221.4,0
2024-11-27 11:00:00,795.0,13.72,217.83,0
2024-11-27 12:00:00,863.92,10.24,266.3,0
2024-11-27 13:00:00,789.61,15.14,255.15,0
2024-11-27 14:00:00,822.39,11.17,246.78,0
2024-11-27 15:00:00,812.28,10.06,153.82,0
2024-11-27 16:00:00,735.16,9.06,109.64,0
2024-11-27 17:00:00,683.61,12.8,54.72,0
2024-11-27 18:00:00,720.47,6.93,0.0,0
2024-11-27 19:00:00,664.73,8.75,0.0,0
2024-11-27 20:00:00,608.04,4.87,0.0,0
2024-11-27 21:00:00,581.87,3.77,0.0,0
2024-11-27 22:00:00,586.58,5.55,0.0,0
2024-11-27 23:00:00,578.25,1.69,0.0,0
2024-11-28 00:00:00,537.42,0.71,0.0,0
2024-11-28 01:00:00,518.43,3.29,0.0,0
2024-11-28 02:00:00,570.21,4.05,0.0,0
2024-11-28 03:00:00,570.16,2.31,0.0,0
2024-11-28 04:00:00,685.04,0.21,0.0,0
2024-11-28 05:00:00,703.61,1.3,0.0,0
2024-11-28 06:00:00,737.8,3.51,0.0,0
2024-11-28 07:00:00,753.32,5.2,71.87,0
2024-11-28 08:00:00,805.47,3.88,121.96,0
2024-11-28 09:00:00,852.02,8.59,161.1,0
2024-11-28 10:00:00,841.78,8.53,254.38,0
2024-11-28 11:00:00,883.32,5.96,235.98,0
2024-11-28 12:00:00,874.73,8.33,296.78,0
2024-11-28 13:00:00,861.25,9.68,244.02,0
2024-11-28 14:00:00,800.35,10.71,239.78,0
2024-11-28 15:00:00,742.67,14.46,192.62,0
2024-11-28 16:00:00,737.94,10.66,128.98,0
2024-11-28 17:00:00,755.81,7.71,56.05,0
2024-11-28 18:00:00,649.89,8.8,0.0,0
2024-11-28 19:00:00,599.9,6.44,0.0,0
2024-11-28 20:00:00,545.78,6.5,0.0,0
2024-11-28 21:00:00,524.6,5.72,0.0,0
2024-11-28 22:00:00,563.1,5.77,0.0,0
2024-11-28 23:00:00,544.51,2.27,0.0,0
2024-11-29 00:00:00,525.83,4.67,0.0,0
2024-11-29 01:00:00,553.14,2.71,0.0,0
2024-11-29 02:00:00,595.12,-0.69,0.0,0
2024-11-29 03:00:00,563.58,5.31,0.0,0
2024-11-29 04:00:00,665.65,2.05,0.0,0
2024-11-29 05:00:00,706.72,0.52,0.0,0
2024-11-29 06:00:00,729.7,6.53,0.0,0
2024-11-29 07:00:00,741.45,8.58,67.32,0
2024-11-29 08:00:00,787.99,5.66,121.1,0
2024-11-29 09:00:00,828.9,6.01,192.32,0
2024-11-29 10:00:00,836.24,7.88,253.6,0
2024-11-29 11:00:00,876.75,10.69,228.18,0
2024-11-29 12:00:00,823.79,12.61,258.69,0
2024-11-29 13:00:00,816.29,11.69,241.4,0
2024-11-29 14:00:00,831.94,10.93,224.31,0
2024-11-29 15:00:00,763.51,13.55,155.47,0
2024-11-29 16:00:00,773.1,9.43,124.86,0
2024-11-29 17:00:00,745.81,11.32,56.14,0
2024-11-29 18:00:00,706.36,7.65,0.0,0
2024-11-29 19:00:00,630.13,7.88,0.0,0
2024-11-29 20:00:00,569.84,5.5,0.0,0
2024-11-29 21:00:00,562.91,4.32,0.0,0
2024-11-29 22:00:00,579.9,2.47,0.0,0
2024-11-29 23:00:00,488.77,4.88,0.0,0
2024-11-30 00:00:00,495.56,-0.2,0.0,1
2024-11-30 01:00:00,454.35,-0.72,0.0,1
2024-11-30 02:00:00,419.67,4.83,0.0,1
2024-11-30 03:00:00,454.72,2.72,0.0,1
2024-11-30 04:00:00,587.49,-3.51,0.0,1
2024-11-30 05:00:00,550.02,0.93,0.0,1
2024-11-30 06:00:00,699.43,-0.53,0.0,1
2024-11-30 07:00:00,700.72,2.4,75.16,1
2024-11-30 08:00:00,771.45,-0.68,113.03,1
2024-11-30 09:00:00,680.53,6.61,198.63,1
2024-11-30 10:00:00,760.25,5.81,204.21,1
2024-11-30 11:00:00,770.93,9.25,274.22,1
2024-11-30 12:00:00,788.1,6.67,298.48,1
2024-11-30 13:00:00,702.25,10.59,275.89,1
2024-11-30 14:00:00,699.32,9.76,230.42,1
2024-11-30 15:00:00,635.86,13.43,205.35,1
2024-11-30 16:00:00,597.46,12.75,141.1,1
2024-11-30 17:00:00,622.99,10.7,59.83,1
2024-11-30 18:00:00,517.58,7.44,0.0,1
2024-11-30 19:00:00,496.06,10.86,0.0,1
2024-11-30 20:00:00,482.83,2.49,0.0,1
2024-11-30 21:00:00,459.63,1.49,0.0,1
2024-11-30 22:00:00,387.3,2.93,0.0,1
2024-11-30 23:00:00,367.44,6.57,0.0,1
2024-12-01 00:00:00,470.46,0.73,0.0,1
2024-12-01 01:00:00,450.74,0.27,0.0,1
2024-12-01 02:00:00,461.01,-2.42,0.0,1
2024-12-01 03:00:00,498.72,2.53,0.0,1
2024-12-01 04:00:00,540.36,3.04,0.0,1
2024-12-01 05:00:00,555.75,3.51,0.0,1
2024-12-01 06:00:00,673.79,1.71,0.0,1
2024-12-01 07:00:00,684.72,2.76,73.8,1
2024-12-01 08:00:00,728.27,2.88,109.92,1
2024-12-01 09:00:00,692.06,6.93,149.07,1
2024-12-01 10:00:00,770.84,5.81,231.98,1
2024-12-01 11:00:00,772.14,6.65,264.38,1
2024-12-01 12:00:00,763.51,8.95,280.31,1
2024-12-01 13:00:00,722.9,9.32,218.16,1
2024-12-01 14:00:00,722.51,9.39,243.5,1
2024-12-01 15:00:00,648.71,11.23,153.32,1
2024-12-01 16:00:00,586.78,9.95,119.97,1
2024-12-01 17:00:00,632.47,8.43,56.75,1
2024-12-01 18:00:00,519.12,8.33,0.0,1
2024-12-01 19:00:00,543.15,4.78,0.0,1
2024-12-01 20:00:00,491.56,5.68,0.0,1
2024-12-01 21:00:00,462.01,4.47,0.0,1
2024-12-01 22:00:00,460.12,-0.04,0.0,1
2024-12-01 23:00:00,414.38,3.92,0.0,1
2024-12-02 00:00:00,579.28,-0.75,0.0,0
2024-12-02 01:00:00,578.26,0.69,0.0,0
2024-12-02 02:00:00,603.42,2.67,0.0,0
2024-12-02 03:00:00,600.8,2.36,0.0,0
2024-12-02 04:00:00,650.79,1.08,0.0,0
2024-12-02 05:00:00,674.75,1.08,0.0,0
2024-12-02 06:00:00,723.53,4.74,0.0,0
2024-12-02 07:00:00,774.47,5.4,75.67,0
2024-12-02 08:00:00,814.14,4.11,140.39,0
2024-12-02 09:00:00,864.57,5.05,197.46,0
2024-12-02 10:00:00,888.92,3.7,213.02,0
2024-12-02 11:00:00,878.1,9.19,239.65,0
2024-12-02 12:00:00,887.75,9.51,273.95,0
2024-12-02 13:00:00,851.21,12.44,271.73,0
2024-12-02 14:00:00,825.55,11.06,200.22,0
2024-12-02 15:00:00,747.02,12.84,152.6,0
2024-12-02 16:00:00,761.93,8.28,147.62,0
2024-12-02 17:00:00,715.1,11.15,74.54,0
2024-12-02 18:00:00,753.38,6.78,0.0,0
2024-12-02 19:00:00,617.8,8.19,0.0,0
2024-12-02 20:00:00,647.15,2.42,0.0,0
2024-12-02 21:00:00,559.49,4.52,0.0,0
2024-12-02 22:00:00,573.72,-1.13,0.0,0
2024-12-02 23:00:00,537.18,1.27,0.0,0
2024-12-03 00:00:00,490.22,1.77,0.0,0
2024-12-03 01:00:00,607.16,-0.65,0.0,0
2024-12-03 02:00:00,549.84,-1.88,0.0,0
2024-12-03 03:00:00,591.15,2.08,0.0,0
2024-12-03 04:00:00,623.71,0.68,0.0,0
2024-12-03 05:00:00,679.06,0.71,0.0,0
2024-12-03 06:00:00,766.37,2.8,0.0,0
2024-12-03 07:00:00,724.79,9.2,76.24,0
2024-12-03 08:00:00,760.58,7.53,145.15,0
2024-12-03 09:00:00,798.28,8.84,162.19,0
2024-12-03 10:00:00,828.15,8.59,244.36,0
2024-12-03 11:00:00,861.2,9.09,287.27,0
2024-12-03 12:00:00,916.73,4.76,218.03,0
2024-12-03 13:00:00,913.65,8.69,212.34,0
2024-12-03 14:00:00,792.7,9.26,242.78,0
2024-12-03 15:00:00,837.54,6.3,162.48,0
2024-12-03 16:00:00,779.75,7.24,147.84,0
2024-12-03 17:00:00,787.48,4.79,71.01,0
2024-12-03 18:00:00,692.43,7.64,0.0,0
2024-12-03 19:00:00,641.47,8.15,0.0,0
2024-12-03 20:00:00,594.28,7.43,0.0,0
2024-12-03 21:00:00,547.71,4.76,0.0,0
2024-12-03 22:00:00,609.13,0.79,0.0,0
2024-12-03 23:00:00,608.56,-2.18,0.0,0
2024-12-04 00:00:00,610.3,-2.74,0.0,0
2024-12-04 01:00:00,621.06,-2.26,0.0,0
2024-12-04 02:00:00,613.99,-1.67,0.0,0
2024-12-04 03:00:00,656.07,-0.05,0.0,0
2024-12-04 04:00:00,682.0,-1.26,0.0,0
2024-12-04 05:00:00,680.31,2.25,0.0,0
2024-12-04 06:00:00,738.45,2.14,0.0,0
2024-12-04 07:00:00,772.87,3.83,54.78,0
2024-12-04 08:00:00,773.18,7.38,130.22,0
2024-12-04 09:00:00,901.85,4.04,193.3,0
2024-12-04 10:00:00,856.21,8.44,232.65,0
2024-12-04 11:00:00,869.45,8.61,244.61,0
2024-12-04 12:00:00,882.05,8.77,215.7,0
2024-12-04 13:00:00,910.65,11.7,225.87,0
2024-12-04 14:00:00,786.3,11.86,214.83,0
2024-12-04 15:00:00,799.9,8.04,201.77,0
2024-12-04 16:00:00,734.8,9.07,143.28,0
2024-12-04 17:00:00,713.94,9.2,65.95,0
2024-12-04 18:00:00,695.57,7.06,0.0,0
2024-12-04 19:00:00,620.93,7.57,0.0,0
2024-12-04 20:00:00,589.85,5.67,0.0,0
2024-12-04 21:00:00,547.4,7.47,0.0,0
2024-12-04 22:00:00,578.82,-0.46,0.0,0
2024-12-04 23:00:00,561.35,1.32,0.0,0
2024-12-05 00:00:00,599.45,-1.16,0.0,0
2024-12-05 01:00:00,570.08,1.37,0.0,0
2024-12-05 02:00:00,641.29,-3.25,0.0,0
2024-12-05 03:00:00,637.22,0.85,0.0,0
2024-12-05 04:00:00,673.1,-0.6,0.0,0
2024-12-05 05:00:00,704.43,-0.02,0.0,0
2024-12-05 06:00:00,744.75,-0.41,0.0,0
2024-12-05 07:00:00,774.35,2.76,65.96,0
2024-12-05 08:00:00,775.34,7.16,142.48,0
2024-12-05 09:00:00,857.4,6.23,168.67,0
2024-12-05 10:00:00,854.45,8.74,200.82,0
2024-12-05 11:00:00,852.08,11.85,283.54,0
2024-12-05 12:00:00,832.54,9.85,223.49,0
2024-12-05 13:00:00,901.98,8.7,217.68,0
2024-12-05 14:00:00,813.31,10.92,222.98,0
2024-12-05 15:00:00,786.63,8.73,176.47,0
2024-12-05 16:00:00,765.93,8.31,117.9,0
2024-12-05 17:00:00,819.02,5.48,61.88,0
2024-12-05 18:00:00,656.91,9.34,0.0,0
2024-12-05 19:00:00,645.01,5.51,0.0,0
2024-12-05 20:00:00,601.68,5.35,0.0,0
2024-12-05 21:00:00,598.65,1.62,0.0,0
2024-12-05 22:00:00,533.66,3.36,0.0,0
2024-12-05 23:00:00,571.11,-0.07,0.0,0
2024-12-06 00:00:00,584.27,0.26,0.0,0
2024-12-06 01:00:00,556.66,1.8,0.0,0
2024-12-06 02:00:00,544.45,1.46,0.0,0
2024-12-06 03:00:00,609.95,0.0,0.0,0
2024-12-06 04:00:00,676.12,-2.99,0.0,0
2024-12-06 05:00:00,636.31,7.33,0.0,0
2024-12-06 06:00:00,734.59,5.87,0.0,0
2024-12-06 07:00:00,757.78,5.03,59.66,0
2024-12-06 08:00:00,824.11,3.37,149.09,0
2024-12-06 09:00:00,886.44,5.94,151.2,0
2024-12-06 10:00:00,892.23,6.29,199.37,0
2024-12-06 11:00:00,858.15,10.94,276.81,0
2024-12-06 12:00:00,911.65,9.73,293.13,0
2024-12-06 13:00:00,884.06,8.14,262.99,0
2024-12-06 14:00:00,794.2,8.93,211.16,0
2024-12-06 15:00:00,802.77,11.95,172.9,0
2024-12-06 16:00:00,696.14,12.41,137.59,0
2024-12-06 17:00:00,708.39,11.47,67.26,0
2024-12-06 18:00:00,628.26,8.89,0.0,0
2024-12-06 19:00:00,639.92,5.66,0.0,0
2024-12-06 20:00:00,666.98,-1.61,0.0,0
2024-12-06 21:00:00,557.57,4.18,0.0,0
2024-12-06 22:00:00,554.36,2.37,0.0,0
2024-12-06 23:00:00,576.43,1.62,0.0,0
2024-12-07 00:00:00,416.71,0.54,0.0,1
2024-12-07 01:00:00,487.61,-2.72,0.0,1
2024-12-07 02:00:00,433.85,0.88,0.0,1
2024-12-07 03:00:00,481.83,1.2,0.0,1
2024-12-07 04:00:00,530.09,1.8,0.0,1
2024-12-07 05:00:00,532.09,3.12,0.0,1
2024-12-07 06:00:00,572.47,3.47,0.0,1
2024-12-07 07:00:00,677.54,2.65,69.4,1
2024-12-07 08:00:00,721.83,4.62,136.05,1
2024-12-07 09:00:00,717.02,6.24,188.19,1
2024-12-07 10:00:00,726.96,7.48,212.14,1
2024-12-07 11:00:00,734.1,10.3,275.19,1
2024-12-07 12:00:00,737.55,10.38,230.58,1
2024-12-07 13:00:00,701.75,13.75,239.77,1
2024-12-07 14:00:00,608.21,14.18,238.83,1
2024-12-07 15:00:00,657.14,9.75,180.24,1
2024-12-07 16:00:00,704.64,1.42,106.67,1
2024-12-07 17:00:00,587.78,10.78,77.17,1
2024-12-07 18:00:00,582.79,6.19,0.0,1
2024-12-07 19:00:00,559.57,4.46,0.0,1
2024-12-07 20:00:00,506.75,3.97,0.0,1
2024-12-07 21:00:00,440.27,2.58,0.0,1
2024-12-07 22:00:00,468.07,3.49,0.0,1
2024-12-07 23:00:00,497.5,-1.89,0.0,1
2024-12-08 00:00:00,426.8,-1.83,0.0,1
2024-12-08 01:00:00,449.97,0.52,0.0,1
2024-12-08 02:00:00,442.85,0.91,0.0,1
2024-12-08 03:00:00,490.92,1.11,0.0,1
2024-12-08 04:00:00,578.78,-1.24,0.0,1
2024-12-08 05:00:00,649.81,-0.83,0.0,1
2024-12-08 06:00:00,647.32,1.15,0.0,1
2024-12-08 07:00:00,660.68,3.85,55.68,1
2024-12-08 08:00:00,655.2,7.63,129.37,1
2024-12-08 09:00:00,767.39,1.86,148.96,1
2024-12-08 10:00:00,780.02,6.72,217.75,1
2024-12-08 11:00:00,776.77,5.53,223.93,1
2024-12-08 12:00:00,760.99,5.69,299.36,1
2024-12-08 13:00:00,678.46,11.42,246.6,1
2024-12-08 14:00:00,718.54,10.75,202.33,1
2024-12-08 15:00:00,683.72,10.39,162.31,1
2024-12-08 16:00:00,615.53,10.83,142.89,1
2024-12-08 17:00:00,645.06,7.24,67.89,1
2024-12-08 18:00:00,566.51,6.29,0.0,1
2024-12-08 19:00:00,481.62,10.33,0.0,1
2024-12-08 20:00:00,497.92,4.17,0.0,1
2024-12-08 21:00:00,441.45,4.84,0.0,1
2024-12-08 22:00:00,450.97,2.17,0.0,1
2024-12-08 23:00:00,501.33,-2.57,0.0,1
2024-12-09 00:00:00,570.07,-3.86,0.0,0
2024-12-09 01:00:00,593.34,-1.43,0.0,0
2024-12-09 02:00:00,574.41,1.67,0.0,0
2024-12-09 03:00:00,609.39,1.3,0.0,0
2024-12-09 04:00:00,661.25,2.05,0.0,0
2024-12-09 05:00:00,719.0,-0.95,0.0,0
2024-12-09 06:00:00,719.12,5.29,0.0,0
2024-12-09 07:00:00,816.33,1.33,76.27,0
2024-12-09 08:00:00,797.57,4.98,125.96,0
2024-12-09 09:00:00,850.6,5.83,162.3,0
2024-12-09 10:00:00,859.85,6.71,252.48,0
2024-12-09 11:00:00,842.18,10.77,288.73,0
2024-12-09 12:00:00,877.18,7.48,226.69,0
2024-12-09 13:00:00,898.09,6.69,227.86,0
2024-12-09 14:00:00,839.28,9.6,227.68,0
2024-12-09 15:00:00,825.42,8.59,152.29,0
2024-12-09 16:00:00,703.15,15.64,115.5,0
2024-12-09 17:00:00,677.21,9.45,55.1,0
2024-12-09 18:00:00,698.41,6.24,0.0,0
2024-12-09 19:00:00,672.44,3.74,0.0,0
2024-12-09 20:00:00,658.11,0.8,0.0,0
2024-12-09 21:00:00,591.62,1.21,0.0,0
2024-12-09 22:00:00,534.04,2.29,0.0,0
2024-12-09 23:00:00,543.67,3.88,0.0,0
2024-12-10 00:00:00,529.46,2.37,0.0,0
2024-12-10 01:00:00,570.25,0.08,0.0,0
2024-12-10 02:00:00,591.66,-1.19,0.0,0
2024-12-10 03:00:00,616.78,0.16,0.0,0
2024-12-10 04:00:00,657.88,-0.91,0.0,0
2024-12-10 05:00:00,640.46,4.36,0.0,0
2024-12-10 06:00:00,756.06,1.58,0.0,0
2024-12-10 07:00:00,766.79,2.99,58.38,0
2024-12-10 08:00:00,863.85,0.02,135.93,0
2024-12-10 09:00:00,858.09,5.36,208.94,0
2024-12-10 10:00:00,832.24,8.63,222.19,0
2024-12-10 11:00:00,864.52,5.86,210.35,0
2024-12-10 12:00:00,947.8,7.29,228.86,0
2024-12-10 13:00:00,831.28,10.87,257.91,0
2024-12-10 14:00:00,883.76,6.5,254.76,0
2024-12-10 15:00:00,835.89,11.4,171.6,0
2024-12-10 16:00:00,802.53,7.72,112.45,0
2024-12-10 17:00:00,732.11,7.21,62.16,0
2024-12-10 18:00:00,711.24,4.71,0.0,0
2024-12-10 19:00:00,622.36,6.51,0.0,0
2024-12-10 20:00:00,588.28,9.38,0.0,0
2024-12-10 21:00:00,585.48,4.73,0.0,0
2024-12-10 22:00:00,571.66,0.23,0.0,0
2024-12-10 23:00:00,508.84,3.19,0.0,0
2024-12-11 00:00:00,533.01,-0.6,0.0,0
2024-12-11 01:00:00,568.69,2.28,0.0,0
2024-12-11 02:00:00,580.08,0.97,0.0,0
2024-12-11 03:00:00,687.52,-6.36,0.0,0
2024-12-11 04:00:00,659.22,-1.98,0.0,0
2024-12-11 05:00:00,644.52,2.71,0.0,0
2024-12-11 06:00:00,762.44,2.16,0.0,0
2024-12-11 07:00:00,802.64,1.02,74.12,0
2024-12-11 08:00:00,851.76,3.09,110.23,0
2024-12-11 09:00:00,873.36,1.84,200.16,0
2024-12-11 10:00:00,860.46,6.68,219.11,0
2024-12-11 11:00:00,847.86,12.32,245.27,0
2024-12-11 12:00:00,875.32,10.3,245.64,0
2024-12-11 13:00:00,837.43,13.57,261.31,0
2024-12-11 14:00:00,814.58,11.12,191.72,0
2024-12-11 15:00:00,804.35,11.24,183.86,0
2024-12-11 16:00:00,761.35,12.64,118.49,0
2024-12-11 17:00:00,722.65,8.65,62.83,0
2024-12-11 18:00:00,682.31,6.48,0.0,0
2024-12-11 19:00:00,664.62,7.72,0.0,0
2024-12-11 20:00:00,570.97,7.27,0.0,0
2024-12-11 21:00:00,613.26,2.11,0.0,0
2024-12-11 22:00:00,581.17,0.42,0.0,0
2024-12-11 23:00:00,509.76,1.1,0.0,0
2024-12-12 00:00:00,572.23,1.6,0.0,0
2024-12-12 01:00:00,487.55,1.03,0.0,0
2024-12-12 02:00:00,573.02,-3.58,0.0,0
2024-12-12 03:00:00,599.17,3.26,0.0,0
2024-12-12 04:00:00,686.65,-1.35,0.0,0
2024-12-12 05:00:00,690.3,0.2,0.0,0
2024-12-12 06:00:00,764.09,-0.04,0.0,0
2024-12-12 07:00:00,664.8,8.37,72.56,0
2024-12-12 08:00:00,830.18,4.75,139.8,0
2024-12-12 09:00:00,869.09,3.86,184.73,0
2024-12-12 10:00:00,847.13,8.49,252.34,0
2024-12-12 11:00:00,860.31,9.34,283.29,0
2024-12-12 12:00:00,890.13,8.22,292.05,0
2024-12-12 13:00:00,844.7,10.78,239.97,0
2024-12-12 14:00:00,810.2,7.61,228.81,0
2024-12-12 15:00:00,875.24,8.11,193.45,0
2024-12-12 16:00:00,844.27,4.58,135.79,0
2024-12-12 17:00:00,728.11,5.15,72.82,0
2024-12-12 18:00:00,647.56,10.38,0.0,0
2024-12-12 19:00:00,613.91,8.84,0.0,0
2024-12-12 20:00:00,643.0,4.4,0.0,0
2024-12-12 21:00:00,501.62,6.3,0.0,0
2024-12-12 22:00:00,559.87,1.45,0.0,0
2024-12-12 23:00:00,520.37,0.24,0.0,0
2024-12-13 00:00:00,553.3,-0.04,0.0,0
2024-12-13 01:00:00,564.05,-0.9,0.0,0
2024-12-13 02:00:00,601.34,-1.26,0.0,0
2024-12-13 03:00:00,587.14,1.63,0.0,0
2024-12-13 04:00:00,639.77,0.14,0.0,0
2024-12-13 05:00:00,703.09,2.06,0.0,0
2024-12-13 06:00:00,733.99,3.74,0.0,0
2024-12-13 07:00:00,788.98,3.66,71.94,0
2024-12-13 08:00:00,833.23,2.23,136.01,0
2024-12-13 09:00:00,859.5,2.76,175.5,0
2024-12-13 10:00:00,860.51,6.97,257.61,0
2024-12-13 11:00:00,892.04,7.37,256.55,0
2024-12-13 12:00:00,818.78,8.68,277.83,0
2024-12-13 13:00:00,873.31,8.97,237.04,0
2024-12-13 14:00:00,797.51,14.34,183.02,0
2024-12-13 15:00:00,839.54,6.34,179.19,0
2024-12-13 16:00:00,811.02,4.53,130.84,0
2024-12-13 17:00:00,663.86,8.38,69.07,0
2024-12-13 18:00:00,689.78,5.92,0.0,0
2024-12-13 19:00:00,691.96,6.1,0.0,0
2024-12-13 20:00:00,606.9,5.34,0.0,0
2024-12-13 21:00:00,556.41,5.45,0.0,0
2024-12-13 22:00:00,600.61,-1.34,0.0,0
2024-12-13 23:00:00,580.43,-0.47,0.0,0
2024-12-14 00:00:00,450.32,0.61,0.0,1
2024-12-14 01:00:00,433.11,0.8,0.0,1
2024-12-14 02:00:00,442.68,3.47,0.0,1
2024-12-14 03:00:00,528.8,1.17,0.0,1
2024-12-14 04:00:00,568.72,-0.36,0.0,1
2024-12-14 05:00:00,659.03,-1.23,0.0,1
2024-12-14 06:00:00,618.99,0.46,0.0,1
2024-12-14 07:00:00,717.59,1.61,65.45,1
2024-12-14 08:00:00,666.26,5.4,116.5,1
2024-12-14 09:00:00,731.31,5.9,194.76,1
2024-12-14 10:00:00,792.12,3.94,186.64,1
2024-12-14 11:00:00,752.91,6.75,272.85,1
2024-12-14 12:00:00,740.47,10.17,294.04,1
2024-12-14 13:00:00,759.74,9.62,233.76,1
2024-12-14 14:00:00,693.2,10.22,193.61,1
2024-12-14 15:00:00,726.33,9.68,151.48,1
2024-12-14 16:00:00,588.68,11.67,115.48,1
2024-12-14 17:00:00,659.31,8.09,73.0,1
2024-12-14 18:00:00,606.88,5.82,0.0,1
2024-12-14 19:00:00,550.49,3.55,0.0,1
2024-12-14 20:00:00,484.07,4.59,0.0,1
2024-12-14 21:00:00,506.78,-2.09,0.0,1
2024-12-14 22:00:00,451.21,1.22,0.0,1
2024-12-14 23:00:00,444.2,0.14,0.0,1
2024-12-15 00:00:00,501.94,-3.06,0.0,1
2024-12-15 01:00:00,522.86,-2.68,0.0,1
2024-12-15 02:00:00,465.56,0.62,0.0,1
2024-12-15 03:00:00,481.09,-0.37,0.0,1
2024-12-15 04:00:00,527.59,-0.12,0.0,1
2024-12-15 05:00:00,572.86,1.08,0.0,1
2024-12-15 06:00:00,597.36,1.69,0.0,1
2024-12-15 07:00:00,610.34,5.19,68.48,1
2024-12-15 08:00:00,749.93,4.25,107.22,1
2024-12-15 09:00:00,765.18,2.38,163.67,1
2024-12-15 10:00:00,694.74,9.76,215.17,1
2024-12-15 11:00:00,770.81,8.28,270.48,1
2024-12-15 12:00:00,738.99,7.15,261.72,1
2024-12-15 13:00:00,742.53,6.33,222.49,1
2024-12-15 14:00:00,695.18,9.79,195.85,1
2024-12-15 15:00:00,736.8,8.6,196.57,1
2024-12-15 16:00:00,618.86,11.48,120.21,1
2024-12-15 17:00:00,562.25,6.85,75.43,1
2024-12-15 18:00:00,621.97,4.83,0.0,1
2024-12-15 19:00:00,509.69,7.09,0.0,1
2024-12-15 20:00:00,435.23,5.85,0.0,1
2024-12-15 21:00:00,460.2,3.05,0.0,1
2024-12-15 22:00:00,451.26,2.86,0.0,1
2024-12-15 23:00:00,452.99,0.39,0.0,1
2024-12-16 00:00:00,604.36,0.06,0.0,0
2024-12-16 01:00:00,531.27,1.42,0.0,0
2024-12-16 02:00:00,586.24,0.17,0.0,0
2024-12-16 03:00:00,613.55,-1.25,0.0,0
2024-12-16 04:00:00,598.48,2.3,0.0,0
2024-12-16 05:00:00,773.81,-4.34,0.0,0
2024-12-16 06:00:00,716.32,5.53,0.0,0
2024-12-16 07:00:00,826.69,-0.78,58.65,0
2024-12-16 08:00:00,843.99,2.67,126.47,0
2024-12-16 09:00:00,832.94,5.13,197.69,0
2024-12-16 10:00:00,846.77,6.13,211.08,0
2024-12-16 11:00:00,859.42,9.47,207.62,0
2024-12-16 12:00:00,927.66,6.14,292.61,0
2024-12-16 13:00:00,900.65,9.27,280.27,0
2024-12-16 14:00:00,875.43,7.77,194.04,0
2024-12-16 15:00:00,808.73,9.34,205.16,0
2024-12-16 16:00:00,785.52,8.12,148.23,0
2024-12-16 17:00:00,735.62,7.64,69.54,0
2024-12-16 18:00:00,681.13,5.32,0.0,0
2024-12-16 19:00:00,666.89,4.2,0.0,0
2024-12-16 20:00:00,581.66,4.5,0.0,0
2024-12-16 21:00:00,570.32,4.52,0.0,0
2024-12-16 22:00:00,625.44,0.23,0.0,0
2024-12-16 23:00:00,600.9,-1.35,0.0,0
2024-12-17 00:00:00,529.51,0.74,0.0,0
2024-12-17 01:00:00,575.51,-1.05,0.0,0
2024-12-17 02:00:00,560.88,0.51,0.0,0
2024-12-17 03:00:00,644.98,-2.8,0.0,0
2024-12-17 04:00:00,726.47,-4.04,0.0,0
2024-12-17 05:00:00,732.13,-0.76,0.0,0
2024-12-17 06:00:00,823.99,-0.19,0.0,0
2024-12-17 07:00:00,817.65,2.39,55.8,0
2024-12-17 08:00:00,839.39,2.57,132.48,0
2024-12-17 09:00:00,852.14,6.62,196.8,0
2024-12-17 10:00:00,870.46,5.77,242.17,0
2024-12-17 11:00:00,848.19,7.68,247.03,0
2024-12-17 12:00:00,907.75,8.49,284.62,0
2024-12-17 13:00:00,887.77,9.06,231.28,0
2024-12-17 14:00:00,839.22,8.8,231.1,0
2024-12-17 15:00:00,811.32,9.7,191.57,0
2024-12-17 16:00:00,825.19,6.58,129.24,0
2024-12-17 17:00:00,731.13,10.18,65.01,0
2024-12-17 18:00:00,664.71,5.87,0.0,0
2024-12-17 19:00:00,689.17,2.52,0.0,0
2024-12-17 20:00:00,613.6,4.22,0.0,0
2024-12-17 21:00:00,637.92,0.85,0.0,0
2024-12-17 22:00:00,585.82,2.68,0.0,0
2024-12-17 23:00:00,552.5,4.73,0.0,0
2024-12-18 00:00:00,553.39,-2.13,0.0,0
2024-12-18 01:00:00,551.16,-0.39,0.0,0
2024-12-18 02:00:00,662.06,-4.74,0.0,0
2024-12-18 03:00:00,605.31,-0.15,0.0,0
2024-12-18 04:00:00,645.28,-2.33,0.0,0
2024-12-18 05:00:00,731.7,-1.02,0.0,0
2024-12-18 06:00:00,755.65,-0.93,0.0,0
2024-12-18 07:00:00,817.11,3.94,56.6,0
2024-12-18 08:00:00,809.56,5.78,141.98,0
2024-12-18 09:00:00,854.32,5.11,160.01,0
2024-12-18 10:00:00,878.56,4.54,220.68,0
2024-12-18 11:00:00,888.11,10.48,282.95,0
2024-12-18 12:00:00,902.97,6.6,233.98,0
2024-12-18 13:00:00,900.22,4.28,212.23,0
2024-12-18 14:00:00,816.49,9.69,247.1,0
2024-12-18 15:00:00,835.68,6.39,165.96,0
2024-12-18 16:00:00,734.79,10.08,129.97,0
2024-12-18 17:00:00,772.05,6.54,60.09,0
2024-12-18 18:00:00,640.02,7.48,0.0,0
2024-12-18 19:00:00,626.08,7.87,0.0,0
2024-12-18 20:00:00,661.73,1.35,0.0,0
2024-12-18 21:00:00,613.69,1.34,0.0,0
2024-12-18 22:00:00,557.68,1.12,0.0,0
2024-12-18 23:00:00,550.23,3.31,0.0,0
2024-12-19 00:00:00,557.33,-1.95,0.0,0
2024-12-19 01:00:00,589.45,-2.32,0.0,0
2024-12-19 02:00:00,606.54,-0.34,0.0,0
2024-12-19 03:00:00,653.0,-2.29,0.0,0
2024-12-19 04:00:00,646.39,-0.33,0.0,0
2024-12-19 05:00:00,767.57,-2.94,0.0,0
2024-12-19 06:00:00,705.89,5.63,0.0,0
2024-12-19 07:00:00,833.24,-0.29,71.55,0
2024-12-19 08:00:00,867.67,3.06,105.19,0
2024-12-19 09:00:00,880.08,4.93,202.19,0
2024-12-19 10:00:00,860.97,10.02,203.64,0
2024-12-19 11:00:00,912.15,4.58,226.74,0
2024-12-19 12:00:00,859.88,12.0,238.53,0
2024-12-19 13:00:00,858.1,10.04,270.01,0
2024-12-19 14:00:00,807.64,9.53,243.04,0
2024-12-19 15:00:00,843.4,6.56,169.73,0
2024-12-19 16:00:00,774.7,9.17,141.62,0
2024-12-19 17:00:00,768.48,5.79,62.24,0
2024-12-19 18:00:00,669.48,8.73,0.0,0
2024-12-19 19:00:00,658.69,3.05,0.0,0
2024-12-19 20:00:00,641.69,3.47,0.0,0
2024-12-19 21:00:00,572.8,1.29,0.0,0
2024-12-19 22:00:00,631.03,-0.78,0.0,0
2024-12-19 23:00:00,544.57,1.65,0.0,0
2024-12-20 00:00:00,562.42,0.37,0.0,0
2024-12-20 01:00:00,568.58,1.22,0.0,0
2024-12-20 02:00:00,650.85,-4.93,0.0,0
2024-12-20 03:00:00,574.06,0.93,0.0,0
2024-12-20 04:00:00,637.48,4.31,0.0,0
2024-12-20 05:00:00,723.89,-0.81,0.0,0
2024-12-20 06:00:00,694.9,4.92,0.0,0
2024-12-20 07:00:00,774.91,1.81,57.71,0
2024-12-20 08:00:00,842.79,0.89,137.78,0
2024-12-20 09:00:00,825.81,4.31,186.11,0
2024-12-20 10:00:00,893.99,8.23,203.22,0
2024-12-20 11:00:00,935.44,5.49,281.17,0
2024-12-20 12:00:00,903.69,6.76,232.0,0
2024-12-20 13:00:00,851.12,9.65,280.17,0
2024-12-20 14:00:00,841.9,8.64,188.53,0
2024-12-20 15:00:00,824.07,9.63,194.55,0
2024-12-20 16:00:00,819.58,8.44,124.1,0
2024-12-20 17:00:00,716.24,8.13,74.92,0
2024-12-20 18:00:00,679.39,5.27,0.0,0
2024-12-20 19:00:00,693.04,5.39,0.0,0
2024-12-20 20:00:00,597.56,1.78,0.0,0
2024-12-20 21:00:00,544.23,4.91,0.0,0
2024-12-20 22:00:00,582.0,-0.14,0.0,0
2024-12-20 23:00:00,504.27,2.35,0.0,0
2024-12-21 00:00:00,480.11,-1.23,0.0,1
2024-12-21 01:00:00,476.83,-0.86,0.0,1
2024-12-21 02:00:00,476.66,-2.42,0.0,1
2024-12-21 03:00:00,563.52,-3.29,0.0,1
2024-12-21 04:00:00,618.76,-4.25,0.0,1
2024-12-21 05:00:00,606.2,-2.08,0.0,1
2024-12-21 06:00:00,624.54,0.42,0.0,1
2024-12-21 07:00:00,721.29,2.7,72.1,1
2024-12-21 08:00:00,702.15,5.59,146.99,1
2024-12-21 09:00:00,748.14,3.97,207.91,1
2024-12-21 10:00:00,804.27,4.3,258.73,1
2024-12-21 11:00:00,798.56,4.22,270.61,1
2024-12-21 12:00:00,738.79,8.86,238.83,1
2024-12-21 13:00:00,723.56,11.16,262.29,1
2024-12-21 14:00:00,728.18,11.1,233.09,1
2024-12-21 15:00:00,633.45,9.82,203.74,1
2024-12-21 16:00:00,641.06,9.17,124.1,1
2024-12-21 17:00:00,621.36,10.5,69.68,1
2024-12-21 18:00:00,559.89,6.73,0.0,1
2024-12-21 19:00:00,565.36,6.15,0.0,1
2024-12-21 20:00:00,546.12,2.93,0.0,1
2024-12-21 21:00:00,501.45,-0.45,0.0,1
2024-12-21 22:00:00,455.59,-0.3,0.0,1
2024-12-21 23:00:00,439.5,0.01,0.0,1
2024-12-22 00:00:00,513.64,-0.7,0.0,1
2024-12-22 01:00:00,468.39,2.53,0.0,1
2024-12-22 02:00:00,483.25,-1.33,0.0,1
2024-12-22 03:00:00,473.04,1.03,0.0,1
2024-12-22 04:00:00,559.87,-1.69,0.0,1
2024-12-22 05:00:00,600.86,-0.65,0.0,1
2024-12-22 06:00:00,625.44,-1.65,0.0,1
2024-12-22 07:00:00,686.49,0.73,64.98,1
2024-12-22 08:00:00,727.46,4.56,111.28,1
2024-12-22 09:00:00,688.29,4.81,156.97,1
2024-12-22 10:00:00,754.95,7.89,212.69,1
2024-12-22 11:00:00,793.52,7.4,255.57,1
2024-12-22 12:00:00,754.68,7.13,241.47,1
2024-12-22 13:00:00,749.22,12.63,223.52,1
2024-12-22 14:00:00,712.77,8.32,227.72,1
2024-12-22 15:00:00,685.83,10.66,181.82,1
2024-12-22 16:00:00,662.0,7.03,119.37,1
2024-12-22 17:00:00,599.48,8.46,57.23,1
2024-12-22 18:00:00,545.95,7.86,0.0,1
2024-12-22 19:00:00,553.53,5.22,0.0,1
2024-12-22 20:00:00,573.25,-1.2,0.0,1
2024-12-22 21:00:00,474.49,2.25,0.0,1
2024-12-22 22:00:00,398.13,3.47,0.0,1
2024-12-22 23:00:00,446.64,1.03,0.0,1
2024-12-23 00:00:00,570.45,0.01,0.0,0
2024-12-23 01:00:00,609.66,-4.83,0.0,0
2024-12-23 02:00:00,663.4,-2.99,0.0,0
2024-12-23 03:00:00,585.07,-0.56,0.0,0
2024-12-23 04:00:00,605.18,-0.06,0.0,0
2024-12-23 05:00:00,666.55,2.34,0.0,0
2024-12-23 06:00:00,771.18,0.66,0.0,0
2024-12-23 07:00:00,755.71,2.97,56.82,0
2024-12-23 08:00:00,800.67,3.48,143.29,0
2024-12-23 09:00:00,897.51,2.77,169.98,0
2024-12-23 10:00:00,930.4,1.44,212.24,0
2024-12-23 11:00:00,884.15,7.85,222.24,0
2024-12-23 12:00:00,898.27,8.13,250.36,0
2024-12-23 13:00:00,872.14,7.04,284.6,0
2024-12-23 14:00:00,871.63,5.21,204.79,0
2024-12-23 15:00:00,826.29,9.54,187.75,0
2024-12-23 16:00:00,753.91,7.25,135.59,0
2024-12-23 17:00:00,677.22,8.1,54.55,0
2024-12-23 18:00:00,652.41,9.68,0.0,0
2024-12-23 19:00:00,726.91,0.46,0.0,0
2024-12-23 20:00:00,645.9,2.05,0.0,0
2024-12-23 21:00:00,622.66,1.74,0.0,0
2024-12-23 22:00:00,497.81,3.86,0.0,0
2024-12-23 23:00:00,608.3,-3.36,0.0,0
2024-12-24 00:00:00,546.99,2.94,0.0,0
2024-12-24 01:00:00,544.68,-1.16,0.0,0
2024-12-24 02:00:00,626.33,-1.8,0.0,0
2024-12-24 03:00:00,634.11,-1.83,0.0,0
2024-12-24 04:00:00,754.87,-1.81,0.0,0
2024-12-24 05:00:00,634.26,1.95,0.0,0
2024-12-24 06:00:00,806.66,-1.24,0.0,0
2024-12-24 07:00:00,774.0,2.79,76.89,0
2024-12-24 08:00:00,793.31,2.63,134.91,0
2024-12-24 09:00:00,856.61,3.16,181.19,0
2024-12-24 10:00:00,829.48,11.07,259.69,0
2024-12-24 11:00:00,901.45,7.77,211.61,0
2024-12-24 12:00:00,913.54,8.95,274.24,0
2024-12-24 13:00:00,883.74,10.5,267.37,0
2024-12-24 14:00:00,853.56,5.55,195.87,0
2024-12-24 15:00:00,812.39,11.73,194.44,0
2024-12-24 16:00:00,842.72,2.71,120.41,0
2024-12-24 17:00:00,741.48,5.39,58.51,0
2024-12-24 18:00:00,704.94,4.98,0.0,0
2024-12-24 19:00:00,631.97,5.85,0.0,0
2024-12-24 20:00:00,622.61,3.83,0.0,0
2024-12-24 21:00:00,582.67,1.77,0.0,0
2024-12-24 22:00:00,552.4,0.87,0.0,0
2024-12-24 23:00:00,599.77,-2.1,0.0,0
2024-12-25 00:00:00,615.53,-3.98,0.0,0
2024-12-25 01:00:00,562.46,-0.03,0.0,0
2024-12-25 02:00:00,623.68,-0.27,0.0,0
2024-12-25 03:00:00,595.24,1.68,0.0,0
2024-12-25 04:00:00,678.1,-2.57,0.0,0
2024-12-25 05:00:00,712.81,1.19,0.0,0
2024-12-25 06:00:00,753.93,0.28,0.0,0
2024-12-25 07:00:00,769.58,4.43,62.52,0
2024-12-25 08:00:00,743.12,5.39,119.7,0
2024-12-25 09:00:00,851.24,5.06,159.36,0
2024-12-25 10:00:00,835.88,5.16,191.63,0
2024-12-25 11:00:00,834.65,8.8,228.54,0
2024-12-25 12:00:00,836.95,8.97,238.13,0
2024-12-25 13:00:00,859.08,6.8,284.85,0
2024-12-25 14:00:00,862.61,5.69,251.25,0
2024-12-25 15:00:00,813.3,7.6,160.42,0
2024-12-25 16:00:00,769.56,10.7,139.52,0
2024-12-25 17:00:00,725.61,9.17,69.36,0
2024-12-25 18:00:00,676.29,3.62,0.0,0
2024-12-25 19:00:00,687.3,2.3,0.0,0
2024-12-25 20:00:00,609.03,5.89,0.0,0
2024-12-25 21:00:00,612.59,-0.22,0.0,0
2024-12-25 22:00:00,566.65,1.86,0.0,0
2024-12-25 23:00:00,585.82,-1.42,0.0,0
2024-12-26 00:00:00,557.12,2.2,0.0,0
2024-12-26 01:00:00,558.19,-3.07,0.0,0
2024-12-26 02:00:00,574.86,0.58,0.0,0
2024-12-26 03:00:00,667.93,-1.16,0.0,0
2024-12-26 04:00:00,700.71,-0.53,0.0,0
2024-12-26 05:00:00,771.31,-4.18,0.0,0
2024-12-26 06:00:00,809.52,-3.61,0.0,0
2024-12-26 07:00:00,837.52,1.56,55.08,0
2024-12-26 08:00:00,870.05,3.79,139.55,0
2024-12-26 09:00:00,874.8,2.34,206.17,0
2024-12-26 10:00:00,872.78,3.62,239.31,0
2024-12-26 11:00:00,866.88,7.95,279.1,0
2024-12-26 12:00:00,949.9,8.75,284.73,0
2024-12-26 13:00:00,835.45,7.85,260.73,0
2024-12-26 14:00:00,822.88,9.86,227.54,0
2024-12-26 15:00:00,808.33,5.78,154.62,0
2024-12-26 16:00:00,793.98,6.91,141.2,0
2024-12-26 17:00:00,680.42,10.13,55.01,0
2024-12-26 18:00:00,697.96,5.93,0.0,0
2024-12-26 19:00:00,611.06,4.84,0.0,0
2024-12-26 20:00:00,596.36,7.91,0.0,0
2024-12-26 21:00:00,657.11,-0.8,0.0,0
2024-12-26 22:00:00,553.31,2.39,0.0,0
2024-12-26 23:00:00,532.55,3.09,0.0,0
2024-12-27 00:00:00,573.19,-1.73,0.0,0
2024-12-27 01:00:00,569.92,0.14,0.0,0
2024-12-27 02:00:00,622.96,-3.71,0.0,0
2024-12-27 03:00:00,667.29,-2.95,0.0,0
2024-12-27 04:00:00,693.91,-0.31,0.0,0
2024-12-27 05:00:00,674.75,1.31,0.0,0
2024-12-27 06:00:00,722.33,2.99,0.0,0
2024-12-27 07:00:00,783.33,5.1,75.89,0
2024-12-27 08:00:00,793.29,3.12,122.04,0
2024-12-27 09:00:00,782.82,6.93,196.37,0
2024-12-27 10:00:00,888.19,5.07,189.4,0
2024-12-27 11:00:00,879.68,8.59,280.22,0
2024-12-27 12:00:00,861.97,8.0,224.12,0
2024-12-27 13:00:00,848.99,8.97,282.08,0
2024-12-27 14:00:00,823.21,9.1,257.85,0
2024-12-27 15:00:00,831.02,4.87,197.17,0
2024-12-27 16:00:00,824.0,5.33,135.01,0
2024-12-27 17:00:00,712.32,6.99,63.05,0
2024-12-27 18:00:00,729.59,2.38,0.0,0
2024-12-27 19:00:00,623.52,6.21,0.0,0
2024-12-27 20:00:00,573.67,5.0,0.0,0
2024-12-27 21:00:00,614.21,2.61,0.0,0
2024-12-27 22:00:00,588.7,-1.49,0.0,0
2024-12-27 23:00:00,546.76,2.48,0.0,0
2024-12-28 00:00:00,372.74,2.96,0.0,1
2024-12-28 01:00:00,441.5,-1.32,0.0,1
2024-12-28 02:00:00,493.37,-0.77,0.0,1
2024-12-28 03:00:00,575.4,-1.21,0.0,1
2024-12-28 04:00:00,491.17,-0.06,0.0,1
2024-12-28 05:00:00,588.84,-0.56,0.0,1
2024-12-28 06:00:00,643.88,0.64,0.0,1
2024-12-28 07:00:00,639.07,3.73,56.62,1
2024-12-28 08:00:00,682.21,7.9,135.98,1
2024-12-28 09:00:00,742.7,1.71,154.11,1
2024-12-28 10:00:00,762.01,5.5,228.42,1
2024-12-28 11:00:00,776.27,4.39,234.65,1
2024-12-28 12:00:00,763.23,10.73,261.82,1
2024-12-28 13:00:00,747.62,6.87,252.6,1
2024-12-28 14:00:00,751.15,5.33,217.2,1
2024-12-28 15:00:00,711.89,9.32,189.48,1
2024-12-28 16:00:00,603.99,11.03,114.33,1
2024-12-28 17:00:00,612.74,8.07,62.89,1
2024-12-28 18:00:00,533.22,6.12,0.0,1
2024-12-28 19:00:00,507.8,5.32,0.0,1
2024-12-28 20:00:00,489.14,6.04,0.0,1
2024-12-28 21:00:00,472.12,0.17,0.0,1
2024-12-28 22:00:00,448.3,0.49,0.0,1
2024-12-28 23:00:00,471.43,-1.23,0.0,1
2024-12-29 00:00:00,460.43,-3.49,0.0,1
2024-12-29 01:00:00,490.5,-2.31,0.0,1
2024-12-29 02:00:00,468.28,0.39,0.0,1
2024-12-29 03:00:00,514.69,-0.52,0.0,1
2024-12-29 04:00:00,569.69,0.13,0.0,1
2024-12-29 05:00:00,596.91,-0.07,0.0,1
2024-12-29 06:00:00,661.26,1.72,0.0,1
2024-12-29 07:00:00,711.75,0.28,71.01,1
2024-12-29 08:00:00,701.35,2.56,143.0,1
2024-12-29 09:00:00,765.22,4.85,148.97,1
2024-12-29 10:00:00,757.5,6.23,236.25,1
2024-12-29 11:00:00,749.81,7.35,230.64,1
2024-12-29 12:00:00,774.68,7.23,279.16,1
2024-12-29 13:00:00,788.5,7.25,241.95,1
2024-12-29 14:00:00,679.68,14.49,229.7,1
2024-12-29 15:00:00,728.8,9.82,150.94,1
2024-12-29 16:00:00,683.85,8.33,130.52,1
2024-12-29 17:00:00,642.4,6.24,64.04,1
2024-12-29 18:00:00,566.62,4.77,0.0,1
2024-12-29 19:00:00,541.67,4.21,0.0,1
2024-12-29 20:00:00,504.19,3.76,0.0,1
2024-12-29 21:00:00,534.79,-1.88,0.0,1
2024-12-29 22:00:00,507.37,-2.46,0.0,1
2024-12-29 23:00:00,467.4,-1.63,0.0,1
2024-12-30 00:00:00,570.75,-0.77,0.0,0
2024-12-30 01:00:00,606.49,-2.17,0.0,0
2024-12-30 02:00:00,554.35,1.1,0.0,0
2024-12-30 03:00:00,707.5,-4.65,0.0,0
2024-12-30 04:00:00,635.73,-2.69,0.0,0
2024-12-30 05:00:00,718.16,2.65,0.0,0
2024-12-30 06:00:00,749.83,0.9,0.0,0
2024-12-30 07:00:00,800.66,3.62,54.98,0
2024-12-30 08:00:00,796.66,7.24,117.85,0
2024-12-30 09:00:00,879.59,3.05,181.52,0
2024-12-30 10:00:00,892.63,5.44,188.41,0
2024-12-30 11:00:00,912.09,6.13,239.76,0
2024-12-30 12:00:00,916.15,3.56,287.85,0
2024-12-30 13:00:00,905.55,7.35,242.18,0
2024-12-30 14:00:00,807.06,9.9,245.7,0
2024-12-30 15:00:00,810.76,9.05,163.29,0
2024-12-30 16:00:00,793.8,8.71,106.48,0
2024-12-30 17:00:00,777.38,5.93,69.24,0
2024-12-30 18:00:00,728.23,4.33,0.0,0
2024-12-30 19:00:00,628.66,6.97,0.0,0
2024-12-30 20:00:00,660.95,2.15,0.0,0
2024-12-30 21:00:00,577.49,2.44,0.0,0
2024-12-30 22:00:00,620.9,0.97,0.0,0
2024-12-30 23:00:00,539.4,2.53,0.0,0
2024-12-31 00:00:00,514.27,0.72,0.0,0
2024-12-31 01:00:00,580.03,-4.31,0.0,0
2024-12-31 02:00:00,630.52,-4.26,0.0,0
2024-12-31 03:00:00,627.68,-0.56,0.0,0
2024-12-31 04:00:00,722.71,-1.35,0.0,0
2024-12-31 05:00:00,695.62,-1.33,0.0,0
2024-12-31 06:00:00,734.56,2.64,0.0,0
2024-12-31 07:00:00,763.35,2.19,58.96,0
2024-12-31 08:00:00,815.52,3.22,128.53,0
2024-12-31 09:00:00,883.87,5.97,154.56,0
2024-12-31 10:00:00,856.18,4.86,214.98,0
2024-12-31 11:00:00,870.02,9.78,209.05,0
2024-12-31 12:00:00,911.17,5.87,211.57,0
2024-12-31 13:00:00,860.03,9.26,250.32,0
2024-12-31 14:00:00,836.4,10.98,215.76,0
2024-12-31 15:00:00,820.55,5.19,159.0,0
2024-12-31 16:00:00,833.86,6.76,140.03,0
2024-12-31 17:00:00,770.57,8.93,57.58,0
2024-12-31 18:00:00,681.92,7.93,0.0,0
2024-12-31 19:00:00,728.19,4.06,0.0,0
2024-12-31 20:00:00,633.6,1.64,0.0,0
2024-12-31 21:00:00,591.29,3.73,0.0,0
2024-12-31 22:00:00,592.8,2.98,0.0,0
2024-12-31 23:00:00,582.87,-2.75,0.0,0
